Student_ID,Department,Exam_Date,Exam_Duration,Login_Time,Logout_Time,Tab_Switch_Count,Mobile_Detected,Multiple_Face_Detected,Noise_Level,Eye_Movement_Score,Head_Movement_Score,Copy_Paste_Attempts,Browser_Minimized_Count,Suspicious_Key_Presses,Internet_Disconnection_Count,Answer_Similarity_Score,IP_Address_Changes,Webcam_Disabled_Count,Mic_Disabled_Count,Typing_Speed,Exam_Submission_Time,Malpractice_Label
STU00001,MECH,2026-01-18,90,14:05:00,15:03:00,2,1,0,25.77,51.84,49.71,0,0,5,1,44.83,0,1,0,44.43,15:01:00,1
STU00002,CIVIL,2026-01-18,120,09:04:00,10:21:00,1,0,0,16.42,30.8,12.18,0,1,2,1,6.77,0,0,0,25.18,10:20:00,0
STU00003,IT,2026-01-11,120,09:06:00,10:24:00,2,1,1,21.82,44.29,50.32,0,0,4,0,36.11,1,1,0,52.34,10:23:00,1
STU00004,ECE,2026-02-04,60,10:04:00,10:56:00,8,0,1,97.4,79.77,83.72,9,11,15,7,85.22,5,5,2,113.11,10:55:00,1
STU00005,DS,2026-01-21,120,10:07:00,11:09:00,1,0,1,10.59,21.35,6.31,0,1,0,0,15.47,0,0,0,43.22,11:07:00,0
STU00006,IT,2026-01-01,60,10:08:00,10:41:00,1,0,1,38.88,54.63,29.07,1,2,4,1,56.05,1,0,1,73.03,10:39:00,1
STU00007,EEE,2026-02-24,120,10:10:00,11:47:00,1,0,0,16.47,18.1,20.03,0,1,1,1,40.92,0,0,0,56.4,11:46:00,0
STU00008,ECE,2026-03-12,60,09:04:00,09:58:00,0,0,1,5.62,8.49,13.89,0,0,2,1,40.55,0,0,0,27.08,09:55:00,0
STU00009,MECH,2026-03-30,90,14:06:00,15:19:00,1,0,0,9.56,22.74,17.8,0,0,2,1,40.5,0,0,0,45.87,15:18:00,0
STU00010,DS,2026-01-25,90,14:04:00,15:20:00,1,0,0,31.87,38.48,36.46,0,0,4,0,59.72,1,1,1,46.98,15:18:00,1
STU00011,IT,2026-02-16,60,14:06:00,15:09:00,1,0,1,20.99,15.47,13.31,0,1,1,1,8.36,0,0,0,49.29,15:06:00,0
STU00012,EEE,2026-01-07,120,09:09:00,09:51:00,3,0,0,36.57,46.5,27.22,1,2,3,1,53.17,0,0,1,21.68,09:48:00,1
STU00013,CSE,2026-01-22,120,09:01:00,10:16:00,2,0,1,25.64,52.98,42.23,1,0,5,0,36.1,1,1,1,57.08,10:15:00,1
STU00014,IT,2026-02-13,90,14:08:00,15:03:00,3,0,0,31.13,44.07,35.43,0,1,4,2,48.55,1,0,1,72.69,15:02:00,1
STU00015,IT,2026-01-22,60,10:03:00,10:52:00,0,0,0,21.0,10.7,17.86,0,1,2,1,43.41,0,0,0,52.24,10:51:00,0
STU00016,ECE,2026-02-12,60,09:02:00,09:53:00,2,0,0,46.53,26.41,42.94,1,0,3,0,49.75,0,1,1,80.88,09:50:00,1
STU00017,MECH,2026-01-13,120,10:08:00,11:39:00,1,0,1,28.99,8.55,8.2,0,1,2,1,26.34,0,0,0,63.22,11:38:00,0
STU00018,AIML,2026-01-25,120,14:08:00,14:41:00,0,0,0,7.42,24.11,19.23,0,1,2,0,16.49,0,0,0,28.14,14:41:00,0
STU00019,CSE,2026-01-26,90,09:03:00,10:15:00,3,1,1,50.83,77.56,69.81,3,3,9,4,83.68,0,0,0,20.99,10:12:00,1
STU00020,CSE,2026-01-24,60,14:06:00,14:54:00,0,0,0,22.14,28.02,10.34,0,1,0,0,31.48,0,0,0,58.22,14:53:00,0
STU00021,ECE,2026-01-02,60,09:04:00,10:05:00,3,1,1,29.4,26.14,43.82,1,2,3,2,37.12,1,1,0,21.38,10:03:00,1
STU00022,MECH,2026-03-24,60,09:08:00,09:45:00,3,0,0,39.75,51.62,49.29,1,2,5,1,61.27,0,0,0,57.62,09:44:00,1
STU00023,DS,2026-01-20,120,10:10:00,11:04:00,6,0,0,51.97,70.08,51.47,3,4,10,4,64.21,2,0,0,49.09,11:02:00,1
STU00024,ECE,2026-03-13,120,10:02:00,11:14:00,1,1,1,9.16,26.06,34.45,0,1,2,1,31.14,0,0,0,50.32,11:12:00,1
STU00025,IT,2026-02-25,90,09:10:00,10:33:00,0,0,0,14.5,28.29,28.61,0,0,0,0,44.66,0,0,0,66.88,10:33:00,0
STU00026,AIML,2026-01-20,120,10:03:00,11:52:00,1,0,1,12.78,27.48,27.91,0,1,2,0,32.23,0,0,0,58.55,11:49:00,0
STU00027,ECE,2026-03-22,90,09:03:00,09:54:00,1,0,0,43.91,44.52,28.91,1,1,1,0,63.13,1,0,0,40.69,09:52:00,0
STU00028,ECE,2026-01-15,60,10:06:00,10:42:00,1,0,0,5.12,25.23,20.05,0,0,1,1,23.37,0,0,0,64.34,10:39:00,0
STU00029,AIML,2026-02-20,90,09:07:00,10:20:00,3,1,1,42.56,50.21,72.8,3,5,7,1,70.12,0,1,1,91.15,10:17:00,1
STU00030,ECE,2026-03-11,120,10:10:00,11:41:00,0,0,0,10.67,19.99,19.03,0,1,2,1,28.92,0,0,0,26.04,11:39:00,0
STU00031,CSE,2026-01-22,60,09:00:00,09:46:00,1,1,0,18.28,29.97,21.25,0,0,0,0,21.8,0,0,0,59.27,09:44:00,0
STU00032,IT,2026-01-06,120,09:10:00,11:06:00,0,0,0,21.98,18.62,15.56,0,1,2,1,15.36,0,0,0,31.96,11:05:00,0
STU00033,DS,2026-03-27,90,14:05:00,15:24:00,1,0,0,13.01,17.79,30.94,0,1,2,1,22.18,0,0,0,29.83,15:21:00,0
STU00034,EEE,2026-03-03,60,10:06:00,10:49:00,0,1,0,18.73,14.65,10.97,0,1,2,0,35.52,0,0,0,32.71,10:48:00,0
STU00035,AIML,2026-04-01,120,14:03:00,15:28:00,7,0,1,66.17,51.61,73.15,3,4,4,1,65.88,2,0,0,53.83,15:27:00,1
STU00036,EEE,2026-01-24,120,09:01:00,10:21:00,0,0,1,25.93,8.91,32.66,0,0,2,0,34.18,0,0,0,48.53,10:21:00,0
STU00037,CIVIL,2026-01-14,90,14:01:00,14:48:00,3,0,0,44.1,54.24,42.47,0,1,2,1,46.99,0,1,0,32.26,14:46:00,1
STU00038,EEE,2026-03-21,120,09:02:00,09:52:00,3,0,0,29.82,54.37,44.15,0,2,1,0,57.63,1,0,1,82.04,09:49:00,1
STU00039,CIVIL,2026-02-26,120,14:06:00,15:46:00,0,0,0,13.57,24.7,28.03,0,0,1,0,31.37,0,0,0,27.41,15:44:00,0
STU00040,AIML,2026-02-02,90,14:06:00,15:08:00,0,0,0,13.92,31.55,26.16,0,1,2,1,33.12,0,0,0,50.14,15:05:00,0
STU00041,ECE,2026-03-29,60,14:10:00,14:41:00,0,0,0,26.18,18.32,29.09,0,1,1,1,11.37,0,0,0,65.54,14:41:00,0
STU00042,MECH,2026-02-01,120,10:08:00,11:10:00,3,0,0,36.1,36.64,38.83,1,1,3,0,40.98,1,0,0,66.76,11:08:00,1
STU00043,EEE,2026-03-16,90,14:10:00,15:40:00,1,0,1,20.0,6.68,15.04,0,1,1,1,42.19,0,0,0,41.8,15:39:00,0
STU00044,CIVIL,2026-01-01,90,14:08:00,15:19:00,1,0,0,13.5,7.73,30.64,0,1,0,0,26.82,0,0,0,59.39,15:18:00,0
STU00045,MECH,2026-03-17,90,09:02:00,10:14:00,3,0,0,28.81,36.27,39.25,1,0,5,1,51.99,0,1,0,79.62,10:12:00,1
STU00046,AIML,2026-03-16,90,09:04:00,09:49:00,0,0,1,21.32,30.68,19.39,0,1,2,0,6.22,0,0,0,66.69,09:46:00,0
STU00047,CIVIL,2026-01-10,120,10:06:00,10:46:00,0,0,0,26.7,30.03,5.24,0,0,0,0,13.18,0,0,0,35.98,10:43:00,0
STU00048,DS,2026-03-02,120,09:04:00,10:00:00,3,0,0,37.27,43.91,31.12,1,0,3,0,61.13,1,1,0,71.89,09:57:00,1
STU00049,AIML,2026-03-25,60,09:02:00,09:58:00,0,0,0,6.17,7.02,15.58,0,1,0,0,42.99,0,0,0,55.6,09:57:00,0
STU00050,CSE,2026-01-09,120,10:08:00,11:25:00,3,1,0,53.25,61.07,75.81,3,4,6,4,60.37,2,0,1,31.17,11:23:00,1
STU00051,CSE,2026-01-01,60,14:04:00,14:59:00,1,0,0,9.25,15.34,19.85,0,1,0,1,7.1,0,0,0,38.74,14:57:00,0
STU00052,EEE,2026-02-10,120,14:00:00,14:48:00,0,0,0,13.84,5.55,13.97,0,1,2,1,29.99,0,0,0,45.16,14:46:00,0
STU00053,EEE,2026-03-17,60,14:06:00,15:01:00,1,1,0,15.36,32.99,18.52,0,0,1,1,31.94,0,0,0,38.52,15:01:00,0
STU00054,DS,2026-02-22,120,09:01:00,10:59:00,0,0,0,29.06,15.89,8.23,0,0,2,0,43.23,0,0,0,28.48,10:56:00,0
STU00055,DS,2026-01-15,60,10:03:00,10:48:00,0,1,0,26.24,10.9,28.89,0,0,1,1,43.36,0,0,0,39.67,10:47:00,0
STU00056,IT,2026-04-01,60,09:04:00,09:42:00,2,0,0,32.11,39.33,38.05,1,0,3,0,51.96,1,1,0,49.44,09:39:00,1
STU00057,AIML,2026-01-17,60,10:04:00,11:01:00,0,0,0,7.79,29.29,6.74,0,1,1,0,35.64,0,0,0,29.48,11:00:00,0
STU00058,CSE,2026-03-19,90,10:05:00,11:10:00,1,1,1,25.55,33.61,11.52,0,0,2,0,7.85,0,0,0,52.6,11:08:00,0
STU00059,DS,2026-03-30,60,10:07:00,11:05:00,3,0,0,31.05,41.04,42.13,1,1,4,1,64.41,0,1,1,17.88,11:05:00,1
STU00060,IT,2026-03-01,120,09:02:00,11:00:00,1,1,0,22.14,48.15,46.25,0,2,2,2,41.4,1,0,0,51.16,10:57:00,1
STU00061,IT,2026-03-31,90,09:01:00,10:27:00,3,0,1,22.81,30.7,48.27,0,0,5,0,37.32,0,0,0,20.15,10:24:00,1
STU00062,DS,2026-01-26,90,14:07:00,15:16:00,16,1,0,90.22,94.32,80.01,8,6,24,4,86.02,5,5,2,124.56,15:14:00,1
STU00063,CIVIL,2026-03-23,60,10:02:00,11:01:00,2,0,0,34.73,28.46,43.3,1,1,4,0,43.92,1,0,0,19.62,11:01:00,1
STU00064,MECH,2026-01-27,60,09:03:00,09:38:00,6,1,1,42.05,71.22,69.75,3,4,5,1,81.68,1,0,1,32.69,09:36:00,1
STU00065,AIML,2026-03-06,90,14:01:00,15:05:00,1,0,1,22.19,8.11,17.3,0,1,2,0,34.09,0,0,0,39.99,15:05:00,0
STU00066,EEE,2026-02-01,90,14:01:00,15:00:00,0,0,0,11.58,8.43,25.99,0,1,1,1,39.44,0,0,0,48.94,14:58:00,0
STU00067,ECE,2026-03-03,90,14:04:00,15:23:00,0,1,1,7.93,18.93,14.8,0,0,2,0,5.69,0,0,0,48.9,15:21:00,0
STU00068,IT,2026-03-27,120,10:02:00,10:59:00,1,0,0,25.48,30.94,18.83,0,1,1,0,27.71,0,0,0,31.87,10:58:00,0
STU00069,MECH,2026-03-08,90,14:09:00,14:46:00,1,0,0,23.92,15.3,15.98,0,0,2,0,32.37,0,0,0,26.5,14:44:00,0
STU00070,EEE,2026-03-24,120,09:05:00,10:04:00,1,1,0,44.81,51.07,46.76,1,1,1,0,50.43,1,1,1,43.42,10:04:00,1
STU00071,EEE,2026-01-30,90,14:06:00,14:47:00,7,1,1,88.42,97.94,83.46,9,4,22,5,80.19,3,4,1,96.83,14:47:00,1
STU00072,IT,2026-02-05,120,14:07:00,16:04:00,2,1,1,38.14,42.91,30.47,0,0,1,0,64.58,0,0,1,37.17,16:02:00,1
STU00073,IT,2026-03-31,60,10:03:00,10:34:00,3,0,0,33.55,46.35,38.56,1,2,4,0,59.26,1,0,0,24.32,10:33:00,1
STU00074,AIML,2026-03-11,60,10:01:00,10:58:00,13,1,1,70.68,76.02,90.13,10,4,11,2,90.36,2,2,4,46.88,10:55:00,1
STU00075,ECE,2026-03-11,60,14:01:00,14:37:00,7,1,1,71.77,75.87,63.44,4,5,8,3,71.89,2,1,1,64.0,14:35:00,1
STU00076,AIML,2026-01-21,120,09:06:00,11:08:00,3,1,1,42.34,54.1,71.36,4,5,8,1,69.98,0,0,2,13.88,11:05:00,1
STU00077,AIML,2026-02-25,60,14:01:00,14:43:00,5,0,1,49.83,62.19,65.75,1,4,9,1,69.09,2,2,0,10.52,14:43:00,1
STU00078,EEE,2026-01-06,60,09:08:00,09:53:00,1,0,0,16.02,32.77,19.49,0,1,1,1,26.09,0,0,0,45.61,09:52:00,0
STU00079,CIVIL,2026-02-09,90,10:01:00,10:39:00,1,0,0,12.7,13.15,30.31,0,1,0,1,7.22,0,0,0,39.48,10:38:00,0
STU00080,EEE,2026-04-01,90,14:05:00,15:11:00,0,1,1,29.04,25.4,10.91,0,1,0,1,35.24,0,0,0,27.95,15:08:00,1
STU00081,AIML,2026-03-06,60,14:00:00,14:46:00,1,1,0,27.87,26.7,24.68,0,0,2,0,12.42,0,0,0,39.84,14:46:00,0
STU00082,ECE,2026-03-10,60,14:02:00,14:58:00,0,0,0,7.1,14.96,13.28,0,0,1,1,20.87,0,0,0,60.49,14:57:00,0
STU00083,CSE,2026-03-15,120,14:08:00,15:27:00,1,1,0,33.81,35.66,27.78,1,2,2,1,63.04,0,0,0,80.91,15:24:00,1
STU00084,MECH,2026-03-02,120,14:09:00,15:40:00,3,1,0,38.76,32.98,42.91,0,1,5,2,40.82,1,1,0,60.25,15:38:00,1
STU00085,CIVIL,2026-02-01,90,10:01:00,11:12:00,1,0,1,24.43,19.44,27.93,0,1,0,0,15.89,0,0,0,32.79,11:09:00,0
STU00086,MECH,2026-03-19,90,09:03:00,09:55:00,5,1,0,49.89,62.06,72.44,3,5,5,4,64.87,1,0,0,9.41,09:53:00,1
STU00087,CSE,2026-03-21,90,14:02:00,14:51:00,0,0,0,16.63,33.81,14.71,0,1,0,1,19.34,0,0,0,27.67,14:48:00,0
STU00088,ECE,2026-02-18,120,14:07:00,15:41:00,2,0,0,39.44,43.36,38.39,0,1,3,2,46.5,1,1,0,17.45,15:40:00,1
STU00089,DS,2026-03-26,90,10:03:00,11:16:00,0,0,0,19.84,14.81,11.57,0,1,0,0,27.31,0,0,0,26.54,11:13:00,0
STU00090,CIVIL,2026-02-24,120,10:04:00,11:49:00,0,0,1,16.27,30.55,10.51,0,1,1,0,28.03,0,0,0,49.91,11:49:00,0
STU00091,IT,2026-02-21,60,10:05:00,10:44:00,1,1,0,32.39,44.19,26.22,0,2,3,1,58.58,0,1,1,27.19,10:44:00,1
STU00092,DS,2026-03-10,90,09:05:00,09:51:00,1,0,0,40.28,33.79,48.42,0,0,4,2,45.85,1,1,0,76.7,09:49:00,1
STU00093,EEE,2026-01-10,90,14:06:00,14:46:00,0,0,0,17.29,13.24,16.54,0,1,2,1,36.33,0,0,0,51.3,14:46:00,0
STU00094,AIML,2026-01-24,90,14:05:00,15:14:00,1,0,0,44.49,54.14,38.17,0,0,1,2,45.86,0,0,0,72.8,15:12:00,0
STU00095,DS,2026-03-31,60,14:02:00,14:37:00,11,1,1,92.14,84.05,83.94,8,10,16,4,97.12,5,2,1,59.23,14:35:00,1
STU00096,IT,2026-01-27,60,09:02:00,09:46:00,13,1,1,73.89,85.8,83.98,8,12,16,3,98.48,5,1,1,88.98,09:46:00,1
STU00097,EEE,2026-02-02,60,14:03:00,14:45:00,2,1,0,35.39,51.99,29.2,0,0,1,2,54.08,1,1,0,63.9,14:44:00,1
STU00098,ECE,2026-01-29,120,10:07:00,11:35:00,2,0,0,43.85,53.04,44.34,1,1,5,2,55.44,0,0,1,42.39,11:35:00,1
STU00099,DS,2026-02-21,90,09:02:00,09:58:00,0,0,0,24.57,15.97,31.67,0,1,2,0,27.51,0,0,0,62.57,09:58:00,0
STU00100,CIVIL,2026-02-05,90,09:04:00,10:09:00,1,0,0,9.17,20.02,17.85,0,0,1,0,31.49,0,0,0,36.37,10:08:00,0
STU00101,CSE,2026-01-11,90,09:03:00,10:03:00,0,0,1,20.55,17.43,30.37,0,1,2,0,8.75,0,0,0,35.19,10:02:00,0
STU00102,IT,2026-01-24,120,14:04:00,15:50:00,1,0,0,7.57,26.75,11.05,0,0,2,1,34.19,0,0,0,30.05,15:48:00,0
STU00103,CSE,2026-02-17,120,09:00:00,09:58:00,3,0,0,23.9,52.55,40.27,0,1,4,1,53.41,1,0,1,40.16,09:58:00,1
STU00104,CSE,2026-02-26,60,10:03:00,10:59:00,3,0,1,33.7,42.08,25.54,1,0,4,0,41.21,1,0,0,73.25,10:58:00,1
STU00105,IT,2026-02-05,60,14:08:00,14:41:00,1,1,0,11.86,7.0,6.72,0,0,0,1,24.93,0,0,0,42.07,14:40:00,0
STU00106,CIVIL,2026-01-17,60,14:09:00,15:07:00,1,1,0,13.84,25.7,16.47,0,1,0,0,39.03,0,0,0,52.27,15:04:00,0
STU00107,AIML,2026-03-14,90,10:09:00,11:35:00,1,0,0,15.39,23.97,25.57,0,0,2,0,38.78,0,0,0,25.05,11:35:00,0
STU00108,EEE,2026-02-15,90,09:08:00,10:00:00,6,0,1,40.39,61.1,52.96,2,5,5,3,83.71,0,1,0,81.14,09:58:00,1
STU00109,ECE,2026-03-06,60,14:03:00,14:41:00,3,1,1,54.09,55.32,56.33,4,3,7,2,75.42,1,2,0,19.69,14:40:00,1
STU00110,MECH,2026-03-26,90,10:06:00,11:30:00,1,0,0,17.44,19.08,23.16,0,1,0,0,22.72,0,0,0,46.98,11:29:00,0
STU00111,EEE,2026-03-19,90,14:03:00,15:16:00,3,0,0,24.6,46.76,26.18,0,0,1,1,58.58,0,1,0,53.21,15:14:00,0
STU00112,MECH,2026-01-18,120,09:09:00,10:36:00,18,0,1,69.28,83.65,81.75,5,11,19,6,91.3,1,3,2,38.62,10:33:00,1
STU00113,EEE,2026-03-19,60,10:09:00,10:45:00,1,0,0,24.09,7.1,28.39,0,0,2,1,34.24,0,0,0,66.82,10:45:00,0
STU00114,CSE,2026-02-05,90,14:00:00,14:37:00,17,0,1,75.39,79.38,94.91,6,7,18,5,89.59,3,2,5,84.23,14:35:00,1
STU00115,DS,2026-03-30,60,10:07:00,11:08:00,1,0,0,18.39,15.73,12.04,0,1,1,0,6.6,0,0,0,59.43,11:07:00,0
STU00116,AIML,2026-03-30,90,14:09:00,14:42:00,1,1,0,17.26,8.76,26.72,0,1,0,0,11.34,0,0,0,36.75,14:40:00,0
STU00117,CIVIL,2026-02-22,90,10:00:00,11:06:00,0,0,0,15.55,29.91,34.41,0,0,0,0,10.15,0,0,0,26.0,11:03:00,0
STU00118,AIML,2026-03-29,60,14:03:00,15:00:00,0,0,1,14.74,22.91,25.79,0,0,0,1,25.64,0,0,0,46.77,14:57:00,0
STU00119,MECH,2026-03-04,60,10:03:00,10:42:00,0,1,0,12.73,7.47,26.06,0,0,1,0,18.72,0,0,0,54.55,10:41:00,0
STU00120,CIVIL,2026-02-20,60,14:04:00,14:43:00,7,1,1,55.96,76.91,54.67,2,5,5,4,63.98,0,0,0,101.54,14:42:00,1
STU00121,AIML,2026-02-04,60,14:02:00,14:34:00,1,0,0,45.59,43.98,36.86,1,1,2,1,64.8,0,0,1,32.02,14:34:00,1
STU00122,EEE,2026-02-20,90,14:00:00,14:45:00,1,0,1,22.03,26.55,22.04,0,0,1,1,21.22,0,0,0,59.11,14:45:00,0
STU00123,MECH,2026-03-22,90,14:01:00,14:36:00,0,1,0,16.85,20.05,14.87,0,1,1,0,18.01,0,0,0,29.0,14:34:00,0
STU00124,DS,2026-01-08,120,09:04:00,09:41:00,2,0,1,40.43,36.29,27.38,0,1,5,0,50.03,1,0,1,78.77,09:41:00,1
STU00125,AIML,2026-03-10,90,14:09:00,15:35:00,0,0,1,15.39,10.15,6.27,0,0,0,0,32.27,0,0,0,59.21,15:35:00,0
STU00126,IT,2026-02-24,60,14:02:00,14:46:00,2,0,0,39.92,56.38,51.56,0,1,5,1,41.83,0,0,1,36.68,14:45:00,1
STU00127,DS,2026-02-02,90,10:06:00,11:30:00,1,1,1,27.42,32.74,15.9,0,1,2,1,18.63,0,0,0,59.42,11:29:00,1
STU00128,AIML,2026-03-24,60,10:00:00,10:50:00,18,1,1,96.64,94.42,97.7,4,5,25,7,87.75,5,5,3,119.9,10:50:00,1
STU00129,DS,2026-01-06,60,10:09:00,11:01:00,0,0,0,21.71,25.04,29.17,0,0,0,0,36.73,0,0,0,62.71,10:58:00,0
STU00130,IT,2026-04-01,120,14:08:00,14:42:00,2,1,0,33.82,50.03,40.99,0,2,2,1,35.86,1,0,0,62.02,14:41:00,1
STU00131,MECH,2026-01-29,120,09:01:00,10:25:00,0,0,1,21.05,33.12,31.89,0,1,1,1,38.08,0,0,0,60.94,10:23:00,0
STU00132,ECE,2026-03-12,120,14:01:00,14:38:00,1,1,0,23.05,11.95,21.05,0,0,0,1,31.86,0,0,0,58.91,14:36:00,0
STU00133,DS,2026-03-07,90,14:00:00,15:26:00,1,0,0,28.52,30.53,20.31,0,0,2,0,10.32,0,0,0,41.34,15:23:00,0
STU00134,AIML,2026-02-04,90,10:04:00,11:25:00,6,1,0,44.26,51.67,66.42,3,4,9,2,66.48,0,1,0,16.83,11:22:00,1
STU00135,DS,2026-03-09,90,14:03:00,14:59:00,1,0,1,20.79,9.14,17.47,0,0,2,1,24.39,0,0,0,38.69,14:56:00,0
STU00136,EEE,2026-03-31,60,14:04:00,15:04:00,1,1,0,23.33,11.69,10.74,0,1,2,1,44.2,0,0,0,64.88,15:01:00,0
STU00137,ECE,2026-01-27,60,14:05:00,14:41:00,1,1,0,7.59,11.35,19.78,0,0,1,0,40.86,0,0,0,55.16,14:40:00,0
STU00138,IT,2026-03-06,90,14:04:00,15:14:00,0,1,1,26.68,34.26,8.68,0,0,1,1,23.73,0,0,0,50.49,15:12:00,0
STU00139,ECE,2026-02-13,90,09:01:00,09:51:00,1,0,0,25.07,24.37,20.68,0,1,0,1,18.86,0,0,0,54.52,09:51:00,0
STU00140,AIML,2026-03-02,90,09:07:00,10:08:00,2,0,0,28.11,44.6,31.94,1,2,1,0,41.12,1,0,1,38.98,10:05:00,1
STU00141,DS,2026-02-16,60,10:01:00,11:00:00,0,0,0,29.62,17.6,16.91,0,0,1,0,18.36,0,0,0,53.8,10:59:00,0
STU00142,IT,2026-03-10,60,14:03:00,14:39:00,0,0,0,18.82,28.32,32.08,0,1,1,1,20.76,0,0,0,27.28,14:39:00,0
STU00143,CIVIL,2026-01-08,90,10:04:00,10:51:00,3,0,0,31.6,30.57,36.56,0,0,3,1,64.78,0,1,0,48.57,10:50:00,1
STU00144,DS,2026-03-29,120,10:06:00,10:44:00,1,0,1,21.56,17.64,24.33,0,1,2,1,39.42,0,0,0,68.82,10:42:00,0
STU00145,MECH,2026-03-09,60,10:01:00,10:39:00,0,0,0,7.26,33.38,24.24,0,0,2,0,40.91,0,0,0,52.2,10:36:00,0
STU00146,CIVIL,2026-03-10,90,09:01:00,09:32:00,0,1,0,23.75,22.75,16.58,0,0,2,0,20.55,0,0,0,28.27,09:32:00,0
STU00147,IT,2026-01-23,60,14:05:00,14:38:00,0,0,0,8.28,6.11,27.89,0,1,2,0,26.54,0,0,0,25.61,14:37:00,0
STU00148,ECE,2026-01-04,90,10:02:00,10:47:00,1,0,0,8.35,22.84,14.84,0,0,2,1,25.85,0,0,0,51.77,10:45:00,0
STU00149,DS,2026-02-11,60,09:01:00,10:00:00,1,0,0,38.63,32.49,50.14,1,1,2,1,47.01,1,1,0,83.34,09:59:00,1
STU00150,EEE,2026-01-22,90,14:01:00,14:47:00,4,1,1,44.27,55.76,52.54,4,3,6,1,76.92,1,2,1,105.58,14:45:00,1
STU00151,AIML,2026-01-05,60,09:06:00,09:41:00,3,0,0,28.1,49.93,25.89,1,2,3,0,35.56,1,1,0,63.6,09:38:00,1
STU00152,MECH,2026-01-24,120,09:03:00,10:57:00,3,0,0,37.23,40.2,42.61,1,0,3,1,45.94,1,0,1,24.67,10:56:00,1
STU00153,DS,2026-03-05,60,14:06:00,14:50:00,12,1,1,91.19,77.87,81.54,3,7,17,8,98.6,1,2,5,32.69,14:48:00,1
STU00154,EEE,2026-01-16,60,10:08:00,11:05:00,0,0,0,11.19,8.11,19.0,0,1,1,0,19.26,0,0,0,63.73,11:03:00,0
STU00155,MECH,2026-02-22,120,14:10:00,15:14:00,0,0,0,16.56,25.28,24.01,0,1,0,1,16.5,0,0,0,57.62,15:14:00,0
STU00156,MECH,2026-02-28,90,14:00:00,14:54:00,1,0,0,8.58,26.78,19.57,0,1,1,1,21.41,0,0,0,67.92,14:52:00,0
STU00157,CIVIL,2026-02-23,120,14:09:00,15:56:00,0,0,1,6.04,13.83,12.6,0,0,1,1,10.8,0,0,0,58.13,15:55:00,0
STU00158,DS,2026-01-27,60,10:01:00,10:53:00,2,0,0,30.28,40.94,44.14,1,2,5,1,44.3,1,1,0,35.55,10:51:00,1
STU00159,AIML,2026-02-04,90,09:02:00,10:07:00,0,1,0,13.53,13.38,30.46,0,0,2,0,33.83,0,0,0,38.88,10:06:00,0
STU00160,AIML,2026-02-16,120,10:01:00,10:56:00,1,0,0,20.04,12.46,34.12,0,1,0,1,43.32,0,0,0,27.55,10:55:00,0
STU00161,IT,2026-03-01,90,14:09:00,15:41:00,1,0,0,20.17,11.26,23.09,0,1,0,0,35.85,0,0,0,51.04,15:38:00,0
STU00162,IT,2026-02-07,120,10:08:00,11:31:00,1,0,0,16.93,17.3,22.84,0,1,1,1,24.26,0,0,0,25.41,11:28:00,0
STU00163,MECH,2026-03-20,120,09:05:00,10:44:00,16,1,1,80.5,78.99,93.73,4,4,18,7,86.82,5,3,5,10.08,10:42:00,1
STU00164,MECH,2026-01-05,60,14:08:00,15:09:00,0,1,0,5.83,31.56,14.22,0,1,0,0,8.84,0,0,0,52.72,15:06:00,0
STU00165,EEE,2026-02-14,60,14:03:00,14:53:00,1,0,0,20.26,30.1,50.76,1,2,4,2,61.15,1,1,0,40.76,14:50:00,1
STU00166,CSE,2026-01-24,120,09:02:00,10:40:00,0,0,0,13.08,24.07,14.92,0,1,0,0,36.83,0,0,0,50.19,10:38:00,0
STU00167,CSE,2026-03-19,60,14:01:00,15:00:00,4,1,0,46.02,62.25,54.29,4,5,5,4,69.78,2,1,0,36.13,15:00:00,1
STU00168,DS,2026-02-05,120,14:08:00,15:21:00,4,1,1,64.9,70.21,60.63,3,3,6,1,70.71,2,0,2,60.96,15:19:00,1
STU00169,CSE,2026-02-23,60,09:04:00,09:38:00,1,0,0,27.9,19.5,10.16,0,0,1,0,25.96,0,0,0,66.17,09:35:00,0
STU00170,ECE,2026-02-01,90,10:03:00,10:50:00,1,0,0,22.55,30.36,5.65,0,0,2,1,22.91,0,0,0,42.37,10:50:00,0
STU00171,AIML,2026-03-03,90,14:07:00,14:40:00,1,0,1,23.32,15.24,12.81,0,0,2,1,24.18,0,0,0,60.88,14:37:00,0
STU00172,DS,2026-03-10,90,09:02:00,10:29:00,3,0,1,27.12,41.86,32.72,1,1,4,0,58.31,1,0,0,76.34,10:29:00,1
STU00173,MECH,2026-02-11,120,14:01:00,15:56:00,0,0,0,23.35,23.17,9.43,0,1,1,0,9.08,0,0,0,44.59,15:55:00,0
STU00174,ECE,2026-03-31,120,09:09:00,11:05:00,2,0,0,27.71,49.37,30.17,1,1,2,0,58.44,1,0,0,51.91,11:03:00,1
STU00175,CIVIL,2026-01-08,120,14:04:00,15:34:00,0,0,0,15.95,34.03,15.98,0,1,2,1,10.97,0,0,0,57.76,15:32:00,0
STU00176,CIVIL,2026-01-29,60,09:02:00,09:36:00,2,0,0,31.6,29.22,29.9,0,2,1,2,64.57,0,1,1,76.91,09:35:00,1
STU00177,AIML,2026-03-06,120,14:02:00,15:01:00,0,1,0,25.02,28.9,19.86,0,1,1,1,30.5,0,0,0,46.15,14:59:00,0
STU00178,EEE,2026-01-10,90,09:01:00,10:22:00,0,0,0,24.73,24.86,23.13,0,0,0,0,41.99,0,0,0,39.65,10:19:00,0
STU00179,AIML,2026-01-12,90,14:07:00,15:02:00,3,0,0,31.04,31.22,25.38,0,1,3,1,46.6,0,1,1,68.06,15:00:00,1
STU00180,MECH,2026-03-27,120,10:03:00,11:05:00,6,1,1,64.69,56.35,62.09,2,4,5,4,79.09,1,0,2,34.27,11:05:00,1
STU00181,EEE,2026-03-01,90,14:09:00,15:15:00,2,0,0,33.76,27.48,40.96,1,0,5,2,43.93,1,1,1,75.56,15:12:00,1
STU00182,EEE,2026-01-27,120,09:02:00,10:09:00,7,1,0,90.76,76.26,86.18,4,9,21,7,80.76,2,1,5,50.09,10:09:00,1
STU00183,DS,2026-03-06,120,10:08:00,11:11:00,7,0,1,53.75,63.77,50.28,3,5,5,2,76.27,0,2,1,43.74,11:09:00,1
STU00184,AIML,2026-02-27,60,10:03:00,11:00:00,0,0,0,20.6,10.24,5.03,0,1,1,1,40.62,0,0,0,61.49,10:57:00,0
STU00185,DS,2026-02-17,60,14:03:00,15:02:00,1,0,0,22.8,52.92,44.03,0,2,2,2,60.53,1,1,0,34.37,15:00:00,1
STU00186,AIML,2026-02-14,60,09:03:00,09:48:00,1,0,1,20.19,33.78,54.89,0,1,5,1,64.96,1,1,0,55.07,09:45:00,1
STU00187,CSE,2026-01-01,120,10:04:00,11:21:00,3,0,0,38.87,56.26,45.71,0,0,5,1,42.62,1,1,0,28.54,11:19:00,1
STU00188,IT,2026-01-28,60,09:00:00,10:02:00,1,0,0,5.57,24.32,22.53,0,0,1,1,14.51,0,0,0,64.75,09:59:00,0
STU00189,CSE,2026-01-02,90,09:04:00,10:02:00,6,1,1,40.15,70.39,74.55,2,4,4,4,67.53,2,0,0,109.53,09:59:00,1
STU00190,EEE,2026-01-23,60,10:01:00,10:42:00,1,1,1,6.92,5.15,27.61,0,0,2,0,43.03,0,0,0,37.21,10:42:00,0
STU00191,CSE,2026-03-06,120,09:00:00,10:00:00,1,0,0,22.83,25.68,27.37,0,0,1,0,16.3,0,0,0,28.49,09:57:00,0
STU00192,IT,2026-02-02,60,14:04:00,14:49:00,1,0,0,7.07,6.82,10.32,0,0,2,0,30.9,0,0,0,67.11,14:48:00,0
STU00193,MECH,2026-02-14,60,14:09:00,14:50:00,1,1,0,33.49,48.18,51.66,0,1,4,0,51.79,1,1,0,64.7,14:50:00,1
STU00194,DS,2026-02-05,60,09:10:00,10:13:00,3,0,0,25.47,34.14,35.26,0,0,3,0,57.01,0,1,0,16.54,10:10:00,0
STU00195,ECE,2026-04-01,60,10:10:00,10:50:00,0,1,1,21.16,22.7,7.22,0,1,1,0,44.09,0,0,0,29.45,10:47:00,1
STU00196,AIML,2026-03-24,120,10:03:00,11:16:00,0,1,0,7.68,8.32,9.12,0,1,1,0,24.34,0,0,0,39.47,11:15:00,0
STU00197,CSE,2026-02-25,90,09:00:00,09:33:00,3,0,1,35.26,55.71,46.82,0,1,1,2,36.84,0,1,1,56.7,09:32:00,1
STU00198,EEE,2026-03-11,90,10:07:00,10:42:00,18,1,0,82.16,87.46,82.94,9,8,10,8,87.66,1,4,4,25.08,10:42:00,1
STU00199,MECH,2026-02-04,120,10:00:00,11:04:00,0,0,0,9.65,14.77,25.16,0,1,2,0,29.66,0,0,0,55.18,11:02:00,0
STU00200,EEE,2026-01-22,120,10:05:00,10:57:00,1,0,1,11.9,13.68,17.25,0,1,1,1,41.75,0,0,0,49.51,10:56:00,0
STU00201,DS,2026-03-25,60,10:07:00,11:00:00,0,0,0,27.94,14.62,15.87,0,0,2,1,22.13,0,0,0,60.88,10:59:00,0
STU00202,CIVIL,2026-02-27,60,09:04:00,09:45:00,3,1,1,49.54,65.51,63.69,3,2,10,3,72.97,0,1,2,62.15,09:43:00,1
STU00203,AIML,2026-03-12,90,10:05:00,10:54:00,1,1,1,29.18,40.95,48.0,1,1,5,1,43.68,1,1,0,32.79,10:54:00,1
STU00204,MECH,2026-03-10,60,10:03:00,10:48:00,1,0,0,7.1,15.52,7.95,0,0,1,0,7.47,0,0,0,45.5,10:45:00,0
STU00205,CSE,2026-03-29,90,14:10:00,15:23:00,1,0,0,20.34,27.54,16.1,0,1,2,0,11.57,0,0,0,40.9,15:20:00,0
STU00206,CSE,2026-01-24,90,09:01:00,09:59:00,1,1,0,24.5,7.56,15.51,0,0,2,0,28.66,0,0,0,61.93,09:56:00,0
STU00207,CSE,2026-03-07,120,09:05:00,11:01:00,1,0,1,10.55,15.19,15.28,0,0,2,1,5.43,0,0,0,31.76,11:00:00,0
STU00208,AIML,2026-01-02,60,10:03:00,10:43:00,1,0,0,7.02,10.9,18.36,0,1,1,1,6.01,0,0,0,54.43,10:41:00,0
STU00209,AIML,2026-03-21,60,10:02:00,10:41:00,0,0,0,9.03,23.19,17.18,0,0,0,0,22.23,0,0,0,52.94,10:39:00,0
STU00210,ECE,2026-03-12,60,14:02:00,14:36:00,0,0,0,29.78,16.54,16.72,0,1,2,0,34.83,0,0,0,54.78,14:35:00,0
STU00211,MECH,2026-03-15,90,09:07:00,09:49:00,3,0,0,21.29,56.74,28.7,0,1,5,1,51.05,0,1,1,33.53,09:49:00,1
STU00212,CIVIL,2026-01-26,120,10:10:00,11:46:00,0,1,0,27.8,34.58,26.56,0,1,2,0,33.35,0,0,0,48.38,11:46:00,0
STU00213,DS,2026-02-16,120,09:00:00,10:02:00,1,1,0,27.45,28.39,26.15,0,1,1,2,40.39,1,0,0,19.01,09:59:00,1
STU00214,DS,2026-02-11,90,14:01:00,14:51:00,1,0,1,16.49,18.53,15.99,0,1,1,0,6.61,0,0,0,50.12,14:50:00,0
STU00215,IT,2026-01-12,90,14:00:00,14:48:00,0,0,1,11.78,20.38,9.76,0,0,2,0,30.73,0,0,0,28.35,14:48:00,0
STU00216,CSE,2026-03-04,60,10:02:00,10:52:00,1,1,0,19.88,32.15,16.08,0,1,2,1,10.56,0,0,0,59.01,10:50:00,0
STU00217,CIVIL,2026-02-13,90,14:04:00,14:37:00,1,0,1,32.19,32.69,32.65,0,1,5,1,51.63,0,1,0,72.43,14:35:00,1
STU00218,CSE,2026-01-14,90,14:07:00,15:18:00,9,1,0,83.97,82.67,80.54,10,11,23,2,86.56,5,4,2,63.36,15:15:00,1
STU00219,DS,2026-04-01,120,09:10:00,10:05:00,1,1,0,33.69,49.57,53.77,0,0,2,0,41.61,1,0,1,59.07,10:02:00,1
STU00220,AIML,2026-01-16,90,09:02:00,09:42:00,1,0,1,43.42,40.35,36.81,1,2,2,2,48.03,0,0,1,80.28,09:42:00,1
STU00221,ECE,2026-02-16,120,10:00:00,10:34:00,2,0,0,35.67,44.35,44.12,0,1,1,0,50.06,0,1,1,68.38,10:33:00,1
STU00222,CIVIL,2026-01-13,60,09:02:00,09:52:00,6,0,1,69.25,77.77,53.25,2,3,9,4,67.88,0,1,2,26.39,09:49:00,1
STU00223,MECH,2026-01-25,120,14:07:00,15:58:00,0,1,1,17.0,20.44,16.12,0,0,0,0,16.17,0,0,0,43.79,15:58:00,0
STU00224,MECH,2026-01-07,120,09:04:00,11:00:00,2,0,0,47.59,29.5,37.44,1,0,3,0,61.6,0,0,1,71.58,10:59:00,0
STU00225,DS,2026-03-14,120,10:08:00,10:56:00,1,1,0,27.05,55.33,45.72,1,2,4,2,61.31,0,1,1,74.4,10:55:00,1
STU00226,CIVIL,2026-03-03,120,10:04:00,10:35:00,1,0,0,8.1,27.21,26.76,0,1,1,0,39.56,0,0,0,32.35,10:34:00,0
STU00227,IT,2026-01-08,60,09:05:00,09:39:00,0,0,0,17.33,31.49,15.35,0,0,0,0,21.62,0,0,0,39.38,09:38:00,0
STU00228,ECE,2026-03-16,90,10:05:00,10:37:00,7,1,0,66.88,60.83,66.28,1,5,9,1,72.12,0,1,1,98.53,10:37:00,1
STU00229,MECH,2026-01-21,60,10:08:00,10:57:00,2,0,0,27.58,33.92,54.57,0,1,2,2,37.39,1,1,0,24.17,10:57:00,1
STU00230,CIVIL,2026-02-13,90,09:08:00,10:32:00,0,0,0,28.56,6.1,28.4,0,1,2,1,21.07,0,0,0,41.07,10:32:00,0
STU00231,AIML,2026-02-26,90,09:02:00,10:10:00,0,0,0,13.69,30.12,14.03,0,0,0,0,28.38,0,0,0,27.26,10:10:00,0
STU00232,MECH,2026-01-27,60,10:08:00,10:44:00,1,1,0,17.68,14.73,23.74,0,0,0,1,22.29,0,0,0,44.32,10:41:00,0
STU00233,CIVIL,2026-02-14,120,09:02:00,10:46:00,2,0,0,37.86,50.77,34.19,1,1,2,0,56.68,0,0,1,46.5,10:45:00,1
STU00234,ECE,2026-01-12,120,10:00:00,11:26:00,0,0,0,12.65,22.46,31.38,0,0,1,0,26.79,0,0,0,61.51,11:26:00,0
STU00235,AIML,2026-03-07,90,14:05:00,15:15:00,5,0,1,61.35,60.48,57.29,1,3,8,1,74.05,0,2,1,67.21,15:15:00,1
STU00236,ECE,2026-01-23,90,14:06:00,15:23:00,5,0,0,57.35,56.82,71.72,4,5,7,4,70.8,1,1,1,70.77,15:21:00,1
STU00237,AIML,2026-02-10,120,14:06:00,14:51:00,0,0,0,15.31,33.39,11.41,0,0,2,0,10.22,0,0,0,58.6,14:51:00,0
STU00238,ECE,2026-02-15,120,14:01:00,15:08:00,0,0,0,19.32,32.17,17.62,0,1,0,0,36.44,0,0,0,56.17,15:05:00,0
STU00239,CSE,2026-03-18,120,14:04:00,15:23:00,0,1,1,23.06,13.89,13.2,0,1,0,1,33.47,0,0,0,67.47,15:23:00,0
STU00240,ECE,2026-03-05,120,10:07:00,11:12:00,0,0,0,26.78,12.61,15.98,0,0,2,0,40.08,0,0,0,33.74,11:12:00,0
STU00241,MECH,2026-03-11,60,14:05:00,14:50:00,1,0,0,35.3,25.35,33.32,1,2,2,2,40.08,0,0,0,32.34,14:49:00,0
STU00242,CIVIL,2026-02-25,120,10:08:00,11:32:00,0,0,0,24.79,8.23,23.33,0,1,1,1,12.4,0,0,0,25.84,11:30:00,0
STU00243,AIML,2026-01-15,90,09:08:00,10:24:00,18,1,1,96.85,81.94,77.63,7,12,20,7,98.97,4,3,2,46.44,10:21:00,1
STU00244,AIML,2026-02-19,60,14:03:00,14:38:00,0,0,1,19.89,23.02,33.14,0,1,1,1,31.23,0,0,0,55.57,14:38:00,0
STU00245,DS,2026-03-16,120,14:00:00,15:11:00,1,1,0,19.63,24.19,14.35,0,1,0,1,9.88,0,0,0,44.01,15:09:00,0
STU00246,AIML,2026-01-30,120,09:02:00,10:26:00,6,1,0,41.2,65.31,75.23,3,4,9,2,65.77,2,2,2,79.98,10:26:00,1
STU00247,ECE,2026-03-17,90,14:03:00,15:33:00,3,0,1,25.3,37.91,43.41,0,2,1,0,61.16,1,1,0,19.03,15:31:00,1
STU00248,CIVIL,2026-01-10,90,14:10:00,15:07:00,7,1,1,68.76,55.06,58.06,4,2,7,1,75.44,0,1,0,47.08,15:05:00,1
STU00249,ECE,2026-03-05,60,14:02:00,14:59:00,0,0,1,26.12,9.48,28.72,0,0,2,0,34.77,0,0,0,45.73,14:57:00,0
STU00250,MECH,2026-03-22,90,09:09:00,10:06:00,1,0,1,22.36,5.24,28.31,0,1,2,0,44.33,0,0,0,40.86,10:06:00,0
STU00251,IT,2026-03-19,90,09:09:00,10:01:00,3,0,0,46.63,36.48,52.27,1,0,1,0,42.72,1,1,0,72.34,10:00:00,1
STU00252,AIML,2026-02-07,60,09:00:00,09:45:00,2,0,0,32.46,25.1,39.56,1,1,2,0,46.07,0,1,1,47.97,09:44:00,1
STU00253,CSE,2026-01-29,120,09:08:00,09:59:00,1,0,0,13.72,12.52,29.21,0,1,2,1,10.96,0,0,0,47.96,09:57:00,0
STU00254,EEE,2026-01-22,90,14:03:00,15:18:00,3,1,0,29.91,45.73,32.92,0,0,5,2,37.97,1,0,0,28.05,15:17:00,1
STU00255,AIML,2026-03-26,90,10:06:00,11:08:00,3,1,0,35.73,43.83,51.82,0,2,5,1,53.66,0,0,0,52.53,11:06:00,1
STU00256,AIML,2026-03-21,90,10:00:00,11:02:00,15,0,1,91.45,84.02,97.12,4,6,23,5,91.69,3,3,2,71.81,11:01:00,1
STU00257,AIML,2026-02-02,60,14:00:00,14:58:00,3,0,1,35.61,38.81,28.42,1,1,1,0,35.33,0,1,1,28.37,14:56:00,1
STU00258,IT,2026-01-16,90,09:07:00,09:56:00,1,0,0,5.18,29.76,21.63,0,1,2,1,44.32,0,0,0,27.32,09:55:00,0
STU00259,AIML,2026-03-06,120,14:05:00,16:04:00,0,0,0,12.89,7.52,20.43,0,0,1,1,23.27,0,0,0,51.9,16:04:00,0
STU00260,MECH,2026-01-18,60,09:03:00,10:05:00,4,1,1,51.72,51.42,60.76,2,3,8,4,68.35,2,1,1,62.66,10:03:00,1
STU00261,AIML,2026-02-06,120,09:02:00,10:23:00,0,1,0,23.05,24.63,23.1,0,0,1,1,34.78,0,0,0,59.13,10:20:00,0
STU00262,IT,2026-03-10,60,14:03:00,14:42:00,0,1,0,23.36,22.6,30.84,0,0,2,1,16.71,0,0,0,32.45,14:41:00,0
STU00263,AIML,2026-02-13,120,10:01:00,11:20:00,1,0,1,7.88,25.46,24.5,0,1,1,0,16.44,0,0,0,43.97,11:20:00,0
STU00264,IT,2026-03-09,60,09:04:00,09:55:00,2,0,0,26.81,29.33,51.11,0,0,1,1,40.32,1,1,1,15.29,09:54:00,1
STU00265,IT,2026-01-26,90,09:07:00,10:06:00,1,1,0,34.45,33.89,45.11,1,2,2,1,57.72,0,1,1,56.42,10:04:00,1
STU00266,DS,2026-01-31,60,14:06:00,15:01:00,0,0,0,28.05,8.07,25.24,0,1,2,1,24.51,0,0,0,35.23,15:00:00,0
STU00267,AIML,2026-01-20,60,09:06:00,09:45:00,1,0,0,12.86,17.64,34.24,0,0,1,0,7.43,0,0,0,53.47,09:44:00,0
STU00268,CSE,2026-02-16,120,09:09:00,10:34:00,0,0,0,23.61,31.13,22.99,0,1,2,1,39.04,0,0,0,56.7,10:34:00,0
STU00269,MECH,2026-01-30,60,09:00:00,09:40:00,2,0,0,23.57,27.44,40.57,1,1,3,1,56.93,1,0,0,31.81,09:40:00,1
STU00270,EEE,2026-03-06,60,10:02:00,11:01:00,1,1,1,19.18,19.92,21.65,0,1,1,1,34.92,0,0,0,62.29,10:58:00,1
STU00271,CSE,2026-02-10,120,09:10:00,10:30:00,0,0,0,25.28,31.96,13.47,0,1,1,0,8.08,0,0,0,27.41,10:28:00,0
STU00272,MECH,2026-03-19,120,14:05:00,14:43:00,0,0,1,8.24,12.89,35.0,0,1,1,1,11.98,0,0,0,54.35,14:42:00,0
STU00273,DS,2026-02-19,120,10:01:00,11:16:00,1,1,0,27.24,18.58,16.27,0,0,1,0,31.81,0,0,0,44.92,11:15:00,0
STU00274,EEE,2026-03-15,60,09:08:00,10:02:00,0,1,0,27.15,15.35,7.26,0,1,0,0,7.1,0,0,0,43.94,10:01:00,0
STU00275,EEE,2026-01-22,60,09:01:00,10:01:00,7,1,0,57.32,64.51,73.94,1,5,5,2,79.63,1,2,0,78.99,10:01:00,1
STU00276,ECE,2026-03-23,90,14:08:00,15:31:00,5,1,1,65.78,53.67,48.03,1,4,5,1,65.82,0,0,0,25.23,15:31:00,1
STU00277,CIVIL,2026-02-21,60,09:00:00,09:44:00,0,1,0,20.36,32.5,17.51,0,0,1,0,13.5,0,0,0,27.86,09:42:00,0
STU00278,AIML,2026-03-10,90,09:01:00,10:16:00,0,0,0,17.9,16.28,33.45,0,0,1,0,35.65,0,0,0,45.63,10:14:00,0
STU00279,CIVIL,2026-01-16,90,09:04:00,10:35:00,7,1,1,47.04,51.03,77.41,2,3,10,1,80.32,0,1,1,79.44,10:32:00,1
STU00280,EEE,2026-02-23,120,10:04:00,11:09:00,0,0,0,11.95,16.35,30.71,0,1,0,1,14.51,0,0,0,43.71,11:07:00,0
STU00281,MECH,2026-02-10,120,14:07:00,14:51:00,5,1,1,67.91,60.12,67.63,1,5,10,3,76.3,2,2,0,84.13,14:49:00,1
STU00282,ECE,2026-01-09,120,14:01:00,14:49:00,0,1,1,26.97,21.16,28.63,0,0,0,1,38.7,0,0,0,59.4,14:49:00,1
STU00283,CSE,2026-01-07,90,10:09:00,11:32:00,1,0,1,15.28,24.45,34.85,0,1,1,0,36.68,0,0,0,28.25,11:31:00,0
STU00284,CSE,2026-01-12,120,10:08:00,11:19:00,0,1,0,25.3,20.06,22.78,0,1,2,0,32.65,0,0,0,37.36,11:19:00,0
STU00285,AIML,2026-02-06,120,14:02:00,15:29:00,0,1,0,15.02,20.24,34.86,0,1,2,1,30.04,0,0,0,37.46,15:26:00,0
STU00286,MECH,2026-01-04,120,14:01:00,15:36:00,3,0,0,47.39,53.49,34.53,0,1,3,0,44.66,1,0,1,30.9,15:33:00,1
STU00287,EEE,2026-01-28,60,09:10:00,09:59:00,3,0,1,35.69,37.36,35.83,1,0,3,1,46.66,0,1,0,33.53,09:57:00,1
STU00288,MECH,2026-01-22,60,10:03:00,10:43:00,1,0,0,12.88,19.01,33.94,0,1,2,0,17.18,0,0,0,51.84,10:40:00,0
STU00289,EEE,2026-03-15,90,09:05:00,09:45:00,0,0,0,16.25,17.9,21.9,0,1,1,1,5.68,0,0,0,59.67,09:45:00,0
STU00290,IT,2026-01-05,60,09:02:00,09:48:00,0,0,1,27.97,16.89,28.71,0,1,2,0,16.2,0,0,0,63.6,09:48:00,0
STU00291,EEE,2026-02-06,60,10:06:00,10:44:00,0,0,0,26.31,15.62,30.6,0,0,0,1,11.75,0,0,0,61.9,10:43:00,0
STU00292,IT,2026-01-16,90,14:04:00,14:49:00,0,0,0,14.18,8.54,13.4,0,0,1,0,44.54,0,0,0,68.17,14:46:00,0
STU00293,DS,2026-02-06,60,14:08:00,15:11:00,0,1,1,13.74,23.64,8.26,0,1,2,1,14.98,0,0,0,43.74,15:08:00,0
STU00294,IT,2026-02-22,120,10:00:00,11:46:00,1,0,1,34.51,38.68,35.35,0,0,5,1,60.4,1,1,0,58.0,11:44:00,1
STU00295,EEE,2026-03-07,90,09:03:00,10:13:00,1,0,0,15.99,15.46,29.46,0,1,0,1,9.22,0,0,0,33.46,10:11:00,0
STU00296,IT,2026-01-16,90,10:01:00,11:24:00,1,0,0,27.13,12.08,24.58,0,1,0,1,17.92,0,0,0,62.1,11:21:00,0
STU00297,DS,2026-03-30,60,09:02:00,09:45:00,1,0,1,38.24,42.1,54.5,1,1,3,0,36.69,0,1,1,33.38,09:45:00,1
STU00298,ECE,2026-02-06,90,09:09:00,10:38:00,18,1,1,79.48,87.49,84.77,9,9,23,3,86.37,1,3,2,120.85,10:38:00,1
STU00299,EEE,2026-03-30,90,14:10:00,15:11:00,1,0,0,21.42,28.1,27.73,0,0,1,0,25.16,0,0,0,48.29,15:08:00,0
STU00300,AIML,2026-03-28,60,14:02:00,14:54:00,10,1,0,80.77,91.52,79.36,10,12,25,4,85.02,4,4,2,88.9,14:54:00,1
STU00301,MECH,2026-03-06,120,14:09:00,14:53:00,1,0,1,10.24,12.62,19.22,0,1,0,1,6.59,0,0,0,60.89,14:51:00,0
STU00302,ECE,2026-02-10,120,10:07:00,11:01:00,2,0,1,42.85,37.29,26.69,0,0,1,1,54.53,1,0,0,28.37,11:01:00,1
STU00303,DS,2026-01-23,60,10:01:00,10:42:00,0,1,0,12.36,34.5,27.57,0,1,0,0,26.98,0,0,0,47.78,10:41:00,0
STU00304,AIML,2026-01-02,60,14:06:00,14:41:00,1,0,0,15.56,8.8,11.03,0,1,1,1,37.67,0,0,0,50.18,14:41:00,0
STU00305,EEE,2026-03-27,120,14:08:00,15:36:00,1,1,0,8.51,26.71,14.72,0,0,2,0,16.61,0,0,0,30.85,15:36:00,0
STU00306,DS,2026-03-30,90,14:03:00,15:21:00,2,1,0,28.06,31.61,28.98,1,0,2,1,57.18,1,0,1,41.64,15:21:00,1
STU00307,CSE,2026-02-12,60,14:00:00,14:47:00,3,1,0,27.54,31.67,32.88,1,1,5,0,51.62,0,0,0,33.37,14:47:00,1
STU00308,CSE,2026-02-17,90,10:06:00,11:33:00,6,0,1,56.63,73.7,53.91,2,2,7,2,73.52,0,2,1,13.05,11:33:00,1
STU00309,EEE,2026-02-09,60,14:02:00,14:40:00,1,1,0,19.05,23.01,12.18,0,0,0,1,18.23,0,0,0,61.02,14:39:00,0
STU00310,MECH,2026-01-14,60,10:02:00,10:39:00,1,0,1,26.11,17.93,24.7,0,0,0,0,31.81,0,0,0,64.51,10:36:00,0
STU00311,DS,2026-01-27,120,10:08:00,11:27:00,1,0,1,9.0,29.28,5.2,0,0,2,1,37.3,0,0,0,54.03,11:25:00,0
STU00312,DS,2026-03-30,120,14:08:00,15:35:00,1,0,0,12.48,25.08,25.23,0,0,1,0,36.49,0,0,0,29.94,15:32:00,0
STU00313,MECH,2026-01-21,60,09:07:00,09:42:00,1,1,0,30.0,35.82,41.75,0,0,1,0,43.7,0,1,0,37.5,09:39:00,1
STU00314,AIML,2026-01-05,90,14:09:00,15:06:00,14,1,1,88.68,75.44,93.69,3,4,9,5,88.09,5,3,1,48.05,15:06:00,1
STU00315,EEE,2026-02-22,60,10:01:00,10:46:00,1,1,0,5.95,26.8,20.14,0,0,2,1,40.82,0,0,0,38.61,10:44:00,0
STU00316,EEE,2026-01-04,60,10:10:00,10:40:00,1,0,1,17.16,16.13,11.88,0,1,0,1,37.1,0,0,0,65.43,10:40:00,0
STU00317,EEE,2026-02-24,90,14:06:00,15:26:00,1,0,1,25.54,16.58,9.69,0,1,0,1,7.11,0,0,0,57.44,15:26:00,0
STU00318,CIVIL,2026-01-23,90,09:02:00,10:25:00,1,1,0,23.13,21.73,7.78,0,1,1,1,16.6,0,0,0,40.24,10:23:00,0
STU00319,EEE,2026-03-02,120,14:02:00,14:39:00,0,0,0,25.08,27.48,31.4,0,1,1,0,26.38,0,0,0,30.7,14:38:00,0
STU00320,EEE,2026-03-13,120,14:09:00,15:34:00,1,1,1,45.95,47.59,27.66,1,2,5,0,38.29,0,0,1,48.57,15:32:00,1
STU00321,AIML,2026-02-13,90,14:10:00,15:34:00,1,0,0,28.34,57.47,53.86,1,2,2,0,62.06,1,0,0,84.35,15:32:00,1
STU00322,EEE,2026-01-21,120,14:00:00,15:58:00,2,0,0,23.19,50.63,26.38,1,2,2,2,36.63,1,1,1,82.98,15:56:00,1
STU00323,CSE,2026-02-06,60,10:04:00,10:56:00,1,0,0,26.02,26.31,28.04,1,0,1,1,53.78,1,1,1,45.62,10:53:00,1
STU00324,CSE,2026-03-24,90,14:08:00,14:49:00,1,0,0,36.66,26.16,26.12,0,0,3,2,53.26,1,1,1,68.55,14:46:00,1
STU00325,ECE,2026-03-19,120,10:08:00,11:02:00,4,1,1,71.78,71.59,57.77,2,3,6,3,70.44,2,0,1,84.54,11:01:00,1
STU00326,ECE,2026-02-25,120,10:04:00,11:14:00,7,1,0,41.97,58.17,55.79,4,2,10,2,63.1,2,2,0,54.58,11:11:00,1
STU00327,EEE,2026-01-19,90,14:08:00,14:53:00,3,1,1,52.32,78.45,65.96,4,3,4,2,60.23,0,1,1,43.62,14:52:00,1
STU00328,ECE,2026-01-24,90,10:02:00,11:32:00,0,0,0,9.16,20.42,10.99,0,1,0,0,37.84,0,0,0,53.67,11:30:00,0
STU00329,IT,2026-01-16,120,14:06:00,14:51:00,1,1,1,22.14,14.8,16.49,0,0,2,0,29.21,0,0,0,56.46,14:48:00,0
STU00330,ECE,2026-01-23,60,09:03:00,09:40:00,1,0,1,21.52,50.99,36.52,0,1,1,1,43.39,1,0,0,31.61,09:38:00,1
STU00331,CIVIL,2026-03-13,90,14:04:00,15:18:00,0,0,0,22.88,10.05,34.95,0,1,0,0,6.41,0,0,0,38.53,15:18:00,0
STU00332,IT,2026-02-05,90,10:04:00,11:17:00,1,0,0,27.61,54.73,44.97,0,1,1,1,51.53,0,1,0,15.79,11:16:00,0
STU00333,ECE,2026-01-12,60,14:05:00,14:39:00,1,0,0,27.45,25.71,25.69,0,0,2,0,14.18,0,0,0,46.85,14:37:00,0
STU00334,CSE,2026-02-02,120,10:04:00,10:55:00,1,0,1,5.04,8.3,18.34,0,0,2,1,30.03,0,0,0,25.09,10:53:00,0
STU00335,DS,2026-02-24,90,14:01:00,15:20:00,0,0,0,22.73,25.0,16.47,0,1,2,0,24.78,0,0,0,34.04,15:17:00,0
STU00336,IT,2026-03-03,60,09:01:00,10:04:00,3,0,1,46.11,26.51,38.09,0,2,1,1,37.52,1,1,0,52.47,10:01:00,1
STU00337,IT,2026-03-08,120,10:09:00,10:58:00,3,0,0,45.37,54.8,37.57,1,1,5,1,49.77,0,1,0,79.88,10:56:00,1
STU00338,DS,2026-03-07,60,14:09:00,14:56:00,5,1,0,53.01,61.04,60.86,4,5,7,3,74.54,1,0,0,109.52,14:56:00,1
STU00339,CIVIL,2026-02-28,90,09:07:00,10:23:00,0,0,0,14.59,13.91,5.68,0,0,1,1,42.76,0,0,0,48.21,10:22:00,0
STU00340,DS,2026-03-23,60,14:06:00,14:58:00,3,1,1,58.95,50.01,59.65,4,3,5,2,65.52,2,1,0,77.96,14:56:00,1
STU00341,MECH,2026-02-07,90,10:00:00,11:05:00,3,0,0,29.72,47.15,26.9,0,2,5,1,51.16,0,0,0,75.49,11:05:00,1
STU00342,IT,2026-03-04,90,09:07:00,10:21:00,0,0,0,26.16,23.89,26.76,0,0,0,1,25.56,0,0,0,27.8,10:20:00,0
STU00343,CSE,2026-03-20,90,09:03:00,10:30:00,1,0,0,23.73,28.49,32.36,0,1,2,1,16.5,0,0,0,65.33,10:28:00,0
STU00344,CSE,2026-01-16,90,09:05:00,09:59:00,3,0,1,39.23,26.81,50.08,0,1,3,0,52.32,0,1,1,25.82,09:56:00,1
STU00345,EEE,2026-03-01,60,10:04:00,10:45:00,1,0,1,12.85,31.56,12.32,0,1,0,1,14.03,0,0,0,52.39,10:45:00,0
STU00346,CSE,2026-02-28,120,10:08:00,11:10:00,2,1,0,33.01,47.07,31.34,1,1,2,2,46.72,0,1,1,49.51,11:08:00,1
STU00347,MECH,2026-02-10,60,09:04:00,09:53:00,0,0,1,28.39,16.07,34.79,0,0,2,0,35.23,0,0,0,61.41,09:52:00,0
STU00348,IT,2026-01-11,60,14:00:00,14:56:00,4,1,1,71.57,75.72,61.49,1,2,9,2,63.85,2,1,0,109.79,14:56:00,1
STU00349,CSE,2026-02-27,90,09:02:00,09:44:00,0,0,0,16.27,11.0,20.65,0,0,1,0,17.52,0,0,0,34.04,09:43:00,0
STU00350,MECH,2026-03-27,120,14:07:00,14:43:00,4,1,0,67.86,55.72,53.95,2,4,5,2,70.76,0,1,2,40.63,14:43:00,1
STU00351,DS,2026-02-28,90,14:00:00,15:24:00,13,1,1,74.68,93.63,90.06,4,9,25,7,84.8,3,1,1,66.62,15:21:00,1
STU00352,EEE,2026-02-10,60,10:08:00,11:01:00,1,0,0,13.74,6.77,17.36,0,1,1,0,22.39,0,0,0,49.57,10:59:00,0
STU00353,ECE,2026-01-15,120,14:03:00,15:51:00,3,0,0,42.74,40.43,50.94,0,1,1,0,41.01,0,1,1,68.0,15:49:00,1
STU00354,MECH,2026-01-10,60,14:04:00,14:37:00,3,0,0,26.42,34.72,26.38,1,0,1,1,62.35,0,1,0,29.31,14:36:00,0
STU00355,CSE,2026-03-11,90,09:09:00,10:31:00,1,0,0,28.46,47.42,34.19,1,2,1,2,55.18,1,1,1,25.96,10:29:00,1
STU00356,CIVIL,2026-02-28,60,10:05:00,10:46:00,0,0,1,26.31,16.91,9.3,0,0,1,0,43.97,0,0,0,30.9,10:45:00,0
STU00357,DS,2026-03-23,120,09:04:00,10:48:00,1,0,0,10.69,26.8,27.57,0,0,2,0,8.21,0,0,0,49.14,10:47:00,0
STU00358,ECE,2026-03-02,60,14:00:00,14:56:00,1,0,0,17.76,33.28,11.64,0,0,2,1,40.31,0,0,0,61.96,14:53:00,0
STU00359,CIVIL,2026-03-23,90,09:10:00,10:15:00,1,0,1,25.18,15.29,25.74,0,0,0,0,7.67,0,0,0,57.48,10:13:00,0
STU00360,CSE,2026-03-07,60,10:00:00,10:44:00,1,0,0,27.66,5.73,32.52,0,1,0,0,15.65,0,0,0,64.06,10:44:00,0
STU00361,CSE,2026-03-03,60,14:04:00,14:48:00,0,0,0,18.54,28.02,17.28,0,1,2,1,18.7,0,0,0,68.09,14:46:00,0
STU00362,ECE,2026-02-13,120,14:07:00,15:09:00,0,1,0,17.32,8.65,20.83,0,1,1,1,14.38,0,0,0,50.98,15:07:00,0
STU00363,IT,2026-03-06,90,14:08:00,15:02:00,3,0,0,38.37,49.78,51.16,0,0,3,0,43.91,0,0,0,39.18,15:02:00,0
STU00364,IT,2026-01-20,120,10:01:00,11:03:00,3,0,0,30.4,45.38,28.54,0,2,1,0,41.52,1,0,0,15.22,11:03:00,0
STU00365,CSE,2026-03-30,60,09:06:00,09:49:00,10,0,1,71.57,83.22,92.36,4,9,14,7,96.52,2,5,1,113.66,09:46:00,1
STU00366,MECH,2026-02-05,120,14:05:00,15:54:00,0,0,0,10.41,18.84,14.06,0,1,2,1,32.93,0,0,0,67.96,15:51:00,0
STU00367,EEE,2026-03-17,120,10:04:00,10:45:00,2,0,1,25.53,56.29,38.25,1,1,3,0,55.7,0,0,1,41.01,10:43:00,1
STU00368,CSE,2026-02-19,90,09:00:00,10:22:00,1,0,0,20.53,32.57,15.8,0,1,1,0,31.43,0,0,0,58.41,10:21:00,0
STU00369,CIVIL,2026-03-23,60,10:08:00,10:48:00,1,1,0,7.71,29.02,22.76,0,0,2,1,25.78,0,0,0,31.98,10:47:00,0
STU00370,CIVIL,2026-01-20,60,09:08:00,10:01:00,0,0,0,18.79,31.76,34.13,0,1,1,0,16.98,0,0,0,38.37,09:59:00,0
STU00371,EEE,2026-02-21,60,09:05:00,09:45:00,2,0,1,22.73,36.25,45.74,0,2,2,1,53.43,1,1,0,64.35,09:44:00,1
STU00372,AIML,2026-01-17,60,09:01:00,09:42:00,0,0,0,11.53,20.18,17.47,0,1,0,1,26.8,0,0,0,40.36,09:42:00,0
STU00373,CSE,2026-03-29,60,14:04:00,14:39:00,4,1,1,52.86,78.75,64.62,1,2,7,4,73.45,1,1,1,82.76,14:36:00,1
STU00374,DS,2026-02-14,120,14:07:00,15:28:00,7,1,1,59.08,53.94,64.91,2,1,9,4,64.1,1,2,2,63.38,15:27:00,1
STU00375,CSE,2026-03-02,90,09:09:00,10:41:00,1,0,0,43.49,36.47,47.9,0,1,4,0,55.54,0,1,1,67.18,10:38:00,1
STU00376,DS,2026-03-02,90,10:01:00,10:47:00,5,1,1,71.48,69.78,57.13,1,4,8,1,63.68,2,1,2,29.9,10:45:00,1
STU00377,CIVIL,2026-02-25,90,10:04:00,10:50:00,0,0,0,10.24,34.01,22.4,0,0,1,0,39.33,0,0,0,61.24,10:48:00,0
STU00378,EEE,2026-02-07,60,10:05:00,10:59:00,1,0,1,25.6,17.44,5.35,0,1,2,0,38.4,0,0,0,65.18,10:59:00,0
STU00379,IT,2026-01-13,90,09:02:00,09:33:00,7,1,1,70.59,65.2,68.5,3,1,7,2,70.94,2,1,1,11.83,09:33:00,1
STU00380,ECE,2026-01-14,60,14:01:00,14:50:00,0,0,0,9.16,32.01,9.63,0,1,2,1,40.13,0,0,0,67.77,14:50:00,0
STU00381,CIVIL,2026-02-16,60,09:09:00,10:01:00,0,0,0,24.0,23.24,28.81,0,0,2,0,37.53,0,0,0,55.38,09:58:00,0
STU00382,AIML,2026-03-09,90,10:03:00,11:34:00,0,0,0,10.18,15.28,6.52,0,1,2,1,29.42,0,0,0,62.43,11:32:00,0
STU00383,AIML,2026-03-12,120,10:09:00,10:46:00,1,0,0,14.41,9.45,33.33,0,1,0,1,12.45,0,0,0,52.47,10:43:00,0
STU00384,EEE,2026-02-22,90,14:10:00,14:49:00,5,1,0,61.18,71.4,67.48,2,1,4,3,73.39,2,0,2,77.69,14:47:00,1
STU00385,EEE,2026-01-31,60,10:06:00,10:45:00,1,0,1,36.46,33.4,32.18,0,1,5,1,43.96,1,0,0,28.27,10:45:00,1
STU00386,IT,2026-03-23,60,14:09:00,14:46:00,7,0,0,79.84,81.61,77.78,3,8,18,6,95.3,3,4,5,13.59,14:43:00,1
STU00387,AIML,2026-02-20,90,14:07:00,15:03:00,0,0,0,20.52,7.54,26.09,0,1,1,0,5.43,0,0,0,45.52,15:00:00,0
STU00388,IT,2026-02-16,60,14:02:00,14:55:00,0,0,0,12.71,34.99,13.86,0,0,0,0,25.95,0,0,0,55.76,14:53:00,0
STU00389,EEE,2026-01-16,90,14:07:00,15:20:00,1,0,0,29.36,31.39,5.23,0,1,0,1,37.56,0,0,0,27.85,15:20:00,0
STU00390,ECE,2026-03-18,60,14:10:00,14:56:00,3,0,1,63.73,57.43,51.67,2,3,10,2,77.95,2,0,1,58.22,14:56:00,1
STU00391,CSE,2026-02-13,90,09:08:00,09:46:00,1,0,0,7.23,26.47,9.49,0,0,0,0,18.51,0,0,0,54.63,09:43:00,0
STU00392,CSE,2026-03-29,120,10:05:00,11:20:00,0,0,0,24.87,32.07,8.05,0,0,0,0,19.02,0,0,0,60.49,11:17:00,0
STU00393,MECH,2026-01-17,120,10:04:00,11:41:00,0,0,0,11.45,25.28,18.19,0,1,2,1,22.95,0,0,0,47.36,11:40:00,0
STU00394,CSE,2026-01-03,90,14:09:00,15:38:00,4,0,1,43.3,72.58,66.03,1,2,7,3,67.54,1,0,0,75.4,15:36:00,1
STU00395,AIML,2026-03-04,120,10:08:00,10:53:00,1,0,0,18.72,22.74,31.52,0,1,2,1,41.76,0,0,0,30.64,10:51:00,0
STU00396,CSE,2026-02-09,60,09:00:00,09:33:00,2,0,0,35.25,55.47,32.58,1,2,3,1,38.02,1,0,0,69.95,09:32:00,1
STU00397,DS,2026-01-23,120,14:09:00,15:06:00,0,1,1,28.01,15.28,9.74,0,1,2,1,12.28,0,0,0,62.69,15:05:00,0
STU00398,DS,2026-01-17,60,14:04:00,14:49:00,0,0,0,14.39,7.49,25.86,0,1,1,0,27.65,0,0,0,65.0,14:46:00,0
STU00399,ECE,2026-01-21,60,10:09:00,11:07:00,3,1,0,34.24,31.97,49.92,0,1,3,0,58.21,1,1,1,35.35,11:06:00,1
STU00400,IT,2026-01-03,60,10:08:00,10:42:00,0,0,0,15.15,11.38,5.58,0,0,2,0,12.33,0,0,0,39.69,10:41:00,0
STU00401,AIML,2026-02-28,60,14:04:00,14:44:00,0,1,0,20.0,32.8,13.86,0,0,0,0,29.86,0,0,0,53.0,14:44:00,0
STU00402,DS,2026-01-19,120,09:03:00,10:42:00,1,1,1,37.59,46.24,50.02,1,2,5,0,53.25,0,1,0,47.75,10:39:00,1
STU00403,CIVIL,2026-02-02,60,10:05:00,10:50:00,3,1,1,48.69,66.99,48.27,3,1,6,4,64.47,0,1,1,33.97,10:50:00,1
STU00404,IT,2026-01-07,120,10:03:00,10:49:00,0,1,1,20.18,32.87,12.12,0,0,2,1,7.07,0,0,0,47.65,10:47:00,0
STU00405,ECE,2026-03-12,60,09:10:00,09:54:00,1,0,0,8.13,13.58,15.67,0,1,2,1,19.53,0,0,0,59.88,09:52:00,0
STU00406,CSE,2026-02-06,90,14:04:00,14:51:00,1,1,1,16.93,20.14,32.91,0,1,1,0,17.35,0,0,0,37.07,14:51:00,1
STU00407,MECH,2026-03-18,90,09:05:00,10:03:00,1,1,0,24.41,6.23,8.98,0,1,2,1,40.01,0,0,0,45.07,10:02:00,0
STU00408,ECE,2026-03-11,120,10:08:00,11:22:00,7,1,1,79.25,77.09,75.68,7,6,11,8,83.7,2,5,4,15.26,11:20:00,1
STU00409,CIVIL,2026-03-04,120,10:05:00,12:03:00,1,0,0,19.09,22.88,20.69,0,1,0,1,35.33,0,0,0,39.46,12:00:00,0
STU00410,MECH,2026-01-09,90,10:08:00,10:44:00,2,0,0,27.9,47.11,34.7,1,1,5,2,43.96,1,0,0,40.65,10:43:00,1
STU00411,AIML,2026-02-14,120,10:00:00,10:53:00,0,0,1,26.45,6.07,27.72,0,1,2,0,11.7,0,0,0,28.55,10:52:00,0
STU00412,MECH,2026-03-30,60,14:08:00,15:02:00,1,0,0,29.26,25.29,16.02,0,1,0,0,12.7,0,0,0,45.19,15:01:00,0
STU00413,IT,2026-03-03,60,14:09:00,15:04:00,0,0,1,20.98,7.94,13.45,0,1,0,1,10.21,0,0,0,61.93,15:03:00,0
STU00414,ECE,2026-03-25,120,09:04:00,09:43:00,3,0,0,23.32,42.92,38.1,1,0,1,0,60.61,1,1,0,65.92,09:43:00,1
STU00415,ECE,2026-01-16,60,09:01:00,09:42:00,7,1,0,60.28,65.15,68.31,4,3,6,3,70.38,1,2,1,64.38,09:41:00,1
STU00416,MECH,2026-01-20,120,10:10:00,11:07:00,1,0,0,10.93,7.09,23.08,0,1,0,1,42.74,0,0,0,28.25,11:06:00,0
STU00417,EEE,2026-01-23,60,09:09:00,09:56:00,0,1,1,24.06,33.63,23.81,0,1,2,1,7.73,0,0,0,68.88,09:53:00,1
STU00418,CIVIL,2026-03-16,60,14:04:00,14:48:00,0,0,0,20.25,28.23,17.62,0,0,0,1,17.49,0,0,0,31.15,14:48:00,0
STU00419,DS,2026-02-21,120,14:00:00,14:41:00,1,0,1,43.17,57.04,38.93,0,1,2,2,39.68,0,0,0,44.49,14:40:00,1
STU00420,ECE,2026-01-28,60,14:05:00,14:42:00,13,1,1,69.7,95.7,97.87,3,7,20,3,88.48,3,2,5,62.05,14:41:00,1
STU00421,ECE,2026-01-24,60,14:01:00,14:51:00,6,1,1,57.26,71.73,63.44,3,4,7,4,76.19,2,2,1,62.25,14:48:00,1
STU00422,EEE,2026-02-17,90,09:04:00,09:42:00,2,0,1,31.56,30.09,27.28,0,2,1,0,41.51,0,0,1,56.48,09:40:00,1
STU00423,ECE,2026-02-11,90,09:08:00,09:45:00,2,1,0,34.74,55.38,33.74,0,1,1,1,58.82,0,0,0,30.57,09:43:00,1
STU00424,DS,2026-02-02,60,14:09:00,14:57:00,1,0,1,11.18,25.95,25.4,0,1,2,1,30.15,0,0,0,30.42,14:56:00,0
STU00425,AIML,2026-03-14,90,09:00:00,10:21:00,1,0,0,45.95,56.39,40.67,1,1,4,2,56.21,1,0,1,29.58,10:20:00,1
STU00426,CIVIL,2026-02-20,120,14:07:00,15:14:00,1,1,1,25.72,22.36,15.67,0,0,0,0,19.72,0,0,0,48.33,15:13:00,0
STU00427,AIML,2026-01-26,60,14:06:00,15:01:00,1,0,1,47.81,56.88,50.85,1,0,3,1,36.78,1,1,0,47.72,14:58:00,1
STU00428,DS,2026-01-16,60,14:07:00,14:45:00,1,0,0,14.37,25.97,32.19,0,1,1,1,39.05,0,0,0,34.53,14:42:00,0
STU00429,EEE,2026-02-05,120,14:08:00,15:42:00,0,0,1,18.83,25.83,28.85,0,1,1,0,37.37,0,0,0,42.54,15:40:00,0
STU00430,AIML,2026-02-08,90,10:02:00,11:08:00,1,0,0,26.07,30.45,31.5,0,0,0,0,7.66,0,0,0,69.19,11:06:00,0
STU00431,DS,2026-02-18,120,14:04:00,15:37:00,1,0,0,21.11,16.3,16.6,0,0,0,1,24.74,0,0,0,34.49,15:35:00,0
STU00432,EEE,2026-02-21,60,14:07:00,15:01:00,5,0,1,65.46,78.33,74.63,1,4,4,4,77.32,0,1,0,54.97,15:01:00,1
STU00433,IT,2026-03-23,90,09:05:00,09:55:00,5,0,1,54.98,51.5,72.11,4,4,4,3,74.69,0,2,0,32.6,09:52:00,1
STU00434,IT,2026-02-24,90,14:01:00,14:31:00,1,1,0,14.25,6.08,15.8,0,0,2,1,14.14,0,0,0,40.73,14:31:00,0
STU00435,CSE,2026-02-27,90,10:01:00,11:20:00,7,1,1,64.02,70.55,67.73,2,3,10,3,83.78,0,1,1,63.08,11:18:00,1
STU00436,MECH,2026-02-02,120,14:10:00,14:42:00,3,0,0,26.01,25.78,44.48,0,2,1,1,60.81,1,0,0,57.21,14:42:00,1
STU00437,CSE,2026-03-12,90,14:02:00,15:09:00,3,1,0,26.72,49.84,31.13,1,1,3,2,37.84,1,0,0,50.16,15:08:00,1
STU00438,MECH,2026-04-01,120,10:08:00,11:43:00,1,1,0,33.19,31.39,27.17,1,1,3,2,52.88,0,0,1,31.41,11:42:00,1
STU00439,DS,2026-03-30,60,14:10:00,14:56:00,0,0,0,24.1,10.32,19.63,0,1,1,0,8.49,0,0,0,31.52,14:56:00,0
STU00440,CIVIL,2026-01-17,90,10:02:00,11:16:00,1,1,0,19.11,6.28,21.55,0,0,0,1,35.71,0,0,0,66.63,11:14:00,0
STU00441,EEE,2026-03-27,90,14:04:00,14:47:00,1,1,0,23.19,30.34,20.13,0,1,1,1,5.73,0,0,0,55.2,14:45:00,0
STU00442,CSE,2026-02-18,90,14:09:00,15:03:00,2,0,1,41.42,40.96,48.76,0,2,4,1,52.12,1,0,0,80.57,15:02:00,1
STU00443,MECH,2026-03-29,120,09:04:00,10:41:00,1,0,1,8.71,19.6,17.12,0,0,1,1,30.1,0,0,0,57.91,10:40:00,0
STU00444,AIML,2026-03-13,90,09:03:00,09:34:00,1,0,0,7.25,19.02,20.77,0,1,1,1,5.47,0,0,0,26.01,09:33:00,0
STU00445,IT,2026-03-11,60,09:10:00,09:56:00,1,1,1,6.85,29.29,15.24,0,0,2,1,39.23,0,0,0,48.2,09:56:00,1
STU00446,IT,2026-01-05,60,10:05:00,10:43:00,1,0,0,24.28,5.53,33.97,0,1,0,0,25.4,0,0,0,49.94,10:40:00,0
STU00447,AIML,2026-01-02,60,14:05:00,15:02:00,0,0,0,13.34,21.11,8.63,0,1,1,0,16.0,0,0,0,69.27,15:00:00,0
STU00448,IT,2026-03-13,120,10:05:00,11:46:00,3,0,0,35.53,55.2,46.97,0,2,1,0,56.14,0,0,0,15.9,11:45:00,0
STU00449,CSE,2026-02-28,120,14:05:00,14:54:00,3,0,0,37.26,26.93,26.92,1,1,4,0,52.61,1,1,1,81.29,14:53:00,1
STU00450,IT,2026-01-29,60,09:07:00,09:43:00,1,0,1,26.64,17.26,7.97,0,0,1,0,13.23,0,0,0,46.33,09:41:00,0
STU00451,EEE,2026-02-09,120,14:08:00,16:00:00,1,0,0,10.57,11.36,9.2,0,0,0,0,17.99,0,0,0,55.25,15:58:00,0
STU00452,CIVIL,2026-02-08,90,10:07:00,10:58:00,3,0,0,38.78,52.21,42.12,1,2,4,0,52.11,0,1,1,37.97,10:56:00,1
STU00453,MECH,2026-02-06,90,10:09:00,11:31:00,1,0,1,13.48,5.81,33.83,0,1,1,0,17.37,0,0,0,32.99,11:29:00,0
STU00454,CSE,2026-02-11,60,09:10:00,09:51:00,1,0,0,18.63,34.72,22.96,0,0,1,1,36.52,0,0,0,53.8,09:51:00,0
STU00455,ECE,2026-03-07,60,14:02:00,14:48:00,1,0,0,15.31,18.92,15.99,0,0,2,1,31.55,0,0,0,47.29,14:46:00,0
STU00456,CIVIL,2026-01-05,60,09:05:00,09:42:00,18,1,0,73.63,92.0,88.36,9,9,14,2,96.97,1,1,3,115.95,09:41:00,1
STU00457,AIML,2026-01-02,60,14:09:00,15:04:00,0,1,0,16.6,24.86,12.61,0,0,0,0,6.2,0,0,0,54.02,15:01:00,0
STU00458,CIVIL,2026-01-11,90,09:08:00,10:11:00,5,1,0,50.24,55.65,49.3,4,3,10,3,64.2,0,1,0,57.86,10:10:00,1
STU00459,ECE,2026-03-22,90,14:03:00,14:38:00,1,0,0,29.73,29.23,12.34,0,0,2,0,17.61,0,0,0,41.41,14:38:00,0
STU00460,ECE,2026-03-09,90,10:03:00,10:41:00,5,1,1,58.02,73.19,56.54,1,2,8,1,64.22,2,0,2,10.57,10:41:00,1
STU00461,CSE,2026-03-24,60,09:09:00,10:00:00,1,0,0,28.91,31.27,41.5,0,0,2,2,48.8,1,1,0,54.06,09:57:00,0
STU00462,CSE,2026-01-04,120,14:07:00,14:58:00,0,1,1,25.6,12.48,9.38,0,1,1,0,22.05,0,0,0,37.24,14:58:00,0
STU00463,EEE,2026-01-30,120,10:06:00,10:56:00,1,1,0,17.88,16.51,9.98,0,1,2,0,36.44,0,0,0,35.41,10:54:00,0
STU00464,MECH,2026-03-25,60,09:02:00,09:40:00,0,1,0,14.75,21.04,31.47,0,1,1,0,39.98,0,0,0,60.51,09:40:00,0
STU00465,DS,2026-01-24,90,09:09:00,10:01:00,7,1,1,54.23,76.65,52.53,4,2,9,3,62.35,2,2,0,50.75,10:00:00,1
STU00466,MECH,2026-03-08,60,14:00:00,14:41:00,4,1,1,49.59,57.87,64.5,4,4,10,4,60.99,0,2,2,87.38,14:38:00,1
STU00467,AIML,2026-01-12,120,09:07:00,10:55:00,0,0,0,29.29,6.05,20.74,0,0,0,0,16.15,0,0,0,62.5,10:55:00,0
STU00468,MECH,2026-02-21,60,09:10:00,09:43:00,0,1,0,15.01,15.87,33.91,0,0,1,1,8.22,0,0,0,44.22,09:43:00,0
STU00469,DS,2026-01-16,60,10:02:00,10:59:00,0,0,0,13.86,13.85,22.35,0,1,1,1,23.48,0,0,0,26.5,10:59:00,0
STU00470,DS,2026-01-11,90,10:08:00,11:10:00,1,0,0,31.73,53.32,43.52,1,0,2,2,51.54,0,1,0,77.43,11:08:00,1
STU00471,AIML,2026-03-14,120,09:03:00,09:46:00,5,1,1,46.28,61.78,51.22,1,3,4,2,80.68,2,2,0,108.17,09:45:00,1
STU00472,IT,2026-01-15,120,10:01:00,10:58:00,2,0,0,32.18,45.17,40.51,0,2,3,2,43.97,1,1,1,45.91,10:58:00,1
STU00473,AIML,2026-01-31,60,10:00:00,10:42:00,3,0,1,26.95,41.65,34.94,1,0,4,1,61.39,1,1,1,44.67,10:40:00,1
STU00474,AIML,2026-02-13,90,09:05:00,10:28:00,0,0,0,21.3,26.24,25.34,0,1,1,0,7.75,0,0,0,54.24,10:28:00,0
STU00475,ECE,2026-03-24,60,14:08:00,14:57:00,1,0,0,27.72,33.52,34.78,0,0,1,1,16.17,0,0,0,59.59,14:55:00,0
STU00476,IT,2026-01-11,60,14:01:00,14:49:00,1,1,0,17.92,18.29,21.72,0,0,1,0,30.15,0,0,0,27.98,14:49:00,0
STU00477,IT,2026-02-12,120,09:04:00,09:56:00,1,0,0,23.86,9.9,33.81,0,1,0,1,21.8,0,0,0,53.58,09:55:00,0
STU00478,DS,2026-03-19,90,10:09:00,10:56:00,0,0,0,23.27,33.63,5.7,0,0,2,0,5.7,0,0,0,50.21,10:56:00,0
STU00479,CSE,2026-02-26,90,14:03:00,14:52:00,1,0,0,29.68,12.18,30.18,0,0,1,1,9.64,0,0,0,45.47,14:50:00,0
STU00480,IT,2026-03-20,60,10:01:00,10:33:00,0,0,0,23.47,7.12,8.88,0,1,0,1,7.06,0,0,0,49.6,10:31:00,0
STU00481,AIML,2026-01-06,120,14:09:00,14:49:00,0,0,0,25.36,18.58,21.88,0,0,2,0,23.69,0,0,0,57.84,14:46:00,0
STU00482,ECE,2026-02-12,120,14:03:00,14:35:00,0,0,0,7.34,33.55,17.68,0,0,0,0,12.32,0,0,0,45.47,14:33:00,0
STU00483,DS,2026-03-21,90,14:01:00,14:37:00,0,1,0,17.44,25.45,8.76,0,0,2,1,32.52,0,0,0,36.78,14:36:00,0
STU00484,IT,2026-01-18,90,10:09:00,11:34:00,1,0,1,6.87,6.88,24.38,0,1,1,1,41.9,0,0,0,64.44,11:31:00,0
STU00485,IT,2026-03-04,90,10:04:00,10:53:00,5,1,1,53.16,59.62,71.89,3,2,10,4,74.75,1,1,2,65.78,10:52:00,1
STU00486,MECH,2026-03-05,60,09:06:00,09:51:00,3,0,0,60.91,73.68,53.39,1,3,5,4,80.66,2,0,0,99.35,09:51:00,1
STU00487,ECE,2026-01-22,120,14:01:00,15:31:00,3,1,1,30.87,43.6,53.73,1,1,2,1,58.95,1,0,0,38.97,15:28:00,1
STU00488,CIVIL,2026-03-03,90,14:08:00,15:33:00,0,1,0,18.61,22.59,14.56,0,1,0,0,40.78,0,0,0,36.95,15:32:00,0
STU00489,CSE,2026-02-02,90,10:05:00,11:02:00,0,0,0,29.93,17.15,21.69,0,0,0,0,37.02,0,0,0,41.31,10:59:00,0
STU00490,DS,2026-02-13,120,10:04:00,11:26:00,5,1,0,60.2,68.17,77.82,2,1,6,3,61.82,1,2,0,67.23,11:24:00,1
STU00491,EEE,2026-01-31,60,14:10:00,14:50:00,2,0,0,20.86,46.97,39.57,1,0,1,1,43.61,0,0,0,79.82,14:47:00,0
STU00492,ECE,2026-03-28,60,09:00:00,10:01:00,0,0,0,24.54,15.85,23.84,0,0,2,0,27.45,0,0,0,32.68,09:59:00,0
STU00493,MECH,2026-01-21,90,10:06:00,10:42:00,0,0,0,9.9,31.61,23.16,0,0,2,1,21.98,0,0,0,28.85,10:40:00,0
STU00494,MECH,2026-03-07,60,10:08:00,11:05:00,1,0,0,11.23,24.0,10.13,0,0,0,1,24.02,0,0,0,27.41,11:03:00,0
STU00495,ECE,2026-01-19,60,14:02:00,14:54:00,1,0,0,22.27,11.17,20.29,0,0,2,1,24.56,0,0,0,52.14,14:53:00,0
STU00496,ECE,2026-01-26,60,14:08:00,14:42:00,0,0,1,27.92,32.28,20.31,0,1,2,0,6.66,0,0,0,49.51,14:41:00,0
STU00497,IT,2026-01-14,90,14:03:00,14:51:00,1,0,0,21.52,29.05,26.13,0,1,1,0,5.9,0,0,0,50.48,14:50:00,0
STU00498,EEE,2026-01-04,60,14:10:00,15:03:00,0,0,1,20.09,14.88,17.66,0,1,1,1,11.89,0,0,0,62.05,15:03:00,0
STU00499,IT,2026-03-03,120,14:04:00,14:47:00,0,0,0,20.62,10.43,25.64,0,0,1,1,26.92,0,0,0,34.56,14:47:00,0
STU00500,EEE,2026-03-04,90,10:04:00,10:51:00,1,0,0,17.83,6.51,9.66,0,0,2,0,23.76,0,0,0,42.36,10:50:00,0
STU00501,CSE,2026-01-29,120,10:05:00,10:56:00,3,1,0,64.21,70.15,55.43,1,2,7,4,83.57,2,0,1,109.55,10:53:00,1
STU00502,CSE,2026-03-20,60,09:07:00,09:41:00,0,0,0,5.93,22.21,18.73,0,1,2,1,39.04,0,0,0,36.96,09:40:00,0
STU00503,ECE,2026-01-04,120,14:07:00,15:40:00,0,0,0,11.27,17.54,31.49,0,1,0,1,5.62,0,0,0,36.42,15:39:00,0
STU00504,EEE,2026-03-21,120,10:05:00,10:55:00,1,0,0,6.4,12.26,11.3,0,1,2,1,12.34,0,0,0,43.51,10:52:00,0
STU00505,ECE,2026-03-29,60,14:05:00,14:38:00,1,0,0,29.28,26.07,12.37,0,1,2,0,22.73,0,0,0,68.09,14:35:00,0
STU00506,CIVIL,2026-02-07,90,09:10:00,09:59:00,7,0,0,67.79,79.69,64.7,2,3,6,4,62.51,1,1,2,68.19,09:57:00,1
STU00507,EEE,2026-02-26,60,10:07:00,10:50:00,4,1,1,64.92,78.09,53.42,4,5,8,4,60.71,0,2,0,50.5,10:49:00,1
STU00508,EEE,2026-03-02,120,14:04:00,15:47:00,0,0,0,22.86,34.19,23.06,0,0,2,1,24.2,0,0,0,51.0,15:45:00,0
STU00509,DS,2026-01-13,120,14:10:00,15:42:00,4,1,1,40.08,55.53,52.26,1,3,10,1,60.64,2,2,0,23.79,15:40:00,1
STU00510,EEE,2026-03-11,120,10:10:00,12:06:00,1,1,0,26.5,30.64,9.71,0,1,0,0,30.39,0,0,0,51.81,12:06:00,0
STU00511,CSE,2026-01-29,90,09:05:00,09:36:00,0,0,0,7.17,31.63,17.86,0,0,0,0,41.77,0,0,0,60.98,09:35:00,0
STU00512,DS,2026-01-29,90,09:01:00,09:37:00,1,0,0,11.2,28.18,27.76,0,1,0,1,33.34,0,0,0,37.3,09:37:00,0
STU00513,ECE,2026-03-06,90,14:07:00,15:08:00,2,0,0,39.28,46.18,31.71,1,0,5,1,40.28,0,1,1,62.64,15:08:00,1
STU00514,DS,2026-03-19,60,14:04:00,14:42:00,6,0,0,47.93,71.56,57.19,3,1,10,2,78.38,0,1,2,31.39,14:40:00,1
STU00515,CIVIL,2026-02-03,120,14:07:00,14:57:00,1,1,0,14.44,26.62,28.78,0,0,0,0,24.33,0,0,0,68.23,14:55:00,0
STU00516,CSE,2026-02-16,90,14:03:00,15:08:00,2,1,0,25.28,31.75,38.06,1,1,2,1,47.58,1,0,0,46.95,15:06:00,1
STU00517,IT,2026-03-01,60,14:05:00,14:58:00,1,1,0,8.33,27.42,28.07,0,1,2,0,22.94,0,0,0,32.42,14:56:00,0
STU00518,IT,2026-04-01,90,09:05:00,09:46:00,6,1,1,58.0,57.42,73.68,1,5,4,4,70.73,2,2,0,51.44,09:46:00,1
STU00519,CIVIL,2026-01-17,90,10:04:00,11:27:00,0,0,0,29.58,24.27,32.29,0,1,1,0,39.39,0,0,0,66.16,11:27:00,0
STU00520,ECE,2026-03-16,60,10:08:00,10:51:00,1,0,0,26.23,52.54,43.91,1,0,5,1,56.24,1,1,0,64.95,10:51:00,1
STU00521,AIML,2026-03-08,120,09:10:00,10:56:00,3,0,1,32.62,35.52,37.08,1,1,5,0,62.18,0,1,1,24.28,10:56:00,1
STU00522,ECE,2026-01-15,60,14:04:00,14:44:00,1,0,1,24.23,20.92,6.49,0,0,2,0,15.0,0,0,0,51.41,14:43:00,0
STU00523,CIVIL,2026-01-12,90,14:02:00,14:49:00,4,1,1,57.65,73.68,77.22,4,5,9,1,74.15,2,0,0,73.68,14:47:00,1
STU00524,EEE,2026-03-22,60,09:02:00,09:57:00,0,0,0,20.22,18.54,15.9,0,1,1,0,30.08,0,0,0,25.2,09:54:00,0
STU00525,DS,2026-01-24,90,10:09:00,11:20:00,3,0,0,35.87,45.94,25.2,0,1,5,1,51.29,0,1,0,29.43,11:20:00,1
STU00526,AIML,2026-03-07,120,14:09:00,16:01:00,1,0,0,26.35,26.18,13.54,0,1,1,0,44.11,0,0,0,59.34,16:01:00,0
STU00527,DS,2026-03-23,120,14:08:00,16:09:00,1,0,1,15.18,18.67,28.43,0,0,2,1,37.12,0,0,0,37.69,16:08:00,0
STU00528,MECH,2026-03-03,90,10:08:00,11:40:00,1,0,0,18.31,23.03,17.8,0,1,1,1,15.61,0,0,0,53.95,11:38:00,0
STU00529,AIML,2026-02-04,120,10:03:00,11:47:00,0,0,1,25.4,5.61,33.62,0,1,0,1,28.39,0,0,0,60.09,11:45:00,0
STU00530,DS,2026-01-06,90,09:01:00,09:44:00,1,1,0,30.95,47.56,49.47,1,0,2,0,48.12,1,1,1,15.67,09:43:00,1
STU00531,DS,2026-01-11,120,10:07:00,10:44:00,0,0,0,17.01,30.89,26.89,0,0,1,1,13.11,0,0,0,58.57,10:44:00,0
STU00532,IT,2026-03-19,90,10:05:00,10:55:00,5,0,1,54.74,50.59,52.92,2,3,4,3,63.66,1,0,0,51.99,10:53:00,1
STU00533,AIML,2026-03-25,60,09:10:00,09:50:00,0,1,0,16.27,33.39,33.42,0,0,0,1,37.1,0,0,0,57.89,09:47:00,0
STU00534,DS,2026-01-29,120,09:10:00,10:03:00,0,0,0,23.38,22.51,10.17,0,1,2,0,37.56,0,0,0,35.44,10:03:00,0
STU00535,EEE,2026-01-03,90,10:07:00,11:33:00,0,1,1,8.55,21.21,32.6,0,1,1,1,41.46,0,0,0,49.5,11:30:00,1
STU00536,CSE,2026-03-06,60,14:06:00,14:52:00,0,0,0,6.41,23.87,22.79,0,1,0,0,14.21,0,0,0,42.9,14:52:00,0
STU00537,ECE,2026-03-08,60,14:02:00,14:36:00,1,0,0,40.38,52.23,41.12,1,0,5,2,46.1,0,1,1,57.76,14:35:00,1
STU00538,CIVIL,2026-01-09,60,14:01:00,14:44:00,3,0,1,43.53,47.4,32.76,0,0,4,1,41.92,0,1,1,53.44,14:42:00,1
STU00539,EEE,2026-02-20,60,10:10:00,10:44:00,0,0,1,24.32,11.34,26.36,0,1,2,1,33.12,0,0,0,28.45,10:42:00,0
STU00540,ECE,2026-01-09,60,09:02:00,09:37:00,1,1,1,32.9,57.74,33.66,0,1,2,1,50.24,1,0,0,39.56,09:36:00,1
STU00541,DS,2026-03-17,120,14:01:00,15:38:00,1,0,0,12.99,25.64,29.8,0,0,1,0,39.85,0,0,0,29.41,15:36:00,0
STU00542,CSE,2026-02-28,90,09:00:00,10:22:00,15,0,0,79.95,97.36,99.4,5,6,21,8,91.05,3,4,5,28.72,10:20:00,1
STU00543,AIML,2026-03-26,120,10:00:00,10:37:00,0,0,0,13.64,5.18,12.89,0,1,2,1,43.78,0,0,0,25.36,10:35:00,0
STU00544,AIML,2026-02-09,60,10:10:00,11:09:00,1,0,1,12.11,29.71,14.75,0,1,2,1,15.9,0,0,0,48.23,11:06:00,0
STU00545,EEE,2026-01-03,120,09:09:00,10:36:00,2,0,0,25.85,57.93,53.66,1,1,1,2,41.35,0,0,1,19.09,10:35:00,1
STU00546,ECE,2026-02-25,60,09:06:00,09:49:00,1,0,0,19.12,25.99,22.82,0,0,2,1,44.18,0,0,0,47.27,09:49:00,0
STU00547,DS,2026-01-13,90,14:07:00,15:29:00,1,0,0,5.88,29.85,29.46,0,0,0,1,41.95,0,0,0,44.23,15:27:00,0
STU00548,DS,2026-02-26,120,09:06:00,10:37:00,18,0,0,94.34,99.36,98.1,6,8,22,7,80.19,3,1,5,77.32,10:35:00,1
STU00549,EEE,2026-01-04,120,10:05:00,12:06:00,3,0,0,24.86,25.27,37.58,0,1,4,0,40.88,1,1,1,62.9,12:03:00,1
STU00550,CSE,2026-03-18,90,09:07:00,10:03:00,3,1,0,38.98,39.08,28.68,1,0,4,0,53.35,1,1,1,33.79,10:01:00,1
STU00551,AIML,2026-03-01,120,09:07:00,09:49:00,1,0,1,5.45,5.32,32.1,0,0,1,0,44.05,0,0,0,48.75,09:46:00,0
STU00552,EEE,2026-01-21,120,10:07:00,11:05:00,0,0,0,28.73,5.64,8.79,0,0,2,1,30.72,0,0,0,35.7,11:05:00,0
STU00553,ECE,2026-02-01,60,10:02:00,10:45:00,0,0,1,6.93,18.6,13.37,0,0,0,0,30.33,0,0,0,37.48,10:42:00,0
STU00554,MECH,2026-03-11,60,09:05:00,09:55:00,0,0,0,28.26,18.14,18.99,0,0,0,1,37.21,0,0,0,54.12,09:53:00,0
STU00555,AIML,2026-03-04,90,10:03:00,10:50:00,15,1,1,78.51,98.72,92.98,3,11,22,2,83.61,4,3,2,19.19,10:49:00,1
STU00556,EEE,2026-03-30,60,10:08:00,11:08:00,1,0,1,22.54,33.56,5.48,0,1,2,1,12.0,0,0,0,43.8,11:05:00,0
STU00557,AIML,2026-03-19,120,09:03:00,10:39:00,1,0,1,13.01,26.36,27.59,0,1,0,0,5.54,0,0,0,40.51,10:36:00,0
STU00558,CSE,2026-02-22,60,10:05:00,10:58:00,1,0,0,26.74,28.11,27.71,1,2,2,0,38.4,1,0,0,64.4,10:55:00,0
STU00559,ECE,2026-01-09,90,09:02:00,10:23:00,0,0,0,15.83,9.31,9.9,0,1,1,1,12.73,0,0,0,25.81,10:21:00,0
STU00560,CSE,2026-02-09,60,10:04:00,10:41:00,0,0,0,26.28,6.7,15.72,0,0,2,0,44.96,0,0,0,43.44,10:38:00,0
STU00561,EEE,2026-03-03,120,09:00:00,11:02:00,5,1,1,61.83,78.47,58.61,3,3,10,3,76.61,1,0,2,53.32,11:00:00,1
STU00562,IT,2026-02-02,120,10:05:00,11:28:00,0,0,0,21.93,5.74,15.82,0,1,2,1,15.61,0,0,0,41.35,11:28:00,0
STU00563,EEE,2026-01-10,60,09:09:00,09:46:00,0,0,0,9.75,33.34,22.56,0,0,2,0,29.14,0,0,0,44.6,09:44:00,0
STU00564,CSE,2026-03-08,60,09:08:00,09:49:00,0,0,0,10.82,32.33,12.23,0,1,1,1,42.98,0,0,0,63.31,09:47:00,0
STU00565,AIML,2026-01-23,120,14:00:00,15:13:00,16,1,1,68.1,87.14,82.22,10,9,15,7,84.88,3,5,1,47.89,15:12:00,1
STU00566,DS,2026-02-06,120,14:07:00,15:45:00,0,0,0,9.24,34.97,27.01,0,1,2,0,22.79,0,0,0,54.31,15:42:00,0
STU00567,ECE,2026-03-07,120,09:06:00,10:04:00,1,1,1,18.56,26.73,15.61,0,1,0,1,17.79,0,0,0,29.98,10:03:00,1
STU00568,AIML,2026-03-26,120,10:09:00,10:40:00,0,0,1,9.5,26.96,17.09,0,0,1,1,14.28,0,0,0,46.07,10:39:00,0
STU00569,DS,2026-04-01,90,14:09:00,15:11:00,0,0,0,6.98,29.14,7.94,0,0,0,1,11.04,0,0,0,45.64,15:11:00,0
STU00570,CIVIL,2026-02-28,120,14:05:00,15:38:00,1,0,0,47.64,46.09,41.63,1,1,5,2,47.17,1,1,1,50.18,15:35:00,1
STU00571,MECH,2026-03-08,90,10:06:00,11:13:00,16,1,0,80.16,87.71,83.62,7,11,14,5,95.75,5,5,2,48.41,11:13:00,1
STU00572,ECE,2026-03-18,120,14:03:00,15:15:00,1,0,1,28.54,11.33,29.04,0,1,1,0,28.51,0,0,0,56.12,15:12:00,0
STU00573,CIVIL,2026-03-13,60,09:09:00,09:57:00,1,0,0,7.5,29.59,9.45,0,0,0,1,9.38,0,0,0,25.51,09:55:00,0
STU00574,AIML,2026-03-18,90,09:00:00,09:52:00,7,0,1,41.5,79.0,72.84,3,3,4,2,74.72,1,0,2,107.73,09:49:00,1
STU00575,CSE,2026-03-08,90,14:05:00,15:18:00,1,1,0,22.24,26.92,16.78,0,0,1,0,26.9,0,0,0,31.37,15:15:00,0
STU00576,IT,2026-02-24,120,10:07:00,11:45:00,0,0,0,9.52,28.04,8.26,0,0,2,1,21.33,0,0,0,25.31,11:43:00,0
STU00577,DS,2026-03-15,90,14:10:00,15:02:00,5,0,1,48.36,67.31,57.33,1,1,4,3,67.9,0,2,1,76.77,15:00:00,1
STU00578,EEE,2026-02-02,90,10:00:00,10:31:00,1,0,0,24.82,29.05,31.86,0,0,1,0,31.97,0,0,0,25.72,10:30:00,0
STU00579,IT,2026-03-13,90,09:00:00,10:09:00,7,0,1,59.5,79.15,69.83,1,3,6,1,73.92,0,2,2,15.24,10:06:00,1
STU00580,DS,2026-02-17,90,10:00:00,11:08:00,1,1,0,14.74,12.89,27.35,0,1,2,1,23.86,0,0,0,29.69,11:05:00,0
STU00581,MECH,2026-02-16,90,14:02:00,15:04:00,2,0,0,26.43,34.83,30.5,1,2,2,0,48.81,0,0,0,75.16,15:03:00,0
STU00582,EEE,2026-03-13,60,10:02:00,10:54:00,1,0,0,38.78,41.93,47.71,0,2,5,2,58.11,1,1,1,69.22,10:53:00,1
STU00583,ECE,2026-03-06,90,10:04:00,10:57:00,1,0,1,17.78,11.56,14.3,0,1,2,1,31.52,0,0,0,63.43,10:56:00,0
STU00584,CSE,2026-01-21,120,14:03:00,15:34:00,1,0,0,29.82,12.36,33.07,0,1,2,1,35.92,0,0,0,37.69,15:31:00,0
STU00585,CIVIL,2026-01-03,60,14:07:00,14:40:00,9,1,1,69.42,94.3,82.23,7,10,17,3,89.74,4,2,4,102.54,14:38:00,1
STU00586,MECH,2026-03-03,120,14:08:00,14:47:00,7,1,1,57.8,75.71,76.49,3,3,7,1,82.69,2,2,2,101.38,14:46:00,1
STU00587,MECH,2026-04-01,90,10:09:00,11:17:00,1,0,0,15.36,19.29,16.6,0,1,0,0,39.64,0,0,0,44.41,11:16:00,0
STU00588,MECH,2026-01-28,90,09:01:00,10:18:00,2,0,0,25.63,41.23,48.91,0,0,3,1,59.35,0,0,0,81.3,10:15:00,0
STU00589,ECE,2026-03-25,120,14:02:00,15:33:00,1,0,1,11.38,12.59,29.56,0,1,0,0,42.46,0,0,0,47.67,15:30:00,0
STU00590,CSE,2026-01-11,60,10:00:00,10:44:00,2,0,0,21.38,42.11,50.38,0,1,1,1,43.74,1,1,1,51.6,10:42:00,1
STU00591,IT,2026-01-21,60,10:06:00,10:56:00,7,1,1,68.82,78.03,98.49,6,8,8,2,86.6,5,5,4,75.59,10:55:00,1
STU00592,ECE,2026-01-07,120,09:08:00,11:05:00,3,1,0,68.49,58.76,72.25,1,5,8,2,73.21,0,0,0,44.19,11:05:00,1
STU00593,ECE,2026-02-22,90,14:07:00,14:57:00,2,0,0,31.19,42.85,44.1,1,0,5,0,45.47,1,0,0,27.18,14:57:00,1
STU00594,MECH,2026-03-08,90,14:08:00,14:41:00,0,0,0,16.95,24.69,17.83,0,1,1,1,18.58,0,0,0,59.86,14:39:00,0
STU00595,EEE,2026-01-24,90,10:10:00,11:26:00,1,0,0,11.83,9.55,15.56,0,0,1,0,43.36,0,0,0,26.87,11:25:00,0
STU00596,CIVIL,2026-01-16,90,09:08:00,10:31:00,0,0,0,28.2,15.42,24.65,0,1,2,0,28.57,0,0,0,49.77,10:30:00,0
STU00597,CIVIL,2026-02-17,120,09:03:00,11:04:00,3,0,0,21.63,55.15,47.35,1,2,2,0,42.05,1,1,1,64.44,11:01:00,1
STU00598,CSE,2026-03-06,120,14:03:00,15:50:00,3,1,0,47.3,52.2,54.19,1,4,7,1,64.75,0,0,2,83.72,15:47:00,1
STU00599,IT,2026-02-12,90,10:07:00,10:47:00,0,0,0,17.12,22.16,8.94,0,1,2,1,44.45,0,0,0,49.24,10:44:00,0
STU00600,ECE,2026-02-22,60,14:10:00,14:51:00,1,0,0,9.27,14.06,16.11,0,1,1,0,34.66,0,0,0,45.55,14:50:00,0
STU00601,ECE,2026-01-08,60,09:00:00,09:46:00,2,0,0,46.18,36.93,48.85,0,1,5,1,52.55,0,1,0,44.14,09:45:00,1
STU00602,IT,2026-01-10,120,09:07:00,10:59:00,2,0,1,41.57,28.4,45.79,0,2,5,2,51.86,1,1,0,63.36,10:59:00,1
STU00603,MECH,2026-01-06,60,10:08:00,11:07:00,0,0,0,24.88,16.93,6.17,0,0,1,0,31.86,0,0,0,63.77,11:06:00,0
STU00604,CIVIL,2026-03-11,120,14:00:00,15:03:00,1,0,0,22.94,17.36,18.85,0,1,0,0,10.76,0,0,0,32.98,15:02:00,0
STU00605,MECH,2026-01-30,90,09:01:00,09:55:00,1,0,0,24.12,20.7,24.14,0,0,0,1,36.13,0,0,0,68.36,09:52:00,0
STU00606,IT,2026-02-27,120,10:09:00,10:59:00,6,1,0,46.97,61.56,64.59,2,4,6,3,73.54,0,1,2,22.23,10:58:00,1
STU00607,CSE,2026-03-05,90,09:05:00,10:06:00,0,1,1,6.97,16.56,6.67,0,0,0,1,16.64,0,0,0,69.33,10:04:00,0
STU00608,IT,2026-01-26,60,10:03:00,10:49:00,2,1,1,32.38,32.97,47.48,0,0,5,2,48.21,1,0,1,15.88,10:48:00,1
STU00609,CSE,2026-01-17,120,14:00:00,15:30:00,7,1,1,64.17,75.33,77.56,3,4,8,4,65.52,0,0,1,81.2,15:30:00,1
STU00610,CSE,2026-02-16,90,14:09:00,14:46:00,0,0,0,23.64,6.4,7.62,0,0,0,1,40.57,0,0,0,30.26,14:44:00,0
STU00611,MECH,2026-01-18,90,14:07:00,14:42:00,0,0,0,23.17,6.72,20.19,0,1,0,0,36.74,0,0,0,48.87,14:40:00,0
STU00612,EEE,2026-03-21,120,14:00:00,15:20:00,1,1,0,28.37,10.95,19.13,0,0,1,1,18.16,0,0,0,63.76,15:20:00,0
STU00613,CIVIL,2026-03-28,90,14:04:00,15:07:00,6,1,1,41.18,58.49,63.74,4,4,10,1,80.74,0,2,2,93.32,15:05:00,1
STU00614,EEE,2026-03-31,90,10:09:00,11:26:00,1,0,0,12.42,22.72,31.0,0,0,0,1,7.17,0,0,0,27.08,11:25:00,0
STU00615,MECH,2026-01-26,120,14:03:00,14:54:00,1,0,1,14.76,9.62,21.75,0,1,2,0,7.1,0,0,0,59.87,14:52:00,0
STU00616,IT,2026-03-13,90,14:06:00,14:41:00,0,0,0,25.36,31.91,13.28,0,0,0,0,29.01,0,0,0,25.53,14:41:00,0
STU00617,IT,2026-03-01,90,10:09:00,10:45:00,0,0,0,24.41,19.53,6.12,0,1,1,0,17.06,0,0,0,62.19,10:43:00,0
STU00618,DS,2026-02-21,90,10:04:00,11:10:00,1,0,0,27.68,23.29,22.83,0,1,1,1,26.43,0,0,0,36.38,11:10:00,0
STU00619,DS,2026-01-30,90,10:04:00,11:06:00,0,0,0,6.91,16.9,25.16,0,0,0,0,9.75,0,0,0,58.99,11:05:00,0
STU00620,CIVIL,2026-02-26,90,09:10:00,10:21:00,0,0,1,6.84,14.44,25.49,0,1,1,0,38.56,0,0,0,37.74,10:19:00,0
STU00621,MECH,2026-01-29,60,10:09:00,10:47:00,1,0,0,27.05,20.47,14.15,0,0,2,0,29.21,0,0,0,44.54,10:44:00,0
STU00622,DS,2026-01-10,60,09:02:00,09:38:00,2,0,0,24.06,34.86,54.59,1,0,4,0,47.21,1,1,0,15.99,09:38:00,1
STU00623,CIVIL,2026-01-21,90,14:04:00,15:01:00,0,0,0,9.88,17.41,8.46,0,1,0,0,37.75,0,0,0,52.57,15:00:00,0
STU00624,CIVIL,2026-02-07,120,10:03:00,11:02:00,2,0,1,30.03,39.92,48.92,1,1,3,2,62.75,1,0,0,82.38,11:02:00,1
STU00625,EEE,2026-01-30,120,10:03:00,12:03:00,0,0,0,6.92,31.07,27.74,0,1,1,0,7.35,0,0,0,26.92,12:02:00,0
STU00626,CSE,2026-02-21,60,10:09:00,10:53:00,14,1,0,76.1,75.4,86.52,9,8,21,5,96.98,1,1,3,62.55,10:50:00,1
STU00627,AIML,2026-02-06,90,10:08:00,10:50:00,0,0,0,17.63,19.16,31.24,0,0,2,1,14.31,0,0,0,27.19,10:47:00,0
STU00628,EEE,2026-03-27,60,09:03:00,10:02:00,3,0,1,39.48,53.12,38.55,0,1,1,1,55.6,0,1,0,36.71,10:02:00,1
STU00629,DS,2026-02-09,120,10:01:00,11:30:00,0,1,0,10.7,33.55,15.1,0,1,0,1,6.2,0,0,0,52.55,11:28:00,0
STU00630,EEE,2026-01-07,120,10:03:00,12:06:00,1,1,0,13.01,32.13,24.12,0,0,1,1,8.76,0,0,0,59.07,12:03:00,0
STU00631,CIVIL,2026-02-14,120,14:02:00,14:51:00,17,1,1,96.15,83.44,84.23,7,4,9,8,98.01,4,4,5,85.53,14:50:00,1
STU00632,CSE,2026-01-01,60,14:04:00,15:02:00,0,0,0,17.88,27.1,25.83,0,0,0,0,14.37,0,0,0,30.58,15:00:00,0
STU00633,MECH,2026-03-15,120,14:09:00,16:02:00,0,0,0,5.29,34.1,5.37,0,1,2,0,9.85,0,0,0,42.09,16:01:00,0
STU00634,EEE,2026-01-01,60,09:10:00,10:09:00,6,1,1,42.86,74.18,53.07,4,1,4,2,66.04,1,0,2,72.36,10:09:00,1
STU00635,CIVIL,2026-03-17,120,09:07:00,10:39:00,0,0,0,28.61,27.81,19.22,0,0,1,1,14.45,0,0,0,49.23,10:39:00,0
STU00636,DS,2026-01-22,60,09:02:00,10:01:00,6,1,1,60.36,61.08,76.01,2,2,6,1,63.79,0,1,2,91.19,10:00:00,1
STU00637,MECH,2026-01-24,120,10:09:00,10:46:00,3,1,0,22.26,40.52,43.94,1,0,3,2,40.01,0,0,0,84.55,10:46:00,1
STU00638,CIVIL,2026-01-31,90,14:07:00,15:09:00,1,0,0,20.87,57.19,31.7,1,1,1,0,36.79,1,0,1,39.18,15:08:00,0
STU00639,DS,2026-01-05,90,10:06:00,11:07:00,3,0,0,45.25,27.66,27.17,0,2,1,1,50.63,1,0,0,52.89,11:07:00,1
STU00640,DS,2026-03-03,120,10:08:00,10:58:00,1,0,0,13.16,23.16,23.65,0,0,1,1,28.61,0,0,0,45.84,10:55:00,0
STU00641,AIML,2026-02-09,60,10:08:00,11:00:00,0,1,0,13.06,22.23,31.27,0,1,2,1,38.03,0,0,0,64.56,11:00:00,0
STU00642,DS,2026-02-12,60,09:00:00,09:42:00,1,1,0,13.26,27.85,32.1,0,0,0,1,22.58,0,0,0,60.59,09:39:00,0
STU00643,AIML,2026-02-25,60,14:06:00,14:45:00,2,1,0,44.49,26.31,39.4,0,2,2,0,47.65,1,1,0,24.04,14:43:00,1
STU00644,IT,2026-03-10,90,10:01:00,11:18:00,0,0,0,20.51,17.19,6.46,0,0,2,0,13.1,0,0,0,48.35,11:18:00,0
STU00645,IT,2026-02-19,120,09:00:00,10:12:00,1,0,0,5.99,23.03,23.54,0,0,0,1,17.14,0,0,0,29.85,10:09:00,0
STU00646,CIVIL,2026-02-11,90,10:03:00,10:43:00,0,0,0,14.11,15.25,22.86,0,1,2,0,21.78,0,0,0,59.76,10:41:00,0
STU00647,MECH,2026-03-07,120,10:08:00,10:41:00,1,1,0,24.42,46.92,48.5,1,0,1,0,54.54,1,1,0,74.19,10:41:00,1
STU00648,CSE,2026-02-27,60,10:04:00,10:34:00,1,0,1,5.69,17.39,23.72,0,0,2,1,9.01,0,0,0,57.64,10:34:00,0
STU00649,CSE,2026-01-08,120,14:00:00,14:51:00,6,1,1,63.79,54.5,49.14,4,3,8,3,66.41,1,0,0,31.8,14:51:00,1
STU00650,CSE,2026-02-06,60,14:03:00,14:51:00,0,0,0,5.74,15.26,30.49,0,1,2,0,23.97,0,0,0,61.19,14:50:00,0
STU00651,MECH,2026-01-16,90,10:05:00,10:41:00,1,0,0,13.53,7.82,34.88,0,1,1,0,32.79,0,0,0,31.51,10:40:00,0
STU00652,CSE,2026-02-12,60,09:00:00,10:01:00,1,0,0,27.88,57.58,30.0,0,2,5,1,60.02,1,0,0,44.16,10:00:00,1
STU00653,DS,2026-03-28,60,14:09:00,14:41:00,0,0,0,11.43,8.44,31.38,0,1,1,0,40.13,0,0,0,69.78,14:41:00,0
STU00654,ECE,2026-01-04,60,14:08:00,14:45:00,3,1,0,26.68,41.85,47.84,0,2,2,2,53.33,0,1,0,30.7,14:42:00,1
STU00655,CIVIL,2026-02-23,60,14:00:00,14:55:00,3,0,0,42.87,52.55,47.73,1,1,3,1,57.8,0,0,0,80.99,14:54:00,1
STU00656,CSE,2026-01-10,120,09:01:00,10:13:00,2,0,0,31.19,27.37,47.73,0,2,3,0,35.45,0,0,1,83.88,10:13:00,0
STU00657,ECE,2026-03-21,60,10:08:00,10:49:00,1,0,1,27.54,17.95,25.19,0,1,0,1,11.71,0,0,0,49.09,10:46:00,0
STU00658,IT,2026-02-25,90,09:04:00,10:28:00,2,0,1,36.61,53.23,35.79,0,1,2,0,53.54,1,0,1,58.74,10:25:00,1
STU00659,IT,2026-01-04,120,10:02:00,11:52:00,1,0,1,6.92,27.72,34.12,0,1,0,1,28.18,0,0,0,65.01,11:52:00,0
STU00660,IT,2026-03-26,60,09:01:00,09:40:00,1,0,1,29.5,57.41,54.16,1,2,4,1,46.01,0,0,0,61.78,09:39:00,1
STU00661,MECH,2026-03-04,60,14:05:00,14:57:00,0,0,0,24.08,21.98,21.76,0,1,1,1,16.63,0,0,0,40.97,14:56:00,0
STU00662,AIML,2026-03-17,60,10:07:00,10:57:00,1,0,0,22.08,12.94,30.44,0,1,0,1,16.75,0,0,0,53.93,10:57:00,0
STU00663,AIML,2026-02-12,60,14:02:00,14:41:00,6,1,0,54.46,54.63,50.52,4,5,4,1,68.2,0,1,2,25.74,14:41:00,1
STU00664,AIML,2026-03-09,90,09:10:00,10:00:00,0,0,0,9.28,5.29,29.58,0,0,2,1,25.12,0,0,0,57.23,09:58:00,0
STU00665,CSE,2026-03-09,120,14:05:00,15:24:00,1,1,0,16.35,35.0,31.13,0,0,1,0,6.42,0,0,0,29.76,15:22:00,0
STU00666,EEE,2026-02-19,120,14:07:00,15:39:00,1,1,0,10.81,29.37,6.77,0,1,1,0,37.22,0,0,0,27.06,15:36:00,0
STU00667,DS,2026-03-26,90,10:06:00,11:03:00,0,0,0,19.9,12.14,30.91,0,1,2,0,30.42,0,0,0,40.31,11:02:00,0
STU00668,MECH,2026-03-13,90,14:10:00,15:02:00,6,1,0,44.99,59.64,55.82,2,5,5,4,83.75,0,1,1,17.38,15:02:00,1
STU00669,CIVIL,2026-04-01,120,14:08:00,14:47:00,2,0,0,30.8,35.59,50.3,1,1,1,1,61.06,0,1,1,49.77,14:47:00,1
STU00670,ECE,2026-02-07,60,14:07:00,14:58:00,2,1,0,34.57,46.81,35.06,1,1,5,0,42.17,0,0,0,29.72,14:56:00,1
STU00671,CIVIL,2026-03-15,120,14:09:00,15:55:00,6,1,1,41.52,53.16,50.58,1,5,9,2,65.05,0,1,0,80.28,15:52:00,1
STU00672,AIML,2026-02-05,90,14:07:00,15:03:00,1,1,0,9.9,29.92,23.82,0,0,0,0,44.45,0,0,0,44.92,15:00:00,0
STU00673,MECH,2026-02-16,90,09:07:00,10:13:00,0,0,0,23.85,9.04,21.91,0,0,2,1,43.0,0,0,0,29.83,10:12:00,0
STU00674,AIML,2026-02-13,90,10:02:00,10:45:00,1,0,1,21.94,23.51,30.11,0,0,2,1,25.66,0,0,0,53.27,10:42:00,0
STU00675,ECE,2026-01-05,120,10:09:00,11:15:00,2,0,1,47.49,45.51,49.75,0,1,1,2,46.66,1,1,0,48.86,11:14:00,1
STU00676,CSE,2026-01-07,60,14:04:00,14:49:00,1,0,1,9.75,21.14,13.18,0,0,1,0,36.35,0,0,0,66.11,14:49:00,0
STU00677,CIVIL,2026-02-13,60,10:09:00,11:00:00,1,1,1,29.09,14.93,19.9,0,1,0,1,17.9,0,0,0,54.57,10:57:00,1
STU00678,EEE,2026-02-03,60,14:00:00,14:51:00,0,0,0,14.81,33.28,14.38,0,1,2,0,14.93,0,0,0,69.37,14:51:00,0
STU00679,CIVIL,2026-01-16,60,09:01:00,09:38:00,1,0,0,8.97,21.05,33.62,0,1,2,1,27.32,0,0,0,66.75,09:37:00,0
STU00680,AIML,2026-02-10,90,14:00:00,15:19:00,1,0,0,16.65,29.46,13.93,0,1,0,0,35.36,0,0,0,27.28,15:18:00,0
STU00681,CSE,2026-02-12,120,09:08:00,11:08:00,18,1,0,87.26,82.89,91.75,6,8,21,8,97.21,1,2,3,70.15,11:08:00,1
STU00682,CIVIL,2026-01-11,60,09:01:00,09:38:00,1,0,0,20.86,19.97,23.21,0,0,0,0,21.13,0,0,0,28.04,09:38:00,0
STU00683,IT,2026-02-22,120,09:00:00,10:19:00,3,1,0,47.01,52.38,41.14,0,0,5,0,63.84,1,0,1,19.88,10:18:00,1
STU00684,DS,2026-01-26,90,14:03:00,15:04:00,5,0,0,52.78,53.66,48.06,3,1,7,2,78.21,2,1,0,85.48,15:01:00,1
STU00685,CIVIL,2026-01-24,120,09:09:00,11:08:00,0,1,0,6.03,13.22,33.51,0,0,0,1,41.96,0,0,0,27.85,11:08:00,0
STU00686,DS,2026-01-16,60,14:08:00,15:08:00,5,0,1,59.16,55.82,52.82,4,3,6,4,71.17,2,1,0,36.17,15:08:00,1
STU00687,CSE,2026-01-26,90,14:08:00,15:34:00,3,0,0,23.96,52.64,40.5,1,0,1,2,35.77,0,0,0,37.28,15:33:00,0
STU00688,MECH,2026-01-21,90,09:09:00,09:57:00,5,1,1,40.67,78.88,75.95,4,1,7,3,75.02,1,2,0,96.7,09:56:00,1
STU00689,AIML,2026-01-29,90,09:04:00,10:02:00,7,1,1,58.4,57.65,77.91,4,3,6,4,60.3,1,0,1,107.04,09:59:00,1
STU00690,IT,2026-02-05,120,09:09:00,09:59:00,1,0,1,40.11,50.11,50.57,0,0,5,2,47.22,0,0,0,61.38,09:59:00,1
STU00691,MECH,2026-03-14,60,10:04:00,10:49:00,0,1,0,28.35,22.24,19.96,0,1,2,0,13.66,0,0,0,28.13,10:49:00,0
STU00692,ECE,2026-03-19,60,10:05:00,10:52:00,2,1,1,26.13,49.71,37.53,1,1,2,1,48.83,1,0,1,58.29,10:49:00,1
STU00693,ECE,2026-02-05,90,09:05:00,10:25:00,0,0,0,5.23,24.74,29.22,0,1,0,0,11.3,0,0,0,30.33,10:25:00,0
STU00694,AIML,2026-01-19,60,14:08:00,14:41:00,2,1,1,42.35,25.52,44.99,1,1,3,2,54.37,1,0,1,33.14,14:40:00,1
STU00695,ECE,2026-01-19,90,10:03:00,11:28:00,0,0,1,9.57,12.85,11.11,0,1,2,1,42.97,0,0,0,65.13,11:28:00,0
STU00696,EEE,2026-02-19,120,10:07:00,10:59:00,0,1,0,11.61,33.17,9.2,0,0,0,0,35.08,0,0,0,69.03,10:58:00,0
STU00697,EEE,2026-01-14,90,14:00:00,14:50:00,0,0,1,15.37,31.93,31.1,0,1,0,0,12.63,0,0,0,54.49,14:50:00,0
STU00698,EEE,2026-01-29,90,10:03:00,11:04:00,0,0,0,27.31,10.54,27.11,0,0,1,0,34.64,0,0,0,55.66,11:03:00,0
STU00699,CIVIL,2026-03-26,60,09:09:00,10:02:00,1,0,0,9.44,24.06,12.73,0,1,2,1,7.14,0,0,0,27.17,10:01:00,0
STU00700,EEE,2026-01-01,60,09:05:00,09:51:00,6,0,1,47.65,62.26,56.79,4,3,5,2,70.92,2,2,1,55.17,09:51:00,1
STU00701,CIVIL,2026-01-10,90,09:01:00,10:16:00,1,0,0,13.55,11.81,20.71,0,0,0,0,40.18,0,0,0,43.86,10:14:00,0
STU00702,ECE,2026-01-28,60,09:10:00,09:55:00,12,1,1,85.55,77.18,85.73,8,5,25,5,83.46,4,2,3,26.6,09:53:00,1
STU00703,IT,2026-03-25,120,14:02:00,15:43:00,0,0,0,16.79,18.18,7.02,0,0,2,1,9.34,0,0,0,42.55,15:43:00,0
STU00704,EEE,2026-01-30,120,14:09:00,14:42:00,3,0,0,58.94,74.84,57.93,3,2,10,4,65.29,2,0,0,49.14,14:41:00,1
STU00705,CIVIL,2026-01-12,90,14:06:00,15:16:00,2,1,0,25.28,45.3,33.92,1,1,2,0,52.84,1,0,1,84.3,15:13:00,1
STU00706,DS,2026-01-15,60,09:10:00,10:01:00,0,0,1,20.45,19.74,25.59,0,1,0,0,35.74,0,0,0,36.47,10:01:00,0
STU00707,CIVIL,2026-02-13,120,14:03:00,14:38:00,1,0,0,21.15,28.76,24.91,0,1,2,1,9.36,0,0,0,54.36,14:37:00,0
STU00708,ECE,2026-02-21,90,14:06:00,15:09:00,0,1,1,23.44,28.89,18.6,0,0,1,0,41.55,0,0,0,45.76,15:06:00,0
STU00709,CIVIL,2026-02-27,60,14:08:00,15:09:00,3,0,1,60.93,61.77,51.71,3,2,5,3,65.08,1,2,0,8.24,15:07:00,1
STU00710,EEE,2026-02-27,120,10:09:00,10:47:00,6,1,0,70.75,77.34,75.48,2,1,9,4,77.46,2,1,0,97.67,10:47:00,1
STU00711,CIVIL,2026-03-02,90,14:04:00,15:12:00,1,0,0,29.31,9.26,18.72,0,1,2,1,40.06,0,0,0,67.59,15:11:00,0
STU00712,AIML,2026-02-10,120,14:05:00,14:55:00,13,0,1,92.11,77.24,87.17,9,9,10,2,93.72,4,5,4,36.47,14:53:00,1
STU00713,AIML,2026-01-11,90,10:02:00,10:43:00,2,0,1,25.86,55.22,48.45,0,0,3,1,51.92,1,1,0,48.43,10:42:00,1
STU00714,CIVIL,2026-01-03,120,14:00:00,15:16:00,6,1,1,67.71,73.64,75.28,2,4,8,1,65.8,1,2,1,59.9,15:15:00,1
STU00715,ECE,2026-03-03,120,09:05:00,10:13:00,1,0,0,19.7,16.77,30.27,0,1,0,1,30.35,0,0,0,26.81,10:12:00,0
STU00716,CIVIL,2026-01-28,60,09:09:00,09:45:00,0,0,0,10.25,34.99,17.87,0,1,2,1,37.35,0,0,0,28.65,09:44:00,0
STU00717,CSE,2026-03-20,90,09:00:00,09:38:00,1,0,0,9.83,10.05,10.63,0,0,0,1,41.72,0,0,0,69.51,09:36:00,0
STU00718,DS,2026-02-05,120,10:07:00,12:06:00,0,0,1,29.74,14.59,26.15,0,0,1,0,7.11,0,0,0,47.83,12:06:00,0
STU00719,AIML,2026-03-04,120,10:09:00,12:04:00,1,1,1,38.02,31.57,37.95,1,1,4,2,48.26,0,0,0,81.03,12:04:00,1
STU00720,CIVIL,2026-03-14,120,14:08:00,15:03:00,0,1,0,14.34,6.09,10.58,0,1,1,1,9.08,0,0,0,36.33,15:02:00,0
STU00721,MECH,2026-02-19,90,10:07:00,10:57:00,3,1,1,61.01,68.74,59.09,2,1,5,1,65.42,0,2,2,96.24,10:55:00,1
STU00722,ECE,2026-02-15,60,14:07:00,14:59:00,15,0,1,72.25,80.87,94.18,10,8,25,7,82.17,1,4,1,51.11,14:58:00,1
STU00723,MECH,2026-03-21,60,14:08:00,14:55:00,0,0,1,7.6,27.22,14.65,0,0,0,0,20.64,0,0,0,25.7,14:52:00,0
STU00724,CSE,2026-01-18,120,14:10:00,15:09:00,9,1,1,77.83,87.92,96.43,7,6,8,2,90.94,2,2,5,30.9,15:07:00,1
STU00725,IT,2026-02-21,120,10:02:00,11:19:00,0,1,0,21.92,17.98,34.82,0,1,2,1,24.26,0,0,0,50.79,11:17:00,0
STU00726,MECH,2026-02-08,90,10:08:00,11:36:00,0,0,0,20.93,8.54,29.47,0,0,1,1,21.71,0,0,0,27.25,11:34:00,0
STU00727,ECE,2026-02-15,60,09:04:00,09:44:00,7,0,1,81.36,92.91,84.93,9,8,21,5,92.07,4,4,3,8.86,09:41:00,1
STU00728,CIVIL,2026-01-30,90,09:00:00,09:35:00,0,1,0,23.35,16.89,32.98,0,0,2,1,17.85,0,0,0,42.22,09:34:00,0
STU00729,ECE,2026-01-13,120,09:00:00,10:10:00,0,0,1,23.8,34.56,28.78,0,0,2,1,29.78,0,0,0,65.46,10:08:00,0
STU00730,DS,2026-03-16,120,10:09:00,11:14:00,3,1,0,46.18,50.85,29.4,1,1,1,2,39.68,1,0,0,60.22,11:13:00,1
STU00731,CIVIL,2026-02-02,120,10:08:00,12:02:00,1,0,0,20.23,8.72,8.0,0,0,1,0,32.58,0,0,0,60.16,12:02:00,0
STU00732,ECE,2026-01-23,90,09:02:00,09:44:00,3,0,1,20.45,31.89,45.54,0,0,1,2,41.3,0,1,1,47.42,09:43:00,1
STU00733,DS,2026-01-08,60,14:10:00,14:45:00,1,1,1,24.57,25.26,19.45,0,1,2,1,40.52,0,0,0,45.23,14:42:00,1
STU00734,EEE,2026-02-25,60,09:04:00,09:50:00,3,1,1,52.07,69.26,54.18,3,5,4,3,78.87,1,0,2,83.14,09:50:00,1
STU00735,DS,2026-01-08,60,09:01:00,09:42:00,11,1,1,93.49,93.51,99.97,8,9,10,4,90.0,1,4,5,67.24,09:42:00,1
STU00736,MECH,2026-03-20,120,10:04:00,11:37:00,4,0,1,63.85,51.05,69.97,2,2,6,3,78.47,2,0,1,84.58,11:36:00,1
STU00737,AIML,2026-03-22,90,14:06:00,15:02:00,1,0,0,29.58,22.39,20.96,0,0,0,1,33.96,0,0,0,55.52,15:00:00,0
STU00738,CIVIL,2026-03-18,120,10:03:00,11:44:00,0,0,0,15.26,18.27,18.97,0,1,2,0,5.3,0,0,0,67.12,11:42:00,0
STU00739,IT,2026-02-19,90,09:03:00,09:44:00,1,0,0,7.6,16.34,11.76,0,0,1,1,19.87,0,0,0,47.02,09:43:00,0
STU00740,DS,2026-01-09,60,14:04:00,14:48:00,5,1,0,66.77,71.97,55.21,3,2,5,3,77.57,1,2,2,90.56,14:45:00,1
STU00741,ECE,2026-01-25,60,10:03:00,10:47:00,0,1,0,14.33,9.9,19.6,0,0,0,1,28.71,0,0,0,29.57,10:47:00,0
STU00742,CSE,2026-02-24,60,09:01:00,09:45:00,1,0,0,44.79,27.44,47.93,1,1,4,0,46.29,1,1,0,16.79,09:45:00,1
STU00743,CSE,2026-02-28,90,14:08:00,15:37:00,13,1,0,81.91,98.73,87.25,9,12,16,6,91.38,5,3,3,67.2,15:34:00,1
STU00744,MECH,2026-01-10,120,14:07:00,15:48:00,2,1,0,25.78,28.61,33.41,1,1,5,0,36.92,1,0,1,27.68,15:47:00,1
STU00745,AIML,2026-01-06,120,10:10:00,11:58:00,1,0,0,10.93,32.67,7.58,0,0,1,0,24.47,0,0,0,30.01,11:56:00,0
STU00746,CIVIL,2026-02-05,120,14:03:00,14:37:00,0,0,0,23.11,23.24,8.54,0,0,2,0,26.35,0,0,0,29.2,14:35:00,0
STU00747,CSE,2026-02-08,120,09:04:00,10:55:00,1,1,0,22.14,34.81,30.34,0,1,0,0,8.83,0,0,0,60.63,10:53:00,0
STU00748,IT,2026-03-27,60,09:02:00,10:05:00,0,0,0,5.51,23.24,5.25,0,1,1,1,42.8,0,0,0,27.85,10:02:00,0
STU00749,CIVIL,2026-02-13,60,10:02:00,10:48:00,1,0,0,23.59,9.14,20.91,0,0,1,0,44.89,0,0,0,60.24,10:47:00,0
STU00750,IT,2026-03-04,120,10:03:00,11:29:00,6,1,1,46.61,68.22,53.78,2,2,8,4,61.44,1,1,2,24.37,11:26:00,1
STU00751,MECH,2026-03-09,120,09:00:00,10:25:00,3,0,1,46.01,26.78,30.7,1,2,4,2,64.92,1,0,1,72.92,10:23:00,1
STU00752,AIML,2026-03-22,120,10:08:00,11:09:00,1,0,0,22.62,5.73,32.28,0,0,1,1,26.83,0,0,0,37.04,11:08:00,0
STU00753,CSE,2026-02-05,60,10:00:00,10:34:00,5,1,1,43.23,62.42,72.35,2,2,7,2,66.25,0,0,0,53.39,10:34:00,1
STU00754,AIML,2026-03-23,120,14:09:00,15:10:00,7,0,1,50.07,67.44,70.68,1,4,6,1,82.15,0,2,0,42.99,15:07:00,1
STU00755,CSE,2026-02-07,90,10:09:00,11:03:00,1,1,0,14.33,7.39,12.02,0,0,2,0,38.45,0,0,0,69.57,11:00:00,0
STU00756,CIVIL,2026-03-14,60,14:00:00,14:45:00,1,0,0,7.86,9.71,8.9,0,1,1,1,42.58,0,0,0,64.93,14:45:00,0
STU00757,MECH,2026-01-13,90,09:05:00,09:39:00,0,0,0,18.89,18.47,31.83,0,0,0,0,42.68,0,0,0,59.59,09:38:00,0
STU00758,AIML,2026-01-04,90,09:02:00,09:43:00,5,1,1,69.02,71.23,48.32,3,5,8,1,69.49,0,0,1,49.47,09:40:00,1
STU00759,DS,2026-03-28,120,09:03:00,09:41:00,3,0,0,32.14,28.63,25.69,1,2,1,0,45.86,1,0,0,53.44,09:39:00,1
STU00760,DS,2026-01-06,90,14:05:00,15:37:00,1,0,1,36.42,41.64,52.13,0,1,4,2,35.64,1,0,0,41.54,15:35:00,1
STU00761,AIML,2026-02-13,60,10:08:00,10:59:00,6,1,0,65.42,68.62,61.6,1,5,7,1,78.1,1,1,1,87.43,10:57:00,1
STU00762,DS,2026-02-25,60,14:05:00,14:58:00,14,0,1,73.72,76.14,86.17,6,6,14,7,95.99,4,5,4,85.05,14:56:00,1
STU00763,IT,2026-03-18,120,14:04:00,15:27:00,0,0,0,18.8,25.02,33.79,0,0,1,0,25.84,0,0,0,41.62,15:26:00,0
STU00764,IT,2026-01-15,60,10:06:00,11:00:00,3,0,1,47.58,65.68,52.77,4,2,8,3,65.82,2,1,0,19.66,10:59:00,1
STU00765,AIML,2026-01-31,60,09:09:00,10:10:00,3,1,1,67.55,75.1,56.47,4,3,4,1,68.56,2,0,2,16.26,10:09:00,1
STU00766,CIVIL,2026-03-22,120,09:05:00,09:41:00,14,1,0,69.86,86.69,94.11,4,6,17,2,93.24,3,1,4,40.5,09:39:00,1
STU00767,CIVIL,2026-02-01,90,14:09:00,14:58:00,1,1,1,19.73,15.8,30.78,0,1,0,1,18.39,0,0,0,28.41,14:57:00,1
STU00768,DS,2026-03-16,60,14:03:00,14:51:00,0,0,0,5.73,24.17,12.74,0,1,1,1,20.18,0,0,0,30.76,14:48:00,0
STU00769,CIVIL,2026-02-08,90,10:08:00,11:22:00,9,1,0,73.56,79.35,80.85,7,7,21,8,97.43,2,5,5,66.56,11:19:00,1
STU00770,IT,2026-01-09,120,10:07:00,11:57:00,0,0,0,16.84,31.5,5.25,0,1,1,0,24.6,0,0,0,66.9,11:56:00,0
STU00771,MECH,2026-03-29,120,14:04:00,15:32:00,1,0,0,25.06,6.02,9.27,0,1,2,0,40.8,0,0,0,39.62,15:30:00,0
STU00772,IT,2026-01-01,120,14:09:00,16:06:00,3,0,1,41.0,38.04,47.37,1,0,4,0,46.64,0,0,0,47.16,16:04:00,1
STU00773,CIVIL,2026-01-28,90,14:04:00,15:22:00,1,0,0,12.08,18.68,17.84,0,0,2,1,14.1,0,0,0,42.16,15:22:00,0
STU00774,ECE,2026-02-09,120,14:10:00,15:39:00,1,0,1,26.45,51.16,31.88,0,0,5,0,62.52,1,0,1,22.59,15:38:00,1
STU00775,EEE,2026-02-02,90,10:06:00,11:16:00,0,1,0,7.45,9.7,30.38,0,0,2,1,6.42,0,0,0,39.91,11:15:00,0
STU00776,IT,2026-01-23,90,09:03:00,10:21:00,1,1,0,14.45,30.59,14.61,0,1,1,1,15.75,0,0,0,36.69,10:20:00,0
STU00777,CIVIL,2026-01-29,120,10:00:00,11:18:00,1,1,1,11.03,29.23,34.33,0,0,1,1,18.94,0,0,0,54.46,11:15:00,1
STU00778,MECH,2026-01-21,120,14:09:00,15:19:00,17,1,0,97.34,90.93,78.14,10,11,19,7,90.57,5,3,4,129.06,15:17:00,1
STU00779,ECE,2026-01-10,60,10:04:00,10:38:00,2,0,1,38.46,29.77,49.6,0,0,4,0,50.67,0,0,1,37.49,10:37:00,1
STU00780,DS,2026-03-25,90,10:06:00,10:52:00,0,0,1,14.44,13.0,17.28,0,1,1,0,35.11,0,0,0,50.92,10:49:00,0
STU00781,AIML,2026-02-28,90,14:00:00,14:52:00,0,1,0,16.59,14.67,5.03,0,0,0,1,8.1,0,0,0,44.48,14:52:00,0
STU00782,MECH,2026-03-16,90,09:09:00,10:07:00,3,0,0,46.16,40.65,30.32,0,1,5,0,43.83,0,0,0,32.16,10:06:00,0
STU00783,ECE,2026-03-29,90,09:09:00,09:52:00,14,1,1,85.57,93.39,77.92,7,5,9,4,82.24,2,2,1,68.4,09:50:00,1
STU00784,CIVIL,2026-02-11,90,10:06:00,11:22:00,0,0,0,28.76,15.9,26.21,0,0,2,1,22.43,0,0,0,68.46,11:22:00,0
STU00785,AIML,2026-01-25,60,09:08:00,09:49:00,1,0,0,16.1,7.01,26.17,0,1,0,0,23.7,0,0,0,29.47,09:49:00,0
STU00786,EEE,2026-02-22,60,09:04:00,09:55:00,0,1,0,8.07,32.71,17.36,0,1,2,0,28.14,0,0,0,69.11,09:55:00,0
STU00787,CIVIL,2026-01-03,120,10:03:00,10:45:00,0,0,0,29.11,11.21,19.56,0,0,0,1,35.35,0,0,0,66.34,10:42:00,0
STU00788,AIML,2026-02-07,60,09:03:00,09:51:00,0,0,1,8.11,17.32,11.08,0,1,1,0,43.57,0,0,0,43.44,09:50:00,0
STU00789,ECE,2026-02-10,120,14:06:00,15:47:00,2,1,0,22.18,33.77,26.81,0,2,5,1,60.71,0,1,0,28.09,15:44:00,1
STU00790,AIML,2026-02-26,60,14:01:00,14:58:00,3,0,1,42.39,41.74,38.89,1,1,3,1,63.5,1,1,1,36.88,14:55:00,1
STU00791,ECE,2026-03-07,90,09:00:00,09:35:00,1,0,0,16.86,27.19,23.26,0,1,0,0,6.42,0,0,0,66.0,09:33:00,0
STU00792,CIVIL,2026-02-25,60,14:07:00,14:46:00,2,1,0,38.37,27.73,45.68,1,0,4,2,41.28,1,1,0,83.99,14:43:00,1
STU00793,EEE,2026-01-27,60,14:07:00,15:00:00,2,0,1,21.9,29.75,43.72,0,1,5,1,46.51,1,1,0,64.73,14:58:00,1
STU00794,CSE,2026-03-27,90,14:00:00,14:59:00,0,0,0,21.33,12.58,34.0,0,0,0,0,29.9,0,0,0,34.53,14:57:00,0
STU00795,IT,2026-01-31,90,09:09:00,10:36:00,10,1,1,97.01,78.53,94.29,7,8,8,5,80.58,3,5,4,33.18,10:34:00,1
STU00796,EEE,2026-02-18,60,10:03:00,10:49:00,1,0,0,39.65,47.57,38.93,1,2,3,2,50.79,1,0,1,39.39,10:49:00,1
STU00797,EEE,2026-03-02,120,14:03:00,15:26:00,5,1,1,69.35,62.12,52.61,2,1,10,3,79.35,0,1,2,12.49,15:26:00,1
STU00798,AIML,2026-03-19,90,10:02:00,11:17:00,15,1,0,94.31,81.28,89.48,6,9,13,2,82.39,4,1,1,44.65,11:17:00,1
STU00799,DS,2026-01-08,120,10:07:00,10:52:00,1,0,0,9.09,11.32,31.78,0,1,2,0,39.6,0,0,0,30.57,10:49:00,0
STU00800,AIML,2026-01-06,90,10:04:00,11:10:00,0,0,0,21.88,29.72,5.05,0,0,0,1,21.66,0,0,0,61.23,11:09:00,0
STU00801,ECE,2026-02-16,60,14:06:00,15:00:00,1,1,0,35.97,50.63,39.08,1,1,3,1,56.56,0,1,1,55.23,14:58:00,1
STU00802,EEE,2026-03-25,90,10:08:00,11:40:00,1,0,0,28.67,21.52,30.92,0,0,1,1,17.01,0,0,0,51.32,11:37:00,0
STU00803,EEE,2026-03-30,120,14:04:00,14:50:00,1,0,1,18.37,12.16,10.27,0,0,0,1,29.17,0,0,0,68.46,14:47:00,0
STU00804,IT,2026-02-18,90,10:06:00,10:58:00,7,1,1,55.16,53.14,55.26,3,2,5,4,62.78,1,2,1,88.75,10:58:00,1
STU00805,EEE,2026-01-09,90,10:06:00,11:08:00,8,0,1,91.26,87.84,93.62,10,7,8,2,91.65,1,5,5,118.23,11:07:00,1
STU00806,CSE,2026-02-18,60,09:01:00,09:58:00,11,1,1,94.42,75.59,87.17,3,10,15,8,81.36,2,5,1,12.72,09:55:00,1
STU00807,IT,2026-01-21,120,14:06:00,15:22:00,0,0,0,20.22,28.58,15.2,0,0,2,1,37.43,0,0,0,46.58,15:21:00,0
STU00808,EEE,2026-04-01,60,09:08:00,10:08:00,1,0,1,19.72,27.26,6.78,0,1,2,1,25.33,0,0,0,68.19,10:06:00,0
STU00809,MECH,2026-01-09,60,10:07:00,10:51:00,1,0,0,19.1,5.69,26.81,0,0,0,0,40.13,0,0,0,59.06,10:50:00,0
STU00810,MECH,2026-02-13,120,14:04:00,14:39:00,0,0,1,5.15,6.91,13.71,0,0,0,1,11.61,0,0,0,67.19,14:37:00,0
STU00811,MECH,2026-03-06,60,14:00:00,14:52:00,1,1,0,27.46,20.6,9.98,0,0,2,1,27.81,0,0,0,68.23,14:51:00,0
STU00812,CIVIL,2026-03-21,120,09:00:00,10:35:00,1,0,0,18.55,25.39,9.43,0,1,1,1,22.25,0,0,0,41.97,10:33:00,0
STU00813,AIML,2026-01-10,60,09:05:00,09:55:00,0,0,1,27.86,20.58,25.7,0,0,1,1,29.11,0,0,0,63.47,09:54:00,0
STU00814,DS,2026-03-12,60,09:06:00,10:02:00,0,0,0,18.74,15.33,20.49,0,1,2,1,13.19,0,0,0,26.03,10:01:00,0
STU00815,CIVIL,2026-02-24,60,14:05:00,14:44:00,1,1,0,27.82,9.83,12.79,0,0,0,1,12.92,0,0,0,42.81,14:43:00,0
STU00816,CIVIL,2026-02-02,60,10:00:00,10:49:00,1,0,0,9.18,6.55,34.41,0,0,2,1,9.16,0,0,0,54.87,10:49:00,0
STU00817,ECE,2026-01-31,120,09:10:00,10:57:00,0,0,0,5.13,32.14,18.25,0,0,0,1,31.27,0,0,0,35.54,10:55:00,0
STU00818,DS,2026-01-22,90,10:03:00,11:08:00,5,1,0,50.81,58.25,68.95,1,3,5,2,77.81,0,0,0,61.97,11:05:00,1
STU00819,DS,2026-02-17,120,14:10:00,15:13:00,0,0,0,9.46,26.26,31.08,0,0,2,0,21.16,0,0,0,38.62,15:11:00,0
STU00820,ECE,2026-02-18,90,14:02:00,15:18:00,17,1,1,92.69,95.57,92.57,7,11,18,7,90.95,3,3,1,121.87,15:17:00,1
STU00821,IT,2026-03-21,120,09:00:00,09:33:00,1,0,1,15.45,34.05,10.37,0,1,1,0,12.94,0,0,0,55.66,09:33:00,0
STU00822,CIVIL,2026-03-30,60,14:01:00,14:34:00,2,0,0,42.26,27.86,30.99,0,1,2,0,61.81,0,1,1,34.18,14:33:00,1
STU00823,IT,2026-01-25,90,14:04:00,15:09:00,1,0,0,15.2,20.85,8.42,0,0,2,0,24.17,0,0,0,33.21,15:09:00,0
STU00824,DS,2026-02-03,60,10:05:00,10:40:00,1,1,0,6.9,25.65,26.81,0,0,2,0,7.87,0,0,0,33.62,10:37:00,0
STU00825,EEE,2026-02-09,60,14:03:00,14:50:00,2,0,1,25.5,57.99,49.79,1,0,1,1,51.63,1,1,1,77.81,14:50:00,1
STU00826,CSE,2026-01-14,60,14:07:00,14:37:00,3,1,1,42.6,43.35,36.14,1,2,3,1,46.35,0,0,0,23.43,14:37:00,1
STU00827,MECH,2026-02-15,60,14:05:00,14:57:00,1,0,1,17.39,13.0,25.71,0,0,1,1,43.24,0,0,0,25.35,14:54:00,0
STU00828,CSE,2026-01-03,90,09:04:00,10:33:00,1,1,1,19.26,19.78,9.35,0,1,2,1,44.57,0,0,0,36.99,10:32:00,1
STU00829,CSE,2026-02-13,90,09:09:00,10:25:00,0,0,0,12.89,32.6,22.12,0,1,1,1,13.46,0,0,0,63.89,10:22:00,0
STU00830,AIML,2026-03-08,120,14:02:00,15:32:00,16,1,1,90.53,83.36,93.12,3,5,11,8,85.22,1,1,2,106.84,15:29:00,1
STU00831,ECE,2026-03-05,60,09:10:00,10:08:00,1,1,0,22.42,16.04,32.8,0,1,2,1,7.07,0,0,0,56.18,10:08:00,0
STU00832,IT,2026-02-15,90,10:03:00,10:45:00,16,0,1,76.0,75.44,81.05,5,7,15,5,86.8,2,5,2,103.18,10:42:00,1
STU00833,EEE,2026-03-08,90,09:05:00,10:12:00,1,0,1,24.91,31.1,12.9,0,0,2,1,9.79,0,0,0,37.46,10:10:00,0
STU00834,ECE,2026-03-18,90,09:03:00,09:56:00,2,0,0,46.73,25.13,30.24,1,2,3,1,56.3,0,1,0,46.89,09:55:00,1
STU00835,DS,2026-01-07,120,09:08:00,11:07:00,0,0,0,14.18,18.61,7.94,0,1,0,1,14.88,0,0,0,25.24,11:07:00,0
STU00836,ECE,2026-03-21,90,09:09:00,10:17:00,1,1,1,14.51,13.05,16.45,0,0,1,0,44.73,0,0,0,34.86,10:14:00,0
STU00837,AIML,2026-02-11,60,10:08:00,10:44:00,6,0,0,67.71,76.15,63.13,4,1,7,2,61.66,1,2,0,88.37,10:42:00,1
STU00838,DS,2026-01-22,120,14:02:00,15:35:00,0,0,0,6.03,25.51,24.8,0,1,2,0,41.83,0,0,0,25.16,15:33:00,0
STU00839,CIVIL,2026-03-10,90,09:04:00,09:49:00,1,0,0,19.54,18.62,10.66,0,0,0,0,44.1,0,0,0,33.81,09:48:00,0
STU00840,CSE,2026-02-24,60,14:08:00,14:41:00,3,1,1,38.06,57.1,40.02,0,0,2,2,57.89,0,0,1,20.25,14:41:00,1
STU00841,AIML,2026-01-19,60,10:08:00,11:10:00,0,1,0,29.68,21.26,33.94,0,1,0,1,25.98,0,0,0,62.41,11:08:00,0
STU00842,CIVIL,2026-04-01,90,14:10:00,15:20:00,3,1,1,70.24,65.54,69.83,1,3,6,1,75.8,1,1,0,62.65,15:19:00,1
STU00843,AIML,2026-01-14,90,14:05:00,14:56:00,1,0,0,20.1,13.23,31.79,0,1,0,1,36.21,0,0,0,57.24,14:53:00,0
STU00844,DS,2026-01-31,60,10:04:00,10:44:00,1,1,0,22.23,32.11,46.63,1,2,1,1,55.28,1,1,1,66.14,10:42:00,1
STU00845,DS,2026-01-31,60,14:05:00,14:46:00,1,1,1,28.02,21.6,15.51,0,1,1,1,42.53,0,0,0,57.21,14:45:00,1
STU00846,IT,2026-04-01,90,10:08:00,11:20:00,0,0,0,20.08,29.02,5.14,0,1,2,0,9.4,0,0,0,66.4,11:18:00,0
STU00847,AIML,2026-01-10,120,09:08:00,09:38:00,1,0,0,14.33,34.52,32.64,0,1,2,0,26.69,0,0,0,43.56,09:38:00,0
STU00848,CIVIL,2026-01-25,90,10:10:00,11:35:00,3,0,0,41.01,49.99,29.61,0,1,5,0,61.24,0,0,1,30.38,11:34:00,1
STU00849,DS,2026-02-03,60,14:01:00,14:52:00,0,0,1,8.91,9.92,25.97,0,0,1,1,6.22,0,0,0,39.89,14:51:00,0
STU00850,ECE,2026-01-25,120,10:02:00,11:16:00,13,1,0,86.97,83.84,78.65,5,12,18,5,90.69,4,1,3,9.33,11:14:00,1
STU00851,CIVIL,2026-02-10,90,14:05:00,15:23:00,1,0,1,12.48,13.84,12.17,0,0,0,1,23.26,0,0,0,45.87,15:23:00,0
STU00852,CIVIL,2026-02-19,120,09:10:00,10:57:00,0,1,0,29.2,30.63,9.08,0,0,0,1,13.19,0,0,0,61.13,10:55:00,0
STU00853,IT,2026-02-03,120,14:06:00,15:23:00,1,0,0,9.14,11.4,27.54,0,0,0,0,18.48,0,0,0,64.52,15:20:00,0
STU00854,IT,2026-03-31,120,09:00:00,09:35:00,6,0,0,47.79,65.15,72.34,1,1,6,1,69.54,2,1,1,46.38,09:34:00,1
STU00855,AIML,2026-03-28,120,09:10:00,10:43:00,0,1,0,13.48,24.91,5.58,0,0,0,0,37.05,0,0,0,65.49,10:43:00,0
STU00856,CSE,2026-03-13,90,10:08:00,10:54:00,0,0,0,13.41,30.04,30.57,0,1,1,1,27.19,0,0,0,26.25,10:52:00,0
STU00857,AIML,2026-01-17,90,14:05:00,15:20:00,1,1,1,29.95,11.9,13.34,0,0,1,0,23.93,0,0,0,68.93,15:17:00,0
STU00858,DS,2026-03-22,60,09:02:00,09:57:00,3,0,0,29.47,29.27,29.0,0,2,1,0,64.15,0,0,1,62.33,09:54:00,0
STU00859,CSE,2026-02-02,90,14:05:00,15:03:00,1,0,0,15.8,25.97,28.88,0,0,1,0,28.85,0,0,0,57.68,15:03:00,0
STU00860,CSE,2026-02-06,120,14:04:00,15:49:00,12,1,0,82.81,81.65,76.56,10,7,15,7,83.18,3,1,1,66.46,15:46:00,1
STU00861,CSE,2026-02-14,90,14:02:00,15:09:00,1,0,0,25.57,45.53,25.48,1,1,1,1,36.9,0,1,1,49.56,15:08:00,1
STU00862,CIVIL,2026-03-12,90,10:10:00,11:09:00,0,1,0,17.77,19.12,12.34,0,0,2,0,32.43,0,0,0,42.81,11:09:00,0
STU00863,CSE,2026-01-29,60,10:10:00,10:53:00,1,0,1,7.13,20.27,10.97,0,1,1,0,8.31,0,0,0,33.67,10:51:00,0
STU00864,EEE,2026-01-26,90,10:04:00,10:53:00,1,0,1,20.26,30.15,11.08,0,1,0,0,34.0,0,0,0,36.48,10:50:00,0
STU00865,DS,2026-02-09,90,09:08:00,09:49:00,0,0,0,10.91,6.0,14.68,0,1,1,1,25.06,0,0,0,28.0,09:49:00,0
STU00866,DS,2026-02-24,60,09:03:00,09:46:00,0,1,0,28.33,11.3,24.18,0,0,1,0,39.63,0,0,0,53.03,09:43:00,0
STU00867,AIML,2026-02-16,120,09:01:00,10:51:00,1,0,0,23.72,30.18,13.08,0,0,1,1,44.02,0,0,0,50.51,10:49:00,0
STU00868,IT,2026-02-15,60,14:08:00,14:39:00,0,1,0,15.32,23.68,30.55,0,0,0,0,43.86,0,0,0,41.64,14:38:00,0
STU00869,MECH,2026-02-28,60,14:04:00,14:38:00,0,1,1,26.59,10.2,28.82,0,1,2,1,29.02,0,0,0,28.21,14:38:00,1
STU00870,IT,2026-01-06,60,10:03:00,10:54:00,0,1,1,10.75,20.36,18.95,0,1,1,0,25.99,0,0,0,56.74,10:54:00,0
STU00871,DS,2026-01-23,90,09:07:00,10:02:00,0,0,0,5.81,34.1,5.12,0,0,1,0,13.76,0,0,0,31.33,09:59:00,0
STU00872,AIML,2026-02-20,90,14:08:00,15:26:00,17,1,1,84.47,85.56,99.32,4,11,20,7,87.21,1,3,2,89.27,15:23:00,1
STU00873,IT,2026-03-11,60,14:10:00,15:04:00,0,0,1,28.61,10.06,8.06,0,1,0,0,37.06,0,0,0,44.46,15:01:00,0
STU00874,AIML,2026-03-08,90,09:08:00,10:11:00,1,0,0,21.28,55.47,28.06,1,2,3,0,62.2,0,1,1,72.17,10:10:00,1
STU00875,AIML,2026-01-28,90,09:05:00,10:28:00,0,0,1,12.47,5.72,19.15,0,0,1,1,33.32,0,0,0,41.16,10:26:00,0
STU00876,ECE,2026-02-08,120,10:09:00,11:29:00,2,0,1,28.26,52.36,49.82,0,1,1,0,39.12,1,0,1,39.0,11:27:00,1
STU00877,AIML,2026-03-03,90,09:07:00,10:05:00,1,0,0,10.06,26.93,33.83,0,0,2,1,20.8,0,0,0,51.24,10:04:00,0
STU00878,IT,2026-01-01,90,14:10:00,14:48:00,15,1,1,83.15,82.02,84.37,4,9,21,5,92.76,4,5,1,119.05,14:48:00,1
STU00879,DS,2026-01-04,60,09:05:00,09:50:00,1,1,1,13.91,9.72,25.21,0,0,1,0,41.34,0,0,0,49.51,09:47:00,0
STU00880,CSE,2026-03-29,90,09:08:00,09:49:00,0,1,0,26.0,18.04,23.42,0,0,0,1,28.82,0,0,0,53.45,09:47:00,0
STU00881,CSE,2026-02-13,120,14:00:00,15:15:00,0,0,0,9.99,22.4,29.48,0,1,0,1,20.61,0,0,0,60.98,15:13:00,0
STU00882,MECH,2026-04-01,120,14:07:00,15:52:00,3,1,1,47.17,79.19,77.4,4,4,6,4,75.67,0,1,2,103.11,15:51:00,1
STU00883,CSE,2026-03-31,90,14:04:00,15:00:00,4,1,1,60.86,70.35,48.26,3,1,4,4,70.26,1,0,2,22.84,15:00:00,1
STU00884,MECH,2026-01-28,60,14:05:00,14:42:00,2,0,0,44.73,56.31,27.26,0,0,4,0,40.39,0,0,0,70.38,14:42:00,0
STU00885,EEE,2026-03-17,90,14:06:00,15:06:00,1,0,0,16.39,34.61,29.65,0,1,0,0,20.29,0,0,0,37.14,15:05:00,0
STU00886,ECE,2026-01-01,90,14:01:00,15:28:00,0,0,0,18.41,29.34,24.66,0,0,2,1,25.47,0,0,0,66.86,15:28:00,0
STU00887,CIVIL,2026-01-16,90,10:04:00,11:27:00,3,0,0,46.63,54.26,34.19,1,0,3,1,64.56,1,0,1,34.02,11:27:00,1
STU00888,AIML,2026-01-02,120,14:06:00,15:46:00,1,1,0,7.49,12.95,18.28,0,0,2,1,44.39,0,0,0,59.86,15:44:00,0
STU00889,DS,2026-01-06,90,10:00:00,11:06:00,0,0,1,8.07,16.48,15.77,0,1,2,0,23.42,0,0,0,40.43,11:06:00,0
STU00890,CSE,2026-03-28,120,09:09:00,10:43:00,1,0,0,20.44,18.61,5.97,0,1,0,1,44.43,0,0,0,49.3,10:40:00,0
STU00891,MECH,2026-01-26,90,14:09:00,14:55:00,1,0,0,30.97,54.05,49.42,0,1,2,0,61.5,1,0,1,66.95,14:55:00,1
STU00892,IT,2026-03-07,60,09:02:00,10:01:00,1,0,0,14.44,13.07,32.52,0,1,1,0,33.06,0,0,0,44.14,09:59:00,0
STU00893,EEE,2026-01-26,120,14:02:00,15:11:00,1,0,0,21.87,42.21,45.46,0,2,2,2,59.15,0,0,0,37.09,15:09:00,0
STU00894,CSE,2026-03-10,60,14:06:00,14:55:00,1,0,0,7.95,30.41,17.52,0,0,2,1,20.92,0,0,0,54.71,14:54:00,0
STU00895,EEE,2026-03-13,120,10:06:00,12:07:00,1,0,0,29.64,9.85,12.44,0,1,0,0,24.58,0,0,0,68.38,12:04:00,0
STU00896,CIVIL,2026-01-17,90,14:05:00,15:07:00,1,0,0,30.84,48.06,44.9,0,1,2,2,36.0,0,1,0,43.65,15:06:00,0
STU00897,ECE,2026-01-17,60,09:02:00,10:04:00,0,0,1,15.53,9.23,28.7,0,1,0,1,23.37,0,0,0,51.81,10:02:00,0
STU00898,IT,2026-01-07,60,10:05:00,10:58:00,3,0,0,22.53,26.28,38.9,0,0,4,1,56.61,0,0,0,26.94,10:58:00,0
STU00899,DS,2026-01-16,90,09:03:00,10:13:00,0,0,1,29.28,33.11,22.22,0,0,1,1,14.38,0,0,0,62.71,10:12:00,0
STU00900,DS,2026-03-01,90,09:04:00,09:47:00,1,0,0,9.16,7.54,11.53,0,1,1,1,8.99,0,0,0,35.48,09:46:00,0
STU00901,IT,2026-02-26,90,10:10:00,10:46:00,0,0,1,28.45,15.83,33.84,0,0,2,0,39.85,0,0,0,63.49,10:44:00,0
STU00902,IT,2026-01-07,60,14:05:00,14:39:00,0,0,0,5.84,11.99,16.47,0,1,1,0,36.85,0,0,0,57.22,14:38:00,0
STU00903,DS,2026-03-31,90,10:05:00,11:25:00,1,0,0,24.79,23.15,22.45,0,1,1,1,39.65,0,0,0,40.98,11:24:00,0
STU00904,DS,2026-03-16,90,09:06:00,10:19:00,0,0,1,28.55,26.75,22.67,0,1,2,1,23.3,0,0,0,49.28,10:18:00,0
STU00905,AIML,2026-03-11,90,09:01:00,09:58:00,6,0,1,71.68,59.24,65.18,3,1,10,1,78.34,1,1,2,94.96,09:58:00,1
STU00906,IT,2026-01-20,90,10:08:00,11:03:00,0,1,0,15.42,34.24,18.77,0,0,1,0,15.47,0,0,0,66.84,11:03:00,0
STU00907,MECH,2026-03-27,120,14:06:00,14:51:00,1,0,0,19.36,27.44,24.55,0,1,0,1,7.51,0,0,0,55.23,14:49:00,0
STU00908,IT,2026-01-14,60,10:05:00,10:43:00,2,0,1,31.14,49.86,33.14,1,1,3,0,49.77,0,1,1,70.52,10:40:00,1
STU00909,MECH,2026-01-15,90,10:03:00,10:54:00,6,0,1,61.82,72.81,70.27,1,5,6,3,77.47,2,0,0,71.2,10:51:00,1
STU00910,AIML,2026-02-21,120,10:02:00,11:27:00,1,0,0,17.68,8.12,28.6,0,0,0,0,39.16,0,0,0,58.45,11:26:00,0
STU00911,CIVIL,2026-02-13,90,14:03:00,14:38:00,1,0,0,46.53,30.35,38.58,1,2,1,1,49.42,1,1,1,75.33,14:36:00,1
STU00912,IT,2026-03-08,90,09:09:00,10:32:00,0,0,0,26.42,15.44,20.82,0,0,2,1,37.71,0,0,0,29.24,10:29:00,0
STU00913,DS,2026-03-30,60,10:03:00,10:37:00,1,1,0,22.39,31.23,32.5,1,0,1,1,58.17,0,0,0,34.27,10:35:00,1
STU00914,CIVIL,2026-03-13,90,09:07:00,09:45:00,1,0,0,15.4,25.84,11.77,0,0,0,1,20.5,0,0,0,57.02,09:45:00,0
STU00915,EEE,2026-01-23,90,10:09:00,11:22:00,0,1,0,23.7,13.23,30.33,0,1,2,0,41.19,0,0,0,65.42,11:22:00,0
STU00916,AIML,2026-02-25,90,09:02:00,10:24:00,2,0,0,41.12,31.03,51.18,0,0,5,0,62.09,0,1,1,47.28,10:23:00,1
STU00917,CSE,2026-01-13,120,09:08:00,10:21:00,0,0,1,7.94,21.73,30.46,0,1,2,1,22.9,0,0,0,52.16,10:20:00,0
STU00918,ECE,2026-03-15,90,10:00:00,11:21:00,1,0,0,14.38,12.98,33.54,0,0,2,0,31.92,0,0,0,45.94,11:21:00,0
STU00919,EEE,2026-02-06,90,14:03:00,14:40:00,6,0,1,47.35,58.08,57.97,2,4,5,2,78.17,0,1,0,22.19,14:39:00,1
STU00920,CIVIL,2026-01-18,60,09:00:00,09:49:00,0,0,0,25.67,12.51,22.69,0,1,1,1,29.85,0,0,0,55.85,09:49:00,0
STU00921,CIVIL,2026-02-06,120,10:01:00,11:12:00,0,0,1,11.33,24.08,14.05,0,0,2,1,24.95,0,0,0,48.27,11:10:00,0
STU00922,MECH,2026-02-17,60,14:07:00,14:55:00,3,1,0,24.87,32.96,26.02,1,1,1,0,46.74,0,1,1,39.84,14:54:00,1
STU00923,CSE,2026-01-20,120,09:02:00,09:43:00,0,0,0,10.51,27.1,26.99,0,1,2,0,10.99,0,0,0,25.74,09:42:00,0
STU00924,ECE,2026-03-25,120,09:02:00,10:07:00,0,0,0,12.21,12.01,16.38,0,1,0,1,44.98,0,0,0,51.86,10:06:00,0
STU00925,CIVIL,2026-03-02,120,09:05:00,09:49:00,0,0,0,20.13,23.42,25.62,0,0,1,1,30.61,0,0,0,34.54,09:46:00,0
STU00926,ECE,2026-01-11,90,10:06:00,11:11:00,3,0,1,30.21,30.96,30.8,1,0,1,2,60.69,1,1,0,51.62,11:10:00,1
STU00927,EEE,2026-01-31,120,09:05:00,10:26:00,1,0,0,28.49,26.85,46.23,1,0,2,0,61.4,1,1,0,84.3,10:23:00,1
STU00928,CSE,2026-02-14,60,10:05:00,10:40:00,2,1,1,28.55,36.93,32.03,1,2,2,1,40.69,0,0,0,25.11,10:38:00,1
STU00929,CIVIL,2026-03-25,60,10:04:00,11:00:00,1,0,0,26.13,30.67,25.4,0,0,2,1,36.8,0,0,0,39.59,10:57:00,0
STU00930,EEE,2026-01-15,90,10:10:00,11:01:00,0,0,0,28.96,18.18,29.1,0,0,2,1,11.3,0,0,0,52.61,10:59:00,0
STU00931,CIVIL,2026-01-04,120,14:09:00,15:48:00,0,0,0,22.08,7.1,14.19,0,1,2,0,5.97,0,0,0,53.46,15:46:00,0
STU00932,CIVIL,2026-03-15,120,14:02:00,15:43:00,3,0,1,38.13,31.03,42.83,1,1,5,1,49.15,0,0,0,69.02,15:40:00,1
STU00933,ECE,2026-01-04,120,10:02:00,11:47:00,0,0,0,20.82,9.03,27.12,0,0,2,1,30.41,0,0,0,52.9,11:44:00,0
STU00934,DS,2026-02-24,90,10:00:00,11:28:00,6,1,0,58.11,70.55,73.16,1,2,7,2,71.33,2,1,0,20.45,11:25:00,1
STU00935,CIVIL,2026-02-18,120,14:05:00,14:56:00,1,1,0,6.78,27.01,22.13,0,1,2,0,44.71,0,0,0,34.88,14:54:00,0
STU00936,IT,2026-01-08,60,10:07:00,10:55:00,1,1,0,45.57,54.08,54.55,0,2,1,2,49.77,1,1,0,68.05,10:54:00,1
STU00937,IT,2026-01-25,120,14:04:00,15:57:00,1,0,0,28.2,30.9,23.39,0,0,0,0,6.85,0,0,0,31.17,15:54:00,0
STU00938,AIML,2026-02-04,90,14:01:00,14:34:00,1,0,0,35.84,27.62,26.62,0,2,2,2,63.24,1,1,1,77.89,14:32:00,1
STU00939,ECE,2026-03-17,90,14:09:00,15:15:00,13,1,0,83.83,97.89,94.3,6,8,19,4,94.88,4,5,5,15.24,15:13:00,1
STU00940,MECH,2026-01-20,60,10:05:00,10:54:00,0,0,1,29.74,31.84,29.58,0,0,0,0,15.98,0,0,0,68.32,10:52:00,0
STU00941,CIVIL,2026-02-28,120,09:00:00,10:27:00,1,0,0,37.46,38.29,33.83,1,1,1,1,53.75,1,1,0,16.31,10:24:00,1
STU00942,ECE,2026-01-23,120,14:03:00,14:57:00,1,0,1,27.79,26.65,13.16,0,1,2,0,14.43,0,0,0,41.84,14:55:00,0
STU00943,CSE,2026-01-17,60,10:00:00,11:01:00,0,0,0,21.29,25.71,34.7,0,0,2,1,32.8,0,0,0,36.04,10:58:00,0
STU00944,EEE,2026-02-15,90,14:05:00,14:51:00,2,0,0,40.57,30.58,45.63,0,2,2,0,36.24,1,1,0,17.15,14:49:00,1
STU00945,CSE,2026-02-24,90,14:06:00,15:34:00,0,0,0,18.24,10.42,6.16,0,1,0,1,29.4,0,0,0,35.69,15:34:00,0
STU00946,CSE,2026-02-05,60,14:02:00,15:05:00,1,0,1,22.98,21.46,28.51,0,0,1,0,39.1,0,0,0,47.05,15:02:00,0
STU00947,IT,2026-01-14,90,10:02:00,11:11:00,1,1,0,6.35,20.1,26.26,0,1,0,1,11.4,0,0,0,50.51,11:11:00,0
STU00948,MECH,2026-01-28,120,09:02:00,10:39:00,0,0,0,9.12,15.75,12.63,0,0,2,0,30.73,0,0,0,53.94,10:37:00,0
STU00949,CSE,2026-01-29,90,10:03:00,11:27:00,14,1,1,67.9,98.42,82.72,5,6,10,2,92.34,4,5,3,104.76,11:24:00,1
STU00950,MECH,2026-01-20,90,14:09:00,14:42:00,3,0,1,29.32,57.41,51.92,0,1,3,2,36.55,0,0,0,76.8,14:40:00,1
STU00951,CSE,2026-01-14,90,14:04:00,15:04:00,7,1,0,63.18,58.93,59.1,1,2,10,4,79.12,1,2,1,49.36,15:02:00,1
STU00952,MECH,2026-02-22,120,10:07:00,11:19:00,1,0,0,22.38,47.71,27.48,1,1,3,2,53.68,1,0,1,21.09,11:16:00,1
STU00953,DS,2026-02-08,90,14:00:00,14:57:00,1,1,0,6.6,27.11,18.72,0,1,2,1,9.79,0,0,0,58.78,14:54:00,0
STU00954,CSE,2026-01-27,90,09:10:00,09:42:00,1,0,0,47.29,28.79,29.26,1,1,3,0,43.89,1,0,0,39.53,09:41:00,0
STU00955,MECH,2026-03-24,60,10:08:00,10:38:00,3,1,0,34.73,44.41,29.26,1,0,2,2,39.31,1,1,1,57.11,10:38:00,1
STU00956,CIVIL,2026-03-04,120,14:00:00,15:13:00,3,1,1,50.91,73.31,68.43,2,1,6,3,76.89,1,2,2,88.55,15:12:00,1
STU00957,IT,2026-02-15,90,09:04:00,10:23:00,1,0,0,29.19,11.99,6.25,0,1,1,1,8.31,0,0,0,48.64,10:23:00,0
STU00958,EEE,2026-02-19,90,10:03:00,11:22:00,3,0,0,26.53,29.69,46.04,1,2,4,0,41.95,1,1,1,54.59,11:20:00,1
STU00959,MECH,2026-02-24,120,09:02:00,09:54:00,1,0,1,5.95,34.64,18.95,0,0,2,1,43.51,0,0,0,35.02,09:54:00,0
STU00960,DS,2026-03-10,120,09:00:00,10:37:00,1,1,1,5.98,19.63,10.97,0,0,0,1,5.53,0,0,0,43.56,10:37:00,0
STU00961,DS,2026-02-26,120,14:00:00,15:01:00,1,1,0,45.27,49.11,27.47,0,1,1,2,63.84,0,0,1,38.02,14:58:00,1
STU00962,AIML,2026-02-12,120,10:07:00,11:16:00,3,0,0,30.11,47.57,31.7,0,2,4,2,48.84,1,1,1,51.59,11:14:00,1
STU00963,CSE,2026-02-04,60,10:02:00,10:32:00,0,0,0,23.75,27.06,7.11,0,0,2,1,19.96,0,0,0,38.1,10:32:00,0
STU00964,CIVIL,2026-02-12,120,10:10:00,12:06:00,1,1,0,14.26,26.88,31.92,0,0,2,1,12.21,0,0,0,68.26,12:06:00,0
STU00965,IT,2026-01-24,90,09:06:00,10:30:00,3,0,0,31.28,43.02,28.2,1,1,2,2,57.66,0,0,1,24.05,10:30:00,1
STU00966,IT,2026-02-04,60,09:09:00,09:42:00,3,1,0,44.11,42.2,49.39,1,1,3,1,64.2,0,0,0,17.84,09:39:00,1
STU00967,CSE,2026-01-27,120,14:03:00,14:47:00,9,0,1,69.73,82.41,85.22,5,11,15,8,89.72,2,3,2,84.39,14:46:00,1
STU00968,CIVIL,2026-02-09,60,09:01:00,09:55:00,1,0,0,16.01,12.86,29.81,0,0,2,1,8.76,0,0,0,56.74,09:52:00,0
STU00969,EEE,2026-03-02,120,09:01:00,09:41:00,1,0,0,20.3,27.27,29.33,0,0,0,1,20.77,0,0,0,59.9,09:41:00,0
STU00970,MECH,2026-03-08,90,14:10:00,15:07:00,0,0,0,8.68,7.48,5.94,0,0,2,0,36.25,0,0,0,45.57,15:06:00,0
STU00971,MECH,2026-01-16,90,10:03:00,10:39:00,0,0,0,14.62,29.78,18.29,0,0,0,0,15.87,0,0,0,68.89,10:39:00,0
STU00972,IT,2026-03-25,90,14:01:00,15:09:00,3,0,0,39.39,26.03,39.02,1,0,5,2,35.41,0,0,0,74.31,15:07:00,0
STU00973,CIVIL,2026-03-06,120,14:06:00,15:24:00,1,0,0,9.1,13.55,22.75,0,1,1,1,23.15,0,0,0,58.4,15:24:00,0
STU00974,AIML,2026-03-13,120,10:03:00,11:23:00,1,0,0,8.86,20.25,33.76,0,0,2,0,31.53,0,0,0,47.45,11:23:00,0
STU00975,DS,2026-02-25,60,09:08:00,09:42:00,1,0,0,21.52,15.38,16.85,0,0,2,1,37.83,0,0,0,53.98,09:42:00,0
STU00976,DS,2026-02-23,60,14:10:00,15:00:00,1,0,0,6.86,33.12,7.42,0,0,1,0,20.27,0,0,0,30.88,15:00:00,0
STU00977,CIVIL,2026-01-14,120,10:09:00,10:45:00,0,0,0,13.01,7.55,7.0,0,0,2,1,22.71,0,0,0,27.63,10:44:00,0
STU00978,AIML,2026-01-15,60,09:03:00,09:42:00,1,0,0,7.65,27.44,23.22,0,0,1,1,10.04,0,0,0,69.81,09:39:00,0
STU00979,IT,2026-02-02,120,10:08:00,11:30:00,5,0,0,40.29,53.52,75.62,1,2,8,2,83.5,1,2,2,46.59,11:27:00,1
STU00980,IT,2026-02-06,90,09:06:00,10:16:00,3,0,1,44.07,65.48,76.99,4,3,6,3,72.28,2,0,2,89.26,10:15:00,1
STU00981,AIML,2026-01-08,120,09:07:00,10:59:00,0,0,0,12.58,22.03,7.63,0,0,0,0,32.92,0,0,0,32.11,10:59:00,0
STU00982,AIML,2026-02-13,120,10:00:00,11:38:00,3,1,0,54.66,77.56,51.0,4,4,4,1,60.48,1,0,0,76.97,11:35:00,1
STU00983,ECE,2026-01-28,90,14:08:00,14:41:00,1,0,0,17.66,13.42,5.99,0,1,0,1,16.82,0,0,0,58.23,14:41:00,0
STU00984,IT,2026-02-27,90,14:07:00,15:04:00,5,1,1,56.12,55.46,66.71,1,3,4,2,63.88,1,0,0,63.59,15:02:00,1
STU00985,CSE,2026-01-12,60,10:00:00,10:52:00,1,0,0,5.35,14.1,27.86,0,1,2,1,22.1,0,0,0,63.66,10:49:00,0
STU00986,AIML,2026-01-17,60,09:02:00,09:54:00,1,0,1,17.41,25.42,14.98,0,0,0,0,9.02,0,0,0,35.05,09:51:00,0
STU00987,ECE,2026-01-07,90,14:05:00,14:58:00,0,0,0,23.12,13.89,12.85,0,1,1,0,25.51,0,0,0,38.41,14:56:00,0
STU00988,AIML,2026-03-02,90,09:04:00,10:19:00,7,1,0,62.31,56.9,53.86,2,1,6,1,69.43,0,2,2,107.95,10:16:00,1
STU00989,DS,2026-02-04,90,10:09:00,10:47:00,3,0,1,63.77,70.08,73.45,4,1,5,3,65.01,0,2,1,46.37,10:46:00,1
STU00990,MECH,2026-02-09,90,09:04:00,10:14:00,3,0,0,30.64,52.94,45.68,0,2,5,2,51.48,0,0,1,60.75,10:12:00,1
STU00991,IT,2026-01-31,90,14:09:00,14:57:00,1,0,0,8.73,21.4,27.98,0,0,2,0,43.49,0,0,0,28.83,14:55:00,0
STU00992,CSE,2026-01-17,60,10:07:00,10:48:00,2,0,0,46.59,32.54,36.06,0,2,2,1,55.2,1,0,1,54.26,10:47:00,1
STU00993,MECH,2026-02-14,120,14:01:00,15:36:00,4,1,1,64.45,55.45,76.59,1,2,4,3,68.88,0,2,1,35.53,15:35:00,1
STU00994,MECH,2026-01-15,60,09:08:00,10:08:00,6,0,1,54.41,50.58,70.98,3,1,4,2,72.82,2,1,1,19.82,10:05:00,1
STU00995,AIML,2026-03-12,60,10:03:00,10:47:00,1,0,1,20.42,8.83,29.8,0,1,0,0,20.69,0,0,0,26.1,10:47:00,0
STU00996,EEE,2026-02-21,120,10:04:00,10:51:00,3,1,0,27.82,28.96,32.97,1,0,5,2,59.5,0,1,0,49.96,10:49:00,1
STU00997,AIML,2026-02-10,60,10:01:00,10:42:00,1,0,1,16.08,9.0,22.9,0,1,0,0,39.31,0,0,0,30.46,10:40:00,0
STU00998,CIVIL,2026-02-25,120,10:02:00,11:37:00,1,0,0,24.46,19.42,6.33,0,1,2,1,25.12,0,0,0,54.15,11:35:00,0
STU00999,MECH,2026-02-16,60,14:09:00,15:02:00,1,0,0,5.5,17.29,34.12,0,1,1,1,36.42,0,0,0,57.05,14:59:00,0
STU01000,MECH,2026-03-10,120,09:10:00,10:54:00,7,1,0,42.1,74.31,71.45,2,3,4,2,83.12,1,1,1,108.34,10:51:00,1
STU01001,CSE,2026-01-06,90,14:08:00,15:29:00,0,0,0,20.36,8.02,30.97,0,1,0,0,35.37,0,0,0,58.84,15:27:00,0
STU01002,EEE,2026-01-27,120,14:03:00,14:59:00,0,0,0,26.19,30.73,15.99,0,0,0,0,34.37,0,0,0,68.94,14:57:00,0
STU01003,AIML,2026-01-16,90,14:10:00,15:36:00,0,0,0,8.27,29.13,21.96,0,0,2,0,18.7,0,0,0,55.33,15:36:00,0
STU01004,DS,2026-01-02,120,14:02:00,15:13:00,0,0,0,21.4,24.58,7.14,0,0,2,0,38.47,0,0,0,55.74,15:12:00,0
STU01005,IT,2026-02-02,120,09:08:00,10:38:00,1,1,1,40.69,46.08,39.96,0,0,4,0,42.76,0,0,0,55.89,10:36:00,1
STU01006,ECE,2026-03-03,120,10:09:00,11:09:00,0,0,1,16.48,20.39,6.16,0,1,1,1,20.49,0,0,0,50.0,11:09:00,0
STU01007,IT,2026-03-11,90,10:02:00,10:38:00,1,0,0,23.48,37.66,27.61,0,0,3,1,54.69,0,1,1,83.72,10:35:00,0
STU01008,CSE,2026-03-02,120,14:08:00,14:54:00,6,1,1,52.66,55.6,50.01,1,5,8,4,60.29,0,1,2,53.12,14:51:00,1
STU01009,EEE,2026-03-29,120,09:02:00,11:02:00,0,0,0,17.03,30.08,21.06,0,0,1,0,19.77,0,0,0,45.44,10:59:00,0
STU01010,AIML,2026-01-30,120,10:01:00,10:59:00,5,0,0,43.15,78.56,51.88,2,1,10,2,64.61,2,2,1,90.86,10:59:00,1
STU01011,AIML,2026-03-18,120,09:02:00,10:27:00,6,1,1,69.02,57.52,66.34,1,3,9,3,75.67,2,2,0,100.06,10:27:00,1
STU01012,AIML,2026-03-20,90,14:08:00,15:29:00,1,0,0,21.14,57.57,37.32,0,1,5,0,41.52,0,0,0,16.35,15:26:00,0
STU01013,IT,2026-03-06,90,09:09:00,09:47:00,0,0,1,5.3,8.53,7.99,0,0,1,1,34.16,0,0,0,63.49,09:47:00,0
STU01014,CSE,2026-01-26,90,09:02:00,09:59:00,0,0,0,19.43,13.99,19.61,0,0,0,0,22.2,0,0,0,44.42,09:56:00,0
STU01015,DS,2026-01-18,120,14:00:00,15:42:00,0,0,0,29.11,23.46,22.07,0,0,1,0,41.66,0,0,0,61.73,15:39:00,0
STU01016,EEE,2026-03-16,90,09:00:00,10:02:00,1,0,0,8.64,10.07,7.43,0,0,0,1,41.42,0,0,0,66.31,09:59:00,0
STU01017,CIVIL,2026-02-11,120,09:01:00,09:59:00,2,0,0,30.13,42.84,26.42,1,1,5,2,45.6,1,1,0,55.49,09:58:00,1
STU01018,AIML,2026-02-19,90,14:03:00,14:58:00,1,0,0,40.93,55.36,36.04,1,1,2,1,57.81,0,1,1,53.03,14:58:00,1
STU01019,ECE,2026-02-18,90,10:02:00,11:15:00,1,0,0,25.87,18.62,5.83,0,1,0,1,42.93,0,0,0,53.46,11:12:00,0
STU01020,CIVIL,2026-01-02,60,14:04:00,15:04:00,1,0,0,26.3,6.17,11.3,0,0,2,1,41.68,0,0,0,28.83,15:02:00,0
STU01021,CIVIL,2026-01-13,60,10:06:00,10:58:00,2,1,0,34.51,48.29,39.96,1,0,4,1,63.45,0,0,1,30.74,10:55:00,1
STU01022,AIML,2026-02-06,90,09:00:00,10:07:00,1,0,1,12.37,11.5,11.57,0,0,0,0,34.69,0,0,0,64.1,10:05:00,0
STU01023,CSE,2026-02-10,60,14:04:00,14:46:00,3,1,1,40.84,46.09,44.06,0,2,2,0,46.22,1,1,1,43.72,14:44:00,1
STU01024,AIML,2026-01-11,120,09:09:00,10:49:00,1,0,0,20.94,25.6,7.57,0,1,1,0,26.32,0,0,0,51.53,10:46:00,0
STU01025,EEE,2026-03-11,90,14:09:00,15:39:00,4,1,1,61.82,69.85,50.1,2,2,6,2,83.84,1,0,1,21.07,15:36:00,1
STU01026,AIML,2026-03-16,60,10:00:00,11:00:00,8,1,1,87.9,87.85,95.46,9,10,20,7,84.36,5,5,4,99.3,10:57:00,1
STU01027,DS,2026-02-21,120,14:02:00,15:02:00,3,1,0,31.47,42.54,53.82,0,2,5,1,62.66,0,1,0,74.57,14:59:00,1
STU01028,CIVIL,2026-03-20,90,09:09:00,10:10:00,0,0,0,29.4,9.09,30.84,0,1,2,1,33.1,0,0,0,26.04,10:10:00,0
STU01029,EEE,2026-01-29,60,14:07:00,15:02:00,0,0,0,22.28,9.44,18.18,0,0,2,0,7.72,0,0,0,62.21,15:01:00,0
STU01030,MECH,2026-02-13,90,10:06:00,11:33:00,3,1,1,63.94,69.05,60.79,3,5,5,2,70.01,1,2,0,107.98,11:30:00,1
STU01031,ECE,2026-02-08,90,09:01:00,10:00:00,0,0,0,14.14,33.23,34.42,0,1,0,0,24.61,0,0,0,48.33,09:59:00,0
STU01032,CIVIL,2026-02-07,120,10:07:00,11:24:00,1,0,0,16.83,15.77,23.28,0,0,2,0,11.92,0,0,0,66.34,11:24:00,0
STU01033,MECH,2026-01-03,90,14:07:00,15:23:00,3,1,0,58.21,75.63,75.6,3,5,8,4,77.14,0,2,2,62.68,15:21:00,1
STU01034,ECE,2026-01-01,90,09:09:00,10:31:00,0,0,0,21.63,18.57,20.07,0,0,1,0,8.36,0,0,0,56.68,10:29:00,0
STU01035,CIVIL,2026-01-16,60,09:00:00,09:40:00,0,1,0,11.68,11.35,25.81,0,1,0,1,20.91,0,0,0,41.85,09:37:00,0
STU01036,EEE,2026-02-08,60,10:09:00,10:59:00,0,0,0,16.5,5.22,30.4,0,1,0,1,43.64,0,0,0,38.61,10:58:00,0
STU01037,IT,2026-02-06,90,14:09:00,15:03:00,1,1,0,17.31,8.22,12.2,0,1,1,0,5.55,0,0,0,47.84,15:01:00,0
STU01038,DS,2026-03-25,90,09:09:00,10:35:00,1,0,1,21.34,31.53,32.28,0,1,1,0,26.69,0,0,0,60.78,10:34:00,0
STU01039,MECH,2026-01-26,120,09:05:00,10:05:00,0,1,0,23.68,24.14,16.23,0,0,2,1,14.78,0,0,0,26.41,10:02:00,0
STU01040,MECH,2026-02-01,60,10:01:00,10:37:00,2,0,1,29.88,45.72,27.76,0,1,4,2,51.31,0,0,1,61.64,10:35:00,1
STU01041,IT,2026-02-15,60,14:09:00,15:07:00,0,1,0,9.64,22.9,28.47,0,0,1,0,26.5,0,0,0,69.15,15:05:00,0
STU01042,IT,2026-01-04,60,09:08:00,09:56:00,14,1,0,79.07,97.65,76.61,6,7,23,8,82.71,2,5,2,88.82,09:55:00,1
STU01043,CIVIL,2026-02-11,60,09:06:00,09:51:00,1,0,1,18.82,9.64,18.14,0,1,2,1,37.28,0,0,0,38.6,09:50:00,0
STU01044,ECE,2026-02-15,90,10:06:00,11:17:00,1,0,0,26.93,22.26,34.94,0,1,0,1,6.24,0,0,0,49.48,11:14:00,0
STU01045,ECE,2026-03-15,120,09:08:00,10:33:00,0,0,0,11.62,9.76,30.08,0,1,1,0,34.89,0,0,0,43.31,10:30:00,0
STU01046,ECE,2026-03-15,90,14:06:00,14:56:00,7,1,0,58.02,62.01,77.38,2,2,10,4,79.6,2,2,1,15.25,14:55:00,1
STU01047,CSE,2026-02-11,60,09:05:00,09:54:00,1,0,0,19.48,14.56,24.63,0,1,1,1,28.56,0,0,0,43.37,09:53:00,0
STU01048,DS,2026-01-15,120,09:07:00,10:14:00,2,0,0,24.76,32.03,47.04,1,0,1,1,63.85,0,1,0,36.67,10:14:00,0
STU01049,ECE,2026-03-09,120,10:06:00,11:58:00,1,1,1,28.66,14.78,23.07,0,1,1,0,12.05,0,0,0,62.42,11:58:00,0
STU01050,DS,2026-02-05,120,10:08:00,11:43:00,0,1,0,12.75,29.99,26.22,0,1,0,0,27.32,0,0,0,34.3,11:41:00,0
STU01051,ECE,2026-01-24,120,09:06:00,09:41:00,1,0,0,19.61,19.72,24.2,0,0,0,1,8.67,0,0,0,65.48,09:39:00,0
STU01052,DS,2026-03-21,60,14:02:00,14:59:00,1,0,0,9.19,7.09,21.72,0,0,0,1,13.77,0,0,0,34.85,14:58:00,0
STU01053,IT,2026-02-15,90,09:01:00,09:48:00,1,0,1,29.61,29.36,43.84,0,2,3,0,35.67,0,1,1,34.65,09:48:00,1
STU01054,IT,2026-02-04,60,14:08:00,14:44:00,5,1,1,65.83,75.7,67.4,3,4,5,2,77.04,1,1,0,39.41,14:41:00,1
STU01055,ECE,2026-02-11,120,09:07:00,10:19:00,0,1,0,6.44,21.14,27.52,0,0,0,1,9.5,0,0,0,42.16,10:19:00,0
STU01056,IT,2026-02-07,60,10:10:00,11:08:00,3,0,0,31.76,52.3,49.6,0,0,5,2,42.21,0,0,0,79.43,11:06:00,0
STU01057,EEE,2026-03-24,60,09:04:00,09:49:00,0,0,0,19.31,29.56,24.69,0,1,2,1,38.34,0,0,0,60.09,09:48:00,0
STU01058,IT,2026-02-11,90,10:03:00,10:55:00,2,0,0,23.46,29.31,45.67,1,0,2,1,62.78,1,1,1,27.85,10:53:00,1
STU01059,CSE,2026-01-28,60,10:00:00,10:39:00,0,0,0,5.52,34.84,21.36,0,1,1,1,31.24,0,0,0,57.22,10:36:00,0
STU01060,AIML,2026-01-05,90,10:10:00,11:22:00,3,1,1,27.72,45.99,54.86,0,2,4,1,57.41,0,0,0,33.95,11:20:00,1
STU01061,DS,2026-02-14,90,14:08:00,15:19:00,0,0,1,21.98,15.28,26.49,0,0,1,0,31.01,0,0,0,54.44,15:19:00,0
STU01062,MECH,2026-02-06,60,10:10:00,10:45:00,3,0,0,41.38,27.48,40.16,0,2,3,2,55.53,1,0,0,34.7,10:45:00,1
STU01063,CIVIL,2026-02-24,90,09:01:00,10:01:00,7,0,1,65.58,74.96,77.85,3,1,5,4,66.18,2,1,1,29.05,09:59:00,1
STU01064,CSE,2026-01-21,90,10:06:00,11:37:00,2,1,0,33.08,28.87,27.87,1,2,1,1,50.2,1,1,1,38.91,11:34:00,1
STU01065,IT,2026-03-01,120,10:03:00,11:09:00,1,0,0,33.01,51.83,36.86,1,2,2,2,40.11,0,1,1,32.62,11:07:00,1
STU01066,EEE,2026-03-15,120,14:03:00,15:23:00,0,0,1,23.77,25.02,19.6,0,0,2,1,22.77,0,0,0,63.54,15:21:00,0
STU01067,CSE,2026-02-16,60,09:08:00,10:06:00,3,0,0,32.18,27.63,45.99,0,1,5,2,35.15,0,0,0,82.14,10:06:00,0
STU01068,MECH,2026-02-19,60,10:07:00,10:42:00,1,0,0,25.3,32.69,28.24,0,0,1,1,32.23,0,0,0,30.49,10:41:00,0
STU01069,MECH,2026-03-02,120,10:03:00,10:49:00,1,0,0,9.32,25.91,17.57,0,0,0,0,39.67,0,0,0,50.07,10:49:00,0
STU01070,ECE,2026-02-04,60,10:03:00,10:58:00,5,0,1,60.5,59.92,50.72,1,1,7,2,71.73,0,2,2,40.96,10:58:00,1
STU01071,EEE,2026-02-02,60,10:00:00,10:43:00,0,0,0,25.76,33.19,16.35,0,1,2,0,9.07,0,0,0,68.02,10:40:00,0
STU01072,IT,2026-03-16,60,09:08:00,09:48:00,0,0,0,24.48,20.62,27.68,0,1,0,1,17.34,0,0,0,37.43,09:48:00,0
STU01073,AIML,2026-03-06,60,09:09:00,10:00:00,1,0,0,15.06,25.43,13.58,0,0,0,0,17.76,0,0,0,45.6,09:57:00,0
STU01074,CSE,2026-01-28,60,09:05:00,09:54:00,0,0,0,28.02,27.78,11.56,0,1,2,1,5.47,0,0,0,47.5,09:53:00,0
STU01075,IT,2026-03-22,120,10:06:00,12:09:00,0,0,0,17.82,8.85,6.7,0,1,2,0,9.67,0,0,0,31.91,12:06:00,0
STU01076,EEE,2026-03-10,120,09:01:00,10:37:00,0,0,0,20.15,24.89,25.92,0,1,0,1,24.69,0,0,0,35.84,10:34:00,0
STU01077,DS,2026-03-26,60,09:00:00,09:56:00,1,0,0,15.11,16.64,16.99,0,1,0,0,9.71,0,0,0,64.85,09:56:00,0
STU01078,IT,2026-01-25,60,09:04:00,10:04:00,0,0,0,27.02,24.42,23.37,0,1,0,1,29.32,0,0,0,56.22,10:04:00,0
STU01079,CSE,2026-03-03,120,14:03:00,15:07:00,0,0,0,24.79,14.53,23.26,0,1,1,1,34.25,0,0,0,63.47,15:05:00,0
STU01080,DS,2026-02-17,60,09:02:00,09:49:00,4,1,0,63.34,58.93,75.91,3,4,7,3,71.51,0,2,0,72.29,09:46:00,1
STU01081,DS,2026-02-06,60,09:09:00,10:07:00,1,0,0,47.87,33.91,30.24,1,1,2,0,39.26,0,0,1,23.72,10:05:00,0
STU01082,CSE,2026-01-01,60,09:06:00,09:49:00,1,1,0,25.47,26.98,5.37,0,0,1,0,10.01,0,0,0,61.4,09:48:00,0
STU01083,MECH,2026-03-16,120,10:08:00,10:54:00,1,0,0,29.56,7.37,12.19,0,1,0,1,26.11,0,0,0,69.01,10:53:00,0
STU01084,CIVIL,2026-02-02,60,10:00:00,10:43:00,4,1,0,49.79,59.98,77.3,3,3,9,4,73.65,1,1,2,91.92,10:40:00,1
STU01085,DS,2026-01-29,90,09:09:00,10:11:00,6,0,1,65.64,69.35,54.42,2,4,9,1,71.37,2,2,0,25.28,10:11:00,1
STU01086,DS,2026-03-29,120,10:02:00,10:35:00,1,1,0,28.01,20.25,34.47,0,1,1,1,23.63,0,0,0,39.52,10:35:00,0
STU01087,CIVIL,2026-01-07,60,14:04:00,14:53:00,3,1,1,44.55,55.79,74.14,1,4,7,1,65.7,0,1,2,27.3,14:51:00,1
STU01088,IT,2026-03-29,60,10:07:00,11:02:00,6,0,0,53.87,57.54,77.39,4,2,8,4,82.32,1,1,1,47.12,10:59:00,1
STU01089,AIML,2026-01-26,120,10:03:00,11:54:00,1,1,0,46.28,27.59,51.48,0,2,1,0,35.43,1,1,1,52.4,11:51:00,1
STU01090,IT,2026-03-09,120,10:08:00,11:02:00,1,0,1,26.98,32.51,6.01,0,0,1,0,15.29,0,0,0,26.93,11:00:00,0
STU01091,DS,2026-01-10,60,14:07:00,14:51:00,0,0,0,6.7,25.77,10.13,0,0,0,0,35.75,0,0,0,48.08,14:50:00,0
STU01092,CSE,2026-02-06,120,14:07:00,16:00:00,1,0,1,15.84,22.19,27.08,0,0,2,0,34.98,0,0,0,45.97,15:58:00,0
STU01093,IT,2026-01-01,120,10:04:00,11:58:00,1,0,0,19.83,30.41,8.73,0,0,2,0,18.55,0,0,0,55.0,11:58:00,0
STU01094,CSE,2026-01-25,90,09:04:00,09:49:00,7,0,1,52.09,64.95,69.56,3,5,10,2,79.88,1,1,1,89.31,09:47:00,1
STU01095,MECH,2026-01-28,60,10:02:00,10:42:00,2,0,0,46.0,48.08,25.29,0,1,4,0,54.17,1,1,1,22.4,10:41:00,1
STU01096,ECE,2026-01-03,120,10:06:00,12:01:00,5,1,0,65.09,77.51,72.49,1,5,4,4,74.52,1,2,2,69.61,11:58:00,1
STU01097,DS,2026-03-05,90,14:06:00,15:06:00,7,0,0,74.09,77.73,92.04,4,5,20,8,82.64,4,5,2,17.55,15:03:00,1
STU01098,MECH,2026-03-03,120,10:09:00,11:36:00,1,0,0,18.28,5.72,14.55,0,0,0,1,20.87,0,0,0,50.55,11:34:00,0
STU01099,AIML,2026-03-14,60,14:08:00,15:00:00,0,0,1,18.36,26.86,31.95,0,0,1,1,16.31,0,0,0,29.66,15:00:00,0
STU01100,ECE,2026-03-21,60,14:10:00,15:05:00,0,0,0,25.06,26.17,25.05,0,0,1,0,7.33,0,0,0,66.34,15:04:00,0
STU01101,DS,2026-02-18,60,10:04:00,10:34:00,1,0,0,28.89,9.81,12.76,0,1,0,1,24.63,0,0,0,26.77,10:34:00,0
STU01102,CIVIL,2026-03-22,60,10:09:00,11:10:00,0,0,0,9.99,26.04,9.19,0,1,1,0,26.58,0,0,0,29.08,11:08:00,0
STU01103,MECH,2026-01-07,60,09:01:00,09:43:00,0,0,1,15.21,32.33,15.33,0,1,1,0,20.9,0,0,0,48.66,09:43:00,0
STU01104,EEE,2026-02-19,120,14:10:00,15:04:00,0,0,0,26.84,14.99,33.49,0,1,0,1,42.51,0,0,0,61.28,15:02:00,0
STU01105,CSE,2026-02-09,60,14:00:00,14:37:00,3,0,0,47.98,46.49,33.67,0,2,4,2,52.68,0,1,0,25.08,14:34:00,1
STU01106,CIVIL,2026-03-30,120,14:10:00,15:04:00,0,0,0,10.96,11.47,6.33,0,0,0,0,29.09,0,0,0,44.64,15:01:00,0
STU01107,ECE,2026-03-20,120,10:05:00,11:01:00,0,0,0,24.48,30.29,8.62,0,1,2,1,42.3,0,0,0,54.73,11:01:00,0
STU01108,IT,2026-03-29,120,09:08:00,10:03:00,3,0,0,24.32,57.78,34.35,0,1,2,2,56.53,0,1,1,67.24,10:02:00,1
STU01109,AIML,2026-02-03,60,10:04:00,10:51:00,0,0,0,13.73,6.41,22.75,0,0,0,0,9.4,0,0,0,25.28,10:50:00,0
STU01110,ECE,2026-03-20,90,09:01:00,10:00:00,0,0,0,27.12,20.85,7.66,0,1,0,0,24.77,0,0,0,33.91,09:58:00,0
STU01111,CIVIL,2026-03-24,60,10:06:00,11:03:00,0,0,1,9.82,11.66,24.54,0,0,1,0,20.15,0,0,0,53.95,11:01:00,0
STU01112,ECE,2026-01-08,60,10:05:00,10:58:00,0,0,0,10.37,21.27,18.83,0,0,0,0,23.82,0,0,0,56.21,10:56:00,0
STU01113,IT,2026-01-15,60,14:05:00,14:44:00,3,1,1,36.03,45.5,47.73,0,0,2,0,42.38,1,1,0,52.66,14:43:00,1
STU01114,ECE,2026-01-20,60,09:01:00,09:55:00,1,0,0,12.96,30.08,23.72,0,0,1,1,6.24,0,0,0,66.48,09:53:00,0
STU01115,AIML,2026-03-06,120,14:07:00,15:44:00,0,0,0,18.3,24.76,10.15,0,1,2,0,31.58,0,0,0,25.1,15:43:00,0
STU01116,AIML,2026-03-09,120,14:08:00,15:06:00,14,0,1,92.09,92.08,84.43,9,9,17,8,96.52,5,3,5,9.81,15:04:00,1
STU01117,AIML,2026-01-19,120,10:10:00,11:14:00,1,0,1,23.65,22.95,11.88,0,1,1,1,24.29,0,0,0,35.61,11:13:00,0
STU01118,MECH,2026-03-23,60,10:01:00,10:37:00,2,0,0,45.93,51.32,29.8,0,2,5,2,45.53,0,1,0,84.76,10:34:00,1
STU01119,CSE,2026-03-18,60,14:02:00,14:46:00,1,0,0,6.75,24.73,20.25,0,1,1,0,40.88,0,0,0,31.98,14:44:00,0
STU01120,DS,2026-01-05,90,10:07:00,11:16:00,1,0,0,7.15,14.97,15.53,0,1,2,1,23.33,0,0,0,29.23,11:15:00,0
STU01121,CIVIL,2026-01-25,60,14:09:00,15:00:00,1,0,1,27.92,22.3,5.96,0,1,0,1,43.53,0,0,0,53.51,14:59:00,0
STU01122,CSE,2026-01-14,90,09:05:00,10:30:00,1,1,0,9.64,14.04,29.85,0,0,2,0,35.59,0,0,0,55.05,10:30:00,0
STU01123,IT,2026-01-07,60,14:01:00,15:01:00,0,1,1,11.48,24.68,22.75,0,0,0,1,35.63,0,0,0,51.65,15:00:00,0
STU01124,DS,2026-01-05,90,10:00:00,11:20:00,6,0,1,51.07,61.62,56.11,1,1,5,1,83.59,1,0,0,16.08,11:17:00,1
STU01125,EEE,2026-01-28,120,09:09:00,10:14:00,0,0,0,26.76,31.53,13.07,0,0,1,1,42.02,0,0,0,25.45,10:14:00,0
STU01126,DS,2026-02-28,60,09:07:00,10:07:00,1,0,0,46.46,40.45,29.34,1,2,2,2,50.07,0,0,1,82.31,10:07:00,1
STU01127,DS,2026-01-24,60,09:04:00,09:44:00,1,0,1,23.82,14.45,17.26,0,1,2,0,25.14,0,0,0,25.43,09:42:00,0
STU01128,CIVIL,2026-03-25,60,10:10:00,10:53:00,0,0,0,26.57,6.97,23.21,0,0,2,0,23.21,0,0,0,61.45,10:52:00,0
STU01129,CIVIL,2026-01-30,120,10:04:00,11:58:00,0,1,0,18.55,29.3,18.36,0,1,1,1,20.31,0,0,0,37.78,11:55:00,0
STU01130,MECH,2026-02-01,120,14:00:00,14:39:00,1,0,0,12.57,25.87,7.63,0,0,0,1,5.97,0,0,0,44.63,14:37:00,0
STU01131,EEE,2026-01-27,120,14:10:00,15:25:00,1,1,1,22.69,23.92,30.62,0,0,0,0,35.81,0,0,0,62.8,15:25:00,1
STU01132,ECE,2026-03-17,120,14:01:00,14:42:00,1,0,1,6.81,34.96,12.35,0,0,0,1,22.36,0,0,0,57.67,14:39:00,0
STU01133,CSE,2026-01-08,60,10:00:00,10:48:00,0,0,0,27.48,6.51,33.81,0,0,2,0,27.67,0,0,0,60.04,10:46:00,0
STU01134,EEE,2026-01-19,120,14:10:00,15:00:00,13,1,1,80.11,79.32,98.16,9,5,10,6,82.06,2,2,3,125.36,14:59:00,1
STU01135,MECH,2026-03-19,120,09:03:00,10:53:00,3,0,1,41.16,43.02,39.32,1,0,5,1,40.39,0,1,1,27.3,10:50:00,1
STU01136,CSE,2026-01-04,120,10:05:00,10:41:00,5,1,1,48.56,76.46,58.35,2,3,7,3,81.19,0,2,0,51.43,10:39:00,1
STU01137,IT,2026-03-31,90,09:10:00,10:40:00,1,0,0,9.97,5.44,14.03,0,0,1,0,31.52,0,0,0,64.83,10:37:00,0
STU01138,EEE,2026-02-20,120,09:07:00,09:58:00,0,0,0,10.49,32.12,28.15,0,1,1,0,41.31,0,0,0,54.61,09:55:00,0
STU01139,MECH,2026-03-29,90,09:06:00,10:25:00,0,0,0,7.34,34.46,14.18,0,0,1,1,12.71,0,0,0,35.76,10:22:00,0
STU01140,CIVIL,2026-01-03,90,09:01:00,10:29:00,6,0,0,57.74,58.6,65.38,4,1,4,3,65.37,1,1,2,65.83,10:29:00,1
STU01141,ECE,2026-01-17,120,10:07:00,12:03:00,1,0,1,34.77,41.53,25.59,1,0,3,1,36.81,1,0,1,74.75,12:01:00,1
STU01142,MECH,2026-01-05,90,14:00:00,14:54:00,0,0,0,29.43,19.79,15.29,0,1,0,1,11.84,0,0,0,53.68,14:53:00,0
STU01143,CSE,2026-01-24,120,14:07:00,15:18:00,2,1,0,37.17,37.1,39.43,0,1,1,2,61.79,1,1,0,51.36,15:16:00,1
STU01144,EEE,2026-03-05,120,10:09:00,11:37:00,0,1,0,5.21,18.45,6.99,0,1,2,0,34.55,0,0,0,51.5,11:35:00,0
STU01145,AIML,2026-02-03,90,10:03:00,11:16:00,6,1,1,61.26,78.19,49.71,3,3,10,2,73.43,1,0,2,93.16,11:14:00,1
STU01146,AIML,2026-03-22,90,10:10:00,11:29:00,6,0,1,48.47,79.49,71.47,2,3,10,4,82.24,0,0,0,70.08,11:28:00,1
STU01147,AIML,2026-01-30,90,10:07:00,10:44:00,0,0,1,25.57,28.9,25.96,0,0,2,0,44.73,0,0,0,27.62,10:42:00,0
STU01148,CSE,2026-01-28,90,09:00:00,09:57:00,1,1,0,7.84,23.24,11.78,0,0,2,0,17.74,0,0,0,37.76,09:54:00,0
STU01149,EEE,2026-02-09,90,09:09:00,10:35:00,9,1,1,89.86,76.03,79.52,6,10,15,3,84.96,4,4,2,27.06,10:32:00,1
STU01150,EEE,2026-03-18,90,09:01:00,09:46:00,0,1,0,25.32,6.59,16.34,0,0,2,0,14.49,0,0,0,45.16,09:43:00,0
STU01151,IT,2026-02-12,120,10:09:00,11:18:00,0,1,0,14.17,16.69,12.99,0,0,0,1,14.12,0,0,0,44.42,11:18:00,0
STU01152,CIVIL,2026-01-01,60,09:01:00,09:34:00,0,0,1,8.03,27.21,33.1,0,1,1,0,21.52,0,0,0,40.61,09:33:00,0
STU01153,CIVIL,2026-03-24,120,14:00:00,15:21:00,1,0,1,21.28,33.9,38.55,0,2,1,2,35.17,1,0,0,35.18,15:20:00,1
STU01154,ECE,2026-03-27,60,14:10:00,15:01:00,11,1,0,89.12,94.66,99.16,7,10,11,4,95.93,2,4,2,124.41,15:01:00,1
STU01155,AIML,2026-02-25,90,14:03:00,14:39:00,10,1,0,78.62,82.29,85.91,10,9,24,8,98.21,1,2,1,86.48,14:37:00,1
STU01156,CSE,2026-02-05,90,10:05:00,11:21:00,0,0,0,11.23,28.06,6.86,0,0,2,1,27.45,0,0,0,30.97,11:18:00,0
STU01157,CIVIL,2026-01-22,60,10:00:00,10:54:00,6,1,1,49.01,50.32,75.7,3,1,4,2,66.08,0,0,2,81.36,10:53:00,1
STU01158,ECE,2026-02-06,90,10:05:00,10:39:00,3,0,0,34.36,56.54,35.09,1,0,5,0,35.63,0,1,0,29.32,10:36:00,1
STU01159,MECH,2026-03-20,90,14:04:00,15:07:00,0,0,1,21.41,20.28,19.03,0,0,0,0,19.7,0,0,0,36.63,15:06:00,0
STU01160,AIML,2026-01-19,90,14:04:00,15:23:00,7,0,1,69.75,68.84,55.4,3,4,10,3,68.91,1,1,0,37.1,15:23:00,1
STU01161,DS,2026-01-09,60,10:07:00,10:59:00,3,0,1,38.93,46.96,54.25,0,0,1,0,37.97,0,1,1,33.37,10:59:00,1
STU01162,MECH,2026-01-15,60,10:10:00,11:09:00,4,1,1,44.86,74.88,53.44,4,3,5,2,60.5,2,1,0,56.66,11:06:00,1
STU01163,IT,2026-02-12,90,10:06:00,11:18:00,0,0,0,29.39,31.35,13.75,0,0,1,1,20.7,0,0,0,51.19,11:17:00,0
STU01164,MECH,2026-02-20,120,09:09:00,11:06:00,1,0,0,21.37,19.59,11.92,0,1,1,1,16.01,0,0,0,27.78,11:05:00,0
STU01165,DS,2026-03-20,60,10:10:00,10:44:00,1,1,0,26.14,23.61,23.87,0,1,2,1,17.1,0,0,0,63.04,10:43:00,0
STU01166,CIVIL,2026-01-18,120,14:01:00,15:56:00,1,0,0,11.39,34.8,29.47,0,0,1,1,21.53,0,0,0,33.81,15:56:00,0
STU01167,DS,2026-01-26,60,14:10:00,14:53:00,3,0,0,28.56,52.57,44.34,0,1,3,2,52.99,0,1,0,28.35,14:51:00,1
STU01168,CIVIL,2026-01-10,60,09:09:00,10:08:00,7,1,1,52.52,71.36,58.3,2,2,9,4,77.72,2,2,0,64.16,10:08:00,1
STU01169,ECE,2026-01-31,90,14:06:00,14:52:00,0,0,0,6.27,34.1,18.12,0,0,1,0,15.15,0,0,0,66.75,14:49:00,0
STU01170,IT,2026-02-05,90,09:09:00,10:25:00,7,0,0,44.61,75.47,58.24,3,5,7,2,62.55,0,1,2,9.43,10:25:00,1
STU01171,DS,2026-03-04,60,14:07:00,14:40:00,1,0,0,18.9,28.53,30.97,0,1,0,0,18.17,0,0,0,51.67,14:38:00,0
STU01172,IT,2026-02-05,120,10:03:00,11:03:00,0,0,0,25.11,12.44,33.66,0,1,2,0,38.27,0,0,0,32.87,11:01:00,0
STU01173,MECH,2026-02-16,60,14:10:00,14:51:00,1,0,0,8.15,6.5,11.62,0,1,1,0,13.47,0,0,0,47.52,14:51:00,0
STU01174,DS,2026-03-05,90,09:07:00,09:46:00,1,0,0,16.61,13.69,7.41,0,0,2,0,26.79,0,0,0,64.56,09:43:00,0
STU01175,MECH,2026-01-13,90,10:10:00,10:58:00,0,0,0,17.8,25.48,29.6,0,0,2,1,36.53,0,0,0,26.88,10:55:00,0
STU01176,MECH,2026-02-11,60,09:03:00,09:41:00,0,0,0,17.66,6.06,18.49,0,1,0,1,7.98,0,0,0,30.82,09:41:00,0
STU01177,IT,2026-03-03,90,10:07:00,11:04:00,0,0,0,16.47,7.58,30.88,0,0,0,1,11.81,0,0,0,38.27,11:01:00,0
STU01178,IT,2026-03-11,120,14:10:00,15:01:00,0,0,1,11.98,18.26,23.09,0,0,1,0,43.08,0,0,0,30.18,14:58:00,0
STU01179,DS,2026-01-11,90,10:01:00,11:15:00,0,0,0,26.55,22.54,7.6,0,0,2,0,25.56,0,0,0,62.62,11:13:00,0
STU01180,EEE,2026-01-26,60,10:02:00,10:49:00,0,0,1,11.35,34.29,33.85,0,1,1,1,5.96,0,0,0,38.46,10:48:00,0
STU01181,ECE,2026-01-06,120,14:03:00,15:17:00,1,0,1,16.44,20.08,17.71,0,1,1,0,26.68,0,0,0,63.44,15:16:00,0
STU01182,MECH,2026-03-01,120,10:04:00,10:58:00,3,1,1,67.62,64.8,73.64,1,4,8,3,73.35,1,2,1,70.54,10:57:00,1
STU01183,AIML,2026-02-16,60,10:07:00,10:45:00,1,0,0,20.08,14.62,11.03,0,1,2,0,33.39,0,0,0,33.42,10:42:00,0
STU01184,CSE,2026-02-05,90,10:04:00,10:38:00,2,1,1,38.67,53.7,53.89,1,0,4,1,40.39,1,0,1,31.82,10:37:00,1
STU01185,IT,2026-02-03,90,09:05:00,10:05:00,1,1,0,20.79,32.72,11.92,0,1,2,1,10.21,0,0,0,31.15,10:03:00,0
STU01186,CSE,2026-02-11,120,14:05:00,15:02:00,0,0,0,9.75,19.47,26.47,0,0,1,0,23.1,0,0,0,68.51,15:01:00,0
STU01187,EEE,2026-03-10,120,09:04:00,10:53:00,3,0,0,26.78,31.49,45.42,1,1,4,1,47.19,0,0,0,33.05,10:51:00,0
STU01188,ECE,2026-02-21,60,09:05:00,09:59:00,0,0,1,6.5,24.63,22.08,0,1,2,0,6.2,0,0,0,66.15,09:57:00,0
STU01189,CIVIL,2026-03-13,120,14:06:00,15:34:00,1,0,1,8.33,10.94,20.84,0,1,1,0,13.12,0,0,0,54.76,15:31:00,0
STU01190,ECE,2026-01-04,120,09:05:00,10:54:00,1,0,0,13.26,18.1,15.1,0,0,1,0,15.99,0,0,0,41.88,10:51:00,0
STU01191,MECH,2026-02-16,90,09:10:00,09:52:00,0,0,0,15.37,23.16,18.78,0,0,1,0,21.8,0,0,0,52.39,09:52:00,0
STU01192,EEE,2026-02-27,120,14:03:00,14:52:00,1,0,0,35.49,37.56,53.15,0,1,1,2,50.38,0,0,1,83.7,14:51:00,0
STU01193,CSE,2026-03-10,120,14:00:00,15:13:00,0,1,1,27.27,26.83,11.8,0,1,1,0,42.36,0,0,0,67.18,15:12:00,1
STU01194,ECE,2026-03-06,120,10:10:00,11:32:00,1,0,0,15.7,34.51,23.88,0,1,1,1,18.14,0,0,0,49.8,11:29:00,0
STU01195,ECE,2026-03-05,120,09:09:00,10:03:00,2,0,0,21.69,26.93,28.93,1,1,5,0,42.53,0,1,0,61.03,10:00:00,0
STU01196,CIVIL,2026-01-26,60,09:07:00,09:59:00,0,0,0,10.32,28.99,29.46,0,1,1,1,5.3,0,0,0,42.64,09:58:00,0
STU01197,CIVIL,2026-01-15,90,14:00:00,14:43:00,0,0,1,29.8,31.44,21.44,0,1,2,0,20.32,0,0,0,67.96,14:43:00,0
STU01198,MECH,2026-01-24,90,10:02:00,11:18:00,12,1,1,67.71,91.37,79.16,5,6,16,5,82.83,1,4,1,5.97,11:18:00,1
STU01199,ECE,2026-01-03,60,09:01:00,09:33:00,1,0,0,21.77,18.83,11.38,0,1,2,0,31.04,0,0,0,53.44,09:33:00,0
STU01200,EEE,2026-02-07,120,09:07:00,11:01:00,0,0,0,17.53,34.83,21.17,0,1,2,1,44.73,0,0,0,50.75,10:59:00,0
STU01201,MECH,2026-01-16,90,10:01:00,11:10:00,1,1,0,17.13,21.56,14.86,0,0,1,1,18.01,0,0,0,67.13,11:08:00,0
STU01202,CIVIL,2026-02-21,120,14:04:00,16:01:00,3,1,1,40.27,39.71,46.87,1,1,4,0,52.27,0,1,1,72.44,15:58:00,1
STU01203,CIVIL,2026-03-18,60,09:07:00,09:50:00,5,1,1,67.23,73.07,56.09,3,5,8,1,74.89,0,2,1,26.29,09:47:00,1
STU01204,ECE,2026-03-22,120,09:07:00,10:04:00,13,0,0,82.1,86.32,76.31,10,10,25,3,90.05,1,2,5,56.03,10:03:00,1
STU01205,IT,2026-03-05,60,10:02:00,10:41:00,18,1,0,88.08,87.1,96.37,6,6,16,3,82.51,2,2,1,45.82,10:38:00,1
STU01206,MECH,2026-01-07,90,09:04:00,10:33:00,0,0,0,11.96,14.5,22.07,0,0,1,0,18.78,0,0,0,69.25,10:32:00,0
STU01207,MECH,2026-02-23,90,10:07:00,11:13:00,1,0,0,23.03,9.64,8.33,0,1,2,1,32.45,0,0,0,67.54,11:10:00,0
STU01208,AIML,2026-03-25,120,09:10:00,11:01:00,0,1,1,12.07,31.34,13.82,0,1,2,1,12.17,0,0,0,51.61,11:00:00,0
STU01209,AIML,2026-02-12,60,10:01:00,10:58:00,0,0,0,12.12,22.87,28.75,0,1,1,0,25.99,0,0,0,26.67,10:57:00,0
STU01210,IT,2026-03-28,90,09:07:00,10:02:00,1,0,0,12.55,6.52,34.53,0,0,2,1,18.2,0,0,0,33.01,10:01:00,0
STU01211,MECH,2026-03-08,90,09:00:00,10:02:00,0,1,0,25.86,27.88,17.53,0,1,1,0,30.16,0,0,0,54.44,09:59:00,0
STU01212,DS,2026-01-02,90,10:03:00,10:46:00,0,0,1,10.06,20.88,33.03,0,0,0,1,6.66,0,0,0,63.81,10:46:00,0
STU01213,CIVIL,2026-02-04,120,14:09:00,15:17:00,1,0,1,8.91,30.1,26.82,0,0,0,0,9.95,0,0,0,43.56,15:14:00,0
STU01214,IT,2026-01-26,60,14:05:00,14:50:00,1,0,0,29.49,32.83,23.58,0,1,2,1,19.37,0,0,0,34.75,14:50:00,0
STU01215,EEE,2026-02-15,90,09:00:00,10:04:00,2,0,0,44.35,51.59,50.34,0,2,1,2,55.81,0,0,0,47.01,10:03:00,1
STU01216,ECE,2026-01-23,60,09:08:00,09:44:00,1,0,0,24.98,26.27,47.19,0,2,4,0,44.63,1,0,0,53.09,09:44:00,0
STU01217,ECE,2026-01-11,60,09:04:00,09:55:00,1,0,1,13.89,11.67,10.4,0,0,0,1,21.66,0,0,0,59.37,09:54:00,0
STU01218,ECE,2026-02-02,90,09:09:00,10:29:00,1,0,1,28.32,18.85,19.97,0,0,0,1,33.2,0,0,0,29.88,10:28:00,0
STU01219,EEE,2026-02-20,90,09:08:00,10:18:00,1,0,0,29.43,54.07,50.85,0,1,1,2,44.87,0,1,1,74.69,10:18:00,1
STU01220,MECH,2026-03-05,90,14:04:00,14:38:00,0,0,0,25.0,15.07,29.95,0,0,1,1,16.42,0,0,0,26.59,14:36:00,0
STU01221,AIML,2026-01-25,90,09:00:00,09:54:00,1,1,0,10.3,6.2,30.35,0,0,0,0,12.96,0,0,0,26.18,09:52:00,0
STU01222,AIML,2026-03-31,120,14:07:00,15:26:00,1,0,0,41.02,28.65,36.68,1,2,2,2,61.38,1,0,1,73.53,15:23:00,1
STU01223,MECH,2026-02-13,120,14:00:00,14:41:00,9,0,1,97.59,82.15,85.88,9,7,11,2,80.57,5,3,4,19.44,14:40:00,1
STU01224,CSE,2026-03-02,120,14:01:00,15:08:00,1,0,0,21.63,16.43,19.64,0,1,0,0,28.36,0,0,0,43.7,15:05:00,0
STU01225,AIML,2026-03-31,90,09:02:00,10:03:00,17,1,0,80.71,90.22,88.3,5,8,13,4,98.21,5,5,1,115.62,10:02:00,1
STU01226,CIVIL,2026-02-17,60,14:09:00,15:04:00,1,1,0,10.28,25.31,23.64,0,1,2,0,17.65,0,0,0,40.96,15:03:00,0
STU01227,CSE,2026-03-01,120,09:10:00,10:23:00,1,1,0,40.56,52.78,52.3,0,2,1,0,37.5,1,0,1,43.6,10:20:00,1
STU01228,EEE,2026-01-06,90,09:04:00,10:24:00,1,0,1,13.28,10.17,12.84,0,0,2,0,39.51,0,0,0,33.68,10:22:00,0
STU01229,DS,2026-03-18,120,09:00:00,10:33:00,0,0,0,9.25,6.45,29.02,0,1,1,1,14.06,0,0,0,68.25,10:31:00,0
STU01230,IT,2026-02-24,60,10:09:00,10:54:00,0,0,1,15.69,8.83,7.85,0,0,1,0,40.76,0,0,0,29.78,10:54:00,0
STU01231,EEE,2026-02-28,120,09:09:00,10:04:00,1,0,0,12.96,6.48,8.54,0,1,0,0,24.85,0,0,0,69.18,10:04:00,0
STU01232,IT,2026-01-26,90,10:04:00,11:31:00,0,0,0,28.81,25.12,20.48,0,0,1,1,7.54,0,0,0,49.35,11:28:00,0
STU01233,AIML,2026-02-24,60,09:10:00,09:50:00,1,1,0,13.99,21.44,10.87,0,0,0,1,18.78,0,0,0,68.9,09:49:00,0
STU01234,CIVIL,2026-01-30,60,10:09:00,10:55:00,1,0,1,7.07,17.65,25.71,0,0,1,0,13.24,0,0,0,51.22,10:53:00,0
STU01235,IT,2026-03-24,120,10:09:00,11:15:00,0,1,0,27.7,30.77,11.3,0,0,2,1,20.68,0,0,0,51.54,11:14:00,0
STU01236,IT,2026-01-30,60,09:04:00,09:53:00,0,1,1,5.91,29.08,19.61,0,1,1,1,39.34,0,0,0,51.41,09:51:00,1
STU01237,CIVIL,2026-03-25,120,09:08:00,10:21:00,6,1,0,43.06,63.65,61.87,4,3,6,2,66.14,0,0,1,37.64,10:21:00,1
STU01238,EEE,2026-02-19,60,14:01:00,15:01:00,0,0,0,5.37,14.52,30.5,0,0,0,0,33.48,0,0,0,64.01,15:00:00,0
STU01239,EEE,2026-01-31,90,10:02:00,11:25:00,0,0,1,11.57,20.27,30.66,0,0,2,0,20.92,0,0,0,51.89,11:25:00,0
STU01240,DS,2026-01-05,60,10:03:00,10:49:00,1,0,0,16.29,9.42,12.73,0,1,0,1,9.57,0,0,0,38.46,10:49:00,0
STU01241,ECE,2026-02-01,120,14:00:00,15:36:00,2,1,0,42.73,25.15,48.27,0,2,3,2,49.97,0,1,1,77.85,15:34:00,1
STU01242,IT,2026-02-03,90,10:10:00,10:59:00,13,0,1,89.72,91.77,78.95,3,9,20,2,92.61,3,2,2,9.18,10:57:00,1
STU01243,CIVIL,2026-03-07,60,14:01:00,14:32:00,1,0,0,25.51,28.97,20.12,0,1,0,0,23.25,0,0,0,37.11,14:31:00,0
STU01244,DS,2026-02-04,60,10:09:00,11:04:00,0,0,0,29.54,23.86,25.43,0,1,2,1,30.59,0,0,0,48.16,11:04:00,0
STU01245,DS,2026-03-20,120,09:03:00,10:10:00,0,0,0,15.05,30.76,33.63,0,0,0,0,31.16,0,0,0,66.03,10:09:00,0
STU01246,MECH,2026-01-21,60,10:00:00,10:45:00,1,0,0,8.61,20.28,7.53,0,0,0,1,41.09,0,0,0,69.87,10:44:00,0
STU01247,MECH,2026-03-17,120,10:08:00,10:57:00,2,0,1,41.89,46.7,30.42,1,1,4,0,51.14,1,0,0,43.9,10:54:00,1
STU01248,AIML,2026-02-21,60,14:07:00,14:55:00,1,0,0,24.69,50.59,28.33,0,1,4,2,60.8,0,1,1,60.38,14:53:00,1
STU01249,CSE,2026-03-27,60,09:04:00,09:50:00,0,0,0,12.37,25.97,28.23,0,1,0,0,28.78,0,0,0,55.38,09:48:00,0
STU01250,ECE,2026-01-12,120,10:05:00,10:52:00,3,0,0,24.93,28.7,47.12,0,1,4,1,49.18,1,0,1,62.92,10:49:00,1
STU01251,DS,2026-03-19,90,10:10:00,10:44:00,1,0,0,14.79,11.52,15.07,0,0,1,1,36.06,0,0,0,28.15,10:43:00,0
STU01252,IT,2026-01-13,120,09:04:00,11:00:00,0,0,0,5.36,18.6,31.36,0,1,2,0,7.36,0,0,0,56.69,10:57:00,0
STU01253,DS,2026-03-18,120,14:02:00,14:43:00,1,0,0,8.45,19.62,25.68,0,1,0,1,28.64,0,0,0,50.41,14:40:00,0
STU01254,CSE,2026-03-16,90,10:10:00,11:31:00,1,0,0,16.08,20.95,8.98,0,1,1,0,42.77,0,0,0,65.25,11:29:00,0
STU01255,CSE,2026-02-02,60,09:06:00,09:43:00,1,0,0,8.54,20.69,13.74,0,0,0,1,32.03,0,0,0,34.4,09:41:00,0
STU01256,AIML,2026-02-05,90,14:09:00,15:26:00,1,0,0,22.3,31.7,20.13,0,0,2,1,43.25,0,0,0,40.65,15:26:00,0
STU01257,AIML,2026-03-16,120,14:10:00,14:47:00,0,0,0,28.15,16.87,5.66,0,1,2,0,31.19,0,0,0,47.38,14:44:00,0
STU01258,MECH,2026-01-19,90,10:00:00,11:17:00,17,1,1,70.34,84.72,88.8,10,12,19,4,90.22,3,4,5,41.44,11:14:00,1
STU01259,CSE,2026-02-20,60,09:05:00,09:49:00,6,1,0,42.54,67.71,50.03,2,1,6,3,61.58,1,0,0,87.53,09:48:00,1
STU01260,EEE,2026-03-24,120,14:01:00,15:42:00,3,1,0,25.46,56.95,47.54,0,2,3,0,40.84,0,0,0,43.18,15:42:00,1
STU01261,AIML,2026-02-05,90,14:04:00,14:54:00,2,1,1,23.0,35.08,39.21,0,1,3,2,64.44,1,0,0,28.44,14:54:00,1
STU01262,AIML,2026-03-04,120,10:08:00,10:40:00,3,1,1,51.86,62.69,70.39,2,3,9,2,78.75,0,0,0,51.41,10:39:00,1
STU01263,DS,2026-03-19,120,10:10:00,11:11:00,0,0,0,18.81,26.78,8.53,0,1,0,0,30.77,0,0,0,25.34,11:10:00,0
STU01264,CSE,2026-01-31,120,09:01:00,09:52:00,2,1,0,35.13,45.95,53.02,1,0,2,0,57.4,0,1,1,16.7,09:50:00,1
STU01265,CIVIL,2026-03-20,120,10:07:00,11:05:00,0,0,1,21.81,18.49,25.73,0,1,0,0,30.87,0,0,0,58.06,11:02:00,0
STU01266,IT,2026-01-26,120,09:06:00,10:29:00,2,1,1,30.79,29.68,37.03,0,2,2,1,62.9,0,0,1,45.91,10:26:00,1
STU01267,CIVIL,2026-02-05,90,09:04:00,09:46:00,6,0,0,50.51,57.98,68.82,2,5,4,4,74.44,0,0,1,11.48,09:46:00,1
STU01268,MECH,2026-01-08,60,09:03:00,09:45:00,1,1,0,14.52,8.43,30.02,0,1,2,0,27.65,0,0,0,64.61,09:44:00,0
STU01269,EEE,2026-01-04,60,09:00:00,09:51:00,3,0,0,20.4,28.09,32.32,0,1,3,0,50.68,0,0,1,76.63,09:51:00,0
STU01270,MECH,2026-02-27,60,09:03:00,09:38:00,4,1,0,69.32,69.45,55.43,4,4,8,3,83.84,1,0,1,44.15,09:36:00,1
STU01271,DS,2026-03-01,90,14:06:00,15:24:00,2,0,1,44.1,31.36,27.85,1,2,2,2,39.35,0,1,1,63.57,15:23:00,1
STU01272,AIML,2026-02-16,120,09:05:00,10:09:00,4,0,1,55.15,71.03,51.16,3,2,4,1,79.2,0,1,0,57.36,10:06:00,1
STU01273,AIML,2026-01-28,90,09:01:00,09:39:00,0,0,0,12.59,30.75,12.31,0,0,1,1,5.35,0,0,0,62.26,09:39:00,0
STU01274,MECH,2026-03-07,60,09:02:00,09:41:00,0,0,0,21.16,25.78,11.36,0,0,0,1,25.97,0,0,0,42.52,09:39:00,0
STU01275,ECE,2026-03-29,120,14:02:00,14:38:00,0,1,0,25.96,11.61,21.57,0,0,2,1,19.17,0,0,0,68.72,14:35:00,0
STU01276,AIML,2026-02-15,90,14:08:00,15:27:00,1,1,0,35.31,53.67,40.68,1,1,4,0,60.71,0,0,0,30.45,15:25:00,1
STU01277,IT,2026-03-17,120,10:00:00,11:52:00,1,0,1,17.42,8.21,33.02,0,1,1,0,16.23,0,0,0,65.54,11:49:00,0
STU01278,CIVIL,2026-01-25,60,14:01:00,15:01:00,3,1,0,35.44,35.91,47.63,0,0,1,0,42.36,0,0,0,29.48,15:01:00,1
STU01279,DS,2026-03-06,90,09:05:00,10:03:00,1,0,1,6.76,25.12,31.81,0,1,1,0,14.84,0,0,0,65.0,10:03:00,0
STU01280,CSE,2026-02-02,60,09:08:00,09:46:00,7,0,1,66.91,61.29,51.15,2,5,7,1,81.43,1,2,0,82.14,09:44:00,1
STU01281,DS,2026-03-06,60,09:07:00,09:40:00,1,1,0,27.53,34.81,24.76,0,0,1,1,12.29,0,0,0,37.53,09:39:00,0
STU01282,DS,2026-02-05,120,10:02:00,11:52:00,1,0,0,44.28,50.22,32.6,1,0,5,1,64.6,1,0,0,82.4,11:50:00,1
STU01283,CSE,2026-03-25,90,09:10:00,10:31:00,1,0,1,14.25,22.46,16.5,0,0,2,0,31.5,0,0,0,28.88,10:30:00,0
STU01284,CSE,2026-02-11,60,14:10:00,15:09:00,3,0,0,44.54,38.28,53.34,1,1,5,2,55.0,0,0,1,65.21,15:06:00,1
STU01285,ECE,2026-04-01,120,09:05:00,09:38:00,6,1,0,41.96,79.32,57.87,4,5,5,4,81.32,0,1,2,23.21,09:35:00,1
STU01286,CSE,2026-02-17,120,09:04:00,10:49:00,3,1,1,59.71,73.35,53.17,1,4,4,4,82.21,0,2,2,18.23,10:46:00,1
STU01287,CSE,2026-02-23,90,14:00:00,14:50:00,0,0,0,15.63,19.62,13.79,0,1,2,0,19.22,0,0,0,65.92,14:47:00,0
STU01288,EEE,2026-01-14,90,10:06:00,10:40:00,9,1,1,65.79,80.26,80.26,4,5,16,2,98.94,5,4,3,10.18,10:37:00,1
STU01289,ECE,2026-03-12,90,14:10:00,15:09:00,1,1,0,27.42,23.9,24.95,0,0,1,1,43.01,0,0,0,66.83,15:08:00,0
STU01290,CIVIL,2026-03-03,90,10:04:00,10:43:00,0,0,0,17.11,11.96,20.76,0,1,0,1,30.58,0,0,0,32.97,10:40:00,0
STU01291,CIVIL,2026-03-05,120,14:00:00,15:39:00,12,1,0,76.84,97.4,79.39,7,12,9,4,91.93,3,1,2,30.09,15:36:00,1
STU01292,CSE,2026-02-27,60,14:00:00,14:43:00,0,0,0,19.96,13.39,16.64,0,0,0,1,11.34,0,0,0,43.08,14:43:00,0
STU01293,EEE,2026-01-24,120,09:01:00,10:42:00,2,1,0,37.49,30.1,29.81,1,1,1,0,54.99,1,1,1,19.84,10:42:00,1
STU01294,EEE,2026-01-12,60,10:05:00,10:36:00,1,0,0,19.68,25.21,14.58,0,0,1,1,26.65,0,0,0,50.44,10:36:00,0
STU01295,CIVIL,2026-01-29,60,09:08:00,10:09:00,0,0,0,23.24,6.53,9.05,0,0,0,1,7.62,0,0,0,68.57,10:07:00,0
STU01296,CSE,2026-01-01,90,10:00:00,10:51:00,1,0,0,15.1,21.62,21.23,0,0,1,0,43.13,0,0,0,39.2,10:48:00,0
STU01297,EEE,2026-02-24,60,14:06:00,15:04:00,1,0,1,10.16,33.46,29.02,0,1,1,1,40.45,0,0,0,68.23,15:01:00,0
STU01298,EEE,2026-02-11,90,10:05:00,10:59:00,1,0,1,47.74,44.78,50.84,1,0,1,1,64.91,1,1,1,29.42,10:56:00,1
STU01299,CIVIL,2026-01-01,60,14:05:00,14:36:00,1,0,0,32.48,29.41,54.31,1,0,3,2,46.28,1,1,0,56.53,14:35:00,1
STU01300,IT,2026-01-30,90,09:05:00,10:09:00,1,0,0,7.48,26.85,7.45,0,1,0,1,34.6,0,0,0,68.83,10:09:00,0
STU01301,IT,2026-03-31,120,10:00:00,10:38:00,2,1,0,45.39,35.96,48.9,1,2,1,0,51.59,1,1,1,44.05,10:36:00,1
STU01302,IT,2026-03-16,60,09:01:00,09:45:00,0,0,0,13.49,33.33,12.79,0,1,0,1,11.75,0,0,0,46.01,09:45:00,0
STU01303,DS,2026-03-15,60,14:09:00,14:59:00,1,0,1,40.07,30.98,39.25,0,0,4,1,37.06,1,0,0,75.8,14:59:00,1
STU01304,ECE,2026-03-05,60,10:01:00,10:39:00,1,0,1,15.94,7.9,15.87,0,0,0,1,26.44,0,0,0,58.83,10:39:00,0
STU01305,CSE,2026-02-28,90,14:09:00,14:43:00,1,0,0,27.75,32.72,54.06,0,1,3,0,50.8,1,1,0,68.86,14:41:00,1
STU01306,IT,2026-01-16,90,14:04:00,15:34:00,1,0,1,5.62,28.61,34.88,0,1,1,1,38.41,0,0,0,44.73,15:31:00,0
STU01307,MECH,2026-03-26,90,10:01:00,11:27:00,2,0,1,22.66,45.21,39.5,0,1,5,0,46.41,0,1,0,32.55,11:25:00,1
STU01308,ECE,2026-03-25,90,10:09:00,11:15:00,1,0,1,24.02,33.88,24.17,0,1,2,1,38.76,0,0,0,67.12,11:14:00,0
STU01309,AIML,2026-02-07,60,14:08:00,14:50:00,0,0,0,29.76,31.87,32.16,0,1,2,0,24.22,0,0,0,40.58,14:47:00,0
STU01310,CSE,2026-01-09,120,10:04:00,11:02:00,0,0,0,29.79,16.75,15.78,0,0,0,0,18.68,0,0,0,37.7,11:01:00,0
STU01311,AIML,2026-02-21,120,09:08:00,10:10:00,1,0,0,31.14,48.8,35.04,1,1,5,0,39.91,1,1,1,47.91,10:09:00,1
STU01312,MECH,2026-01-31,90,09:00:00,10:31:00,0,0,0,23.05,7.74,11.44,0,0,1,0,11.87,0,0,0,57.69,10:30:00,0
STU01313,DS,2026-01-26,90,09:08:00,10:31:00,0,0,0,20.09,32.73,24.66,0,1,0,1,5.24,0,0,0,25.61,10:28:00,0
STU01314,CSE,2026-01-20,120,14:05:00,15:15:00,4,1,1,43.23,74.95,72.91,4,4,7,3,80.6,1,0,1,46.17,15:13:00,1
STU01315,IT,2026-02-17,120,10:08:00,11:48:00,2,1,1,22.87,35.25,36.12,1,1,1,2,55.08,1,1,1,24.4,11:46:00,1
STU01316,DS,2026-01-30,60,09:09:00,09:52:00,0,0,0,22.16,15.71,23.18,0,0,1,1,39.24,0,0,0,36.2,09:50:00,0
STU01317,CSE,2026-03-28,120,14:03:00,15:11:00,1,1,1,20.24,20.25,13.23,0,0,1,1,20.38,0,0,0,51.75,15:08:00,0
STU01318,CSE,2026-01-15,90,09:06:00,09:58:00,1,0,0,12.02,16.19,10.82,0,1,2,1,18.85,0,0,0,36.61,09:55:00,0
STU01319,ECE,2026-03-10,120,09:07:00,10:32:00,0,0,0,18.58,30.26,11.82,0,1,2,0,12.45,0,0,0,65.5,10:30:00,0
STU01320,CIVIL,2026-02-14,60,09:04:00,09:39:00,0,0,0,21.07,19.3,22.34,0,1,1,0,30.27,0,0,0,57.24,09:37:00,0
STU01321,ECE,2026-03-28,90,09:01:00,10:07:00,1,0,0,37.75,41.3,30.9,1,2,3,1,37.31,0,0,1,27.98,10:07:00,1
STU01322,IT,2026-01-11,60,14:06:00,15:04:00,0,1,0,7.99,23.94,26.24,0,1,1,1,22.45,0,0,0,34.28,15:03:00,0
STU01323,EEE,2026-04-01,120,09:07:00,10:08:00,10,0,1,77.21,75.84,93.77,3,10,19,5,94.31,4,2,1,59.18,10:08:00,1
STU01324,MECH,2026-01-21,90,14:04:00,15:06:00,1,0,1,25.41,10.06,31.26,0,0,2,1,20.04,0,0,0,42.28,15:06:00,0
STU01325,CSE,2026-01-21,60,10:04:00,10:44:00,1,0,1,5.18,27.03,15.1,0,0,0,1,31.65,0,0,0,45.28,10:44:00,0
STU01326,ECE,2026-03-17,120,09:02:00,10:03:00,1,0,0,27.1,27.33,13.71,0,0,1,1,23.03,0,0,0,46.48,10:00:00,0
STU01327,CIVIL,2026-02-04,120,14:09:00,14:52:00,1,0,0,17.43,26.24,9.08,0,1,0,1,11.23,0,0,0,52.92,14:52:00,0
STU01328,CIVIL,2026-02-06,60,09:03:00,09:48:00,0,0,1,8.29,15.64,10.65,0,0,2,1,29.65,0,0,0,51.55,09:45:00,0
STU01329,DS,2026-03-01,60,09:08:00,10:02:00,0,1,0,20.54,28.7,14.45,0,1,0,0,24.44,0,0,0,26.84,10:02:00,0
STU01330,CSE,2026-01-09,90,09:07:00,09:50:00,0,1,1,19.41,17.07,29.51,0,0,2,1,16.77,0,0,0,42.19,09:49:00,0
STU01331,MECH,2026-02-04,90,10:08:00,11:07:00,0,0,1,15.91,13.6,6.9,0,1,1,0,9.75,0,0,0,27.6,11:06:00,0
STU01332,DS,2026-03-14,120,10:00:00,11:15:00,2,0,0,23.93,28.88,30.71,1,1,5,2,57.27,1,1,1,62.71,11:14:00,1
STU01333,DS,2026-03-26,90,09:02:00,09:56:00,1,1,0,24.9,29.26,25.32,0,0,2,1,35.03,0,0,0,42.66,09:55:00,0
STU01334,MECH,2026-01-08,120,09:06:00,11:03:00,0,0,0,15.97,5.44,29.66,0,1,0,1,14.69,0,0,0,41.32,11:03:00,0
STU01335,IT,2026-02-21,60,14:08:00,15:07:00,1,1,0,22.5,27.07,13.29,0,0,0,0,28.72,0,0,0,68.71,15:05:00,0
STU01336,EEE,2026-03-23,120,10:04:00,10:58:00,1,0,0,13.61,20.35,15.53,0,0,0,1,39.38,0,0,0,40.16,10:56:00,0
STU01337,ECE,2026-02-15,120,10:06:00,10:59:00,1,0,0,12.86,12.69,30.81,0,1,2,1,40.33,0,0,0,33.2,10:58:00,0
STU01338,AIML,2026-01-18,120,09:00:00,09:46:00,3,0,0,41.44,44.19,45.52,0,0,1,1,64.01,1,1,1,30.78,09:44:00,1
STU01339,ECE,2026-01-22,60,10:04:00,10:56:00,0,0,0,5.79,18.49,12.99,0,0,0,0,44.8,0,0,0,53.74,10:55:00,0
STU01340,DS,2026-03-13,90,14:03:00,15:12:00,1,0,0,19.21,7.32,16.59,0,0,1,0,17.68,0,0,0,28.0,15:12:00,0
STU01341,EEE,2026-02-14,120,10:03:00,11:24:00,1,0,0,24.73,11.67,28.21,0,1,1,1,20.37,0,0,0,58.92,11:23:00,0
STU01342,AIML,2026-01-04,120,14:03:00,14:40:00,0,0,1,13.2,27.91,22.45,0,0,2,0,27.96,0,0,0,30.56,14:38:00,0
STU01343,AIML,2026-02-19,60,09:04:00,10:04:00,1,0,0,42.55,29.21,31.19,0,2,1,1,54.56,1,1,1,42.07,10:03:00,1
STU01344,MECH,2026-02-10,120,09:09:00,09:55:00,3,1,1,53.36,52.25,60.28,1,2,5,2,66.53,1,1,0,95.55,09:52:00,1
STU01345,AIML,2026-01-26,60,10:08:00,11:03:00,0,0,0,21.9,29.66,21.03,0,0,2,1,19.7,0,0,0,54.26,11:02:00,0
STU01346,AIML,2026-03-15,120,09:03:00,09:56:00,12,1,1,71.19,75.81,91.35,8,11,17,4,91.65,4,1,4,9.29,09:55:00,1
STU01347,ECE,2026-02-09,120,14:04:00,15:57:00,17,1,1,91.75,80.16,79.56,5,5,10,3,91.68,3,5,3,88.76,15:55:00,1
STU01348,CSE,2026-01-19,90,10:04:00,11:09:00,0,0,0,15.85,6.54,32.87,0,0,1,0,32.62,0,0,0,32.34,11:08:00,0
STU01349,DS,2026-01-17,60,09:08:00,10:10:00,1,0,0,15.45,5.4,28.16,0,0,0,0,8.66,0,0,0,59.83,10:08:00,0
STU01350,EEE,2026-01-13,60,09:10:00,09:45:00,0,1,0,9.14,11.51,11.28,0,1,0,1,18.86,0,0,0,43.85,09:44:00,0
STU01351,MECH,2026-01-24,120,09:05:00,10:51:00,3,1,1,63.21,61.97,53.15,3,4,8,4,61.52,0,1,0,26.12,10:49:00,1
STU01352,ECE,2026-03-02,120,14:00:00,14:35:00,4,1,1,58.79,63.6,75.34,2,1,5,3,64.62,2,1,1,84.65,14:34:00,1
STU01353,CSE,2026-02-05,120,10:06:00,11:32:00,1,0,0,10.02,6.28,18.84,0,1,2,1,41.77,0,0,0,59.07,11:29:00,0
STU01354,IT,2026-01-01,90,14:08:00,15:03:00,5,1,0,67.39,54.18,76.8,4,2,5,1,76.44,2,2,0,27.97,15:02:00,1
STU01355,CSE,2026-03-03,90,10:00:00,11:31:00,3,1,1,69.46,57.43,75.0,2,2,7,1,81.96,0,2,1,68.91,11:28:00,1
STU01356,DS,2026-02-16,90,14:08:00,14:53:00,7,1,1,42.59,50.66,57.2,1,3,8,3,77.5,2,2,2,29.68,14:52:00,1
STU01357,MECH,2026-03-18,90,09:09:00,10:07:00,1,0,0,18.1,32.48,17.55,0,1,1,0,41.39,0,0,0,46.13,10:07:00,0
STU01358,CSE,2026-01-25,120,14:00:00,14:54:00,1,1,1,29.24,18.58,22.73,0,1,1,1,27.14,0,0,0,47.36,14:53:00,1
STU01359,CIVIL,2026-02-16,90,14:07:00,14:51:00,5,1,1,63.98,66.92,70.12,2,4,8,1,69.26,0,1,1,65.53,14:48:00,1
STU01360,MECH,2026-02-26,120,14:09:00,15:49:00,0,0,0,13.45,26.16,17.17,0,0,1,0,37.61,0,0,0,67.56,15:46:00,0
STU01361,EEE,2026-02-07,90,10:10:00,11:41:00,0,0,0,5.93,19.16,30.17,0,0,0,1,5.72,0,0,0,25.98,11:38:00,0
STU01362,ECE,2026-02-01,60,14:01:00,14:36:00,5,1,0,46.55,72.25,70.58,2,5,10,3,62.13,0,1,2,89.12,14:36:00,1
STU01363,AIML,2026-03-24,60,14:07:00,14:50:00,1,0,0,15.16,33.01,18.24,0,1,0,0,11.31,0,0,0,26.46,14:50:00,0
STU01364,CSE,2026-01-19,120,09:05:00,10:25:00,0,0,0,12.49,24.97,12.33,0,0,0,1,23.08,0,0,0,39.19,10:24:00,0
STU01365,EEE,2026-02-22,60,14:08:00,15:02:00,2,1,1,42.4,40.64,52.49,1,1,2,2,44.17,0,1,0,31.81,15:01:00,1
STU01366,DS,2026-02-24,60,14:06:00,14:40:00,1,0,0,26.79,16.06,16.99,0,0,0,1,10.96,0,0,0,26.04,14:37:00,0
STU01367,AIML,2026-01-16,60,09:08:00,09:41:00,0,0,0,5.15,9.19,25.27,0,0,0,1,37.05,0,0,0,47.5,09:41:00,0
STU01368,IT,2026-03-21,60,14:08:00,14:50:00,3,1,1,60.29,51.75,49.01,3,5,6,2,73.8,2,0,0,35.02,14:50:00,1
STU01369,ECE,2026-01-03,90,09:05:00,10:14:00,1,0,0,13.62,26.41,34.51,0,1,1,0,11.88,0,0,0,32.95,10:12:00,0
STU01370,MECH,2026-02-06,120,09:07:00,10:09:00,3,1,0,55.86,73.6,52.71,3,1,4,1,81.23,2,0,2,66.36,10:09:00,1
STU01371,CIVIL,2026-03-18,90,14:07:00,15:12:00,3,0,1,46.3,44.65,54.9,1,1,4,0,63.14,0,1,0,38.51,15:10:00,1
STU01372,ECE,2026-03-09,60,14:05:00,14:41:00,0,0,0,14.06,10.19,26.22,0,1,0,0,40.77,0,0,0,63.05,14:38:00,0
STU01373,EEE,2026-02-08,60,10:07:00,10:44:00,1,0,0,24.83,25.24,47.5,0,0,4,2,61.38,1,0,1,43.2,10:41:00,1
STU01374,ECE,2026-01-20,90,10:09:00,11:01:00,3,0,1,42.34,29.37,25.13,1,0,4,1,63.67,1,1,1,68.34,11:01:00,1
STU01375,CIVIL,2026-01-11,60,10:04:00,10:46:00,1,1,1,24.94,19.02,21.3,0,0,0,1,23.08,0,0,0,61.24,10:43:00,0
STU01376,CSE,2026-02-09,120,10:08:00,11:29:00,18,1,1,91.45,89.39,95.98,4,12,23,5,91.25,2,3,2,67.25,11:29:00,1
STU01377,CSE,2026-03-12,120,14:06:00,14:39:00,2,0,0,20.88,47.5,39.73,0,2,1,0,45.47,0,1,1,30.03,14:36:00,1
STU01378,MECH,2026-02-27,120,14:10:00,15:08:00,4,1,1,63.22,66.25,56.89,3,4,9,3,78.25,0,0,2,66.39,15:07:00,1
STU01379,MECH,2026-03-24,60,09:02:00,09:40:00,0,0,0,5.43,8.06,33.13,0,1,1,1,16.0,0,0,0,49.29,09:38:00,0
STU01380,MECH,2026-03-27,120,14:07:00,15:06:00,1,1,0,17.83,16.55,23.2,0,1,0,1,17.18,0,0,0,51.05,15:04:00,0
STU01381,CSE,2026-02-05,60,14:04:00,14:34:00,1,0,1,39.63,31.15,31.32,0,2,1,0,47.6,0,0,0,76.08,14:34:00,1
STU01382,DS,2026-01-10,60,14:00:00,14:51:00,3,0,1,42.01,55.02,31.69,1,0,3,0,52.62,1,1,0,54.94,14:50:00,1
STU01383,CSE,2026-02-11,60,10:05:00,10:40:00,13,1,0,74.36,86.59,88.86,9,11,13,8,98.33,1,3,4,96.16,10:40:00,1
STU01384,CIVIL,2026-02-27,120,10:05:00,11:30:00,3,0,0,38.69,40.37,51.59,1,0,5,1,56.62,0,0,0,59.3,11:30:00,1
STU01385,DS,2026-01-30,120,14:05:00,15:04:00,3,0,0,24.7,50.55,42.35,0,0,3,1,35.19,1,1,1,33.59,15:03:00,1
STU01386,CIVIL,2026-01-31,90,10:00:00,10:54:00,0,0,0,24.0,25.37,29.16,0,0,1,0,27.25,0,0,0,52.34,10:52:00,0
STU01387,MECH,2026-03-04,120,14:09:00,14:44:00,1,0,0,15.19,19.31,17.09,0,0,0,1,14.72,0,0,0,54.17,14:44:00,0
STU01388,AIML,2026-01-03,90,14:03:00,15:33:00,1,0,0,16.71,17.69,25.56,0,0,1,0,10.54,0,0,0,32.48,15:33:00,0
STU01389,AIML,2026-01-31,120,09:01:00,10:47:00,2,1,0,20.69,55.15,38.89,1,2,2,0,62.89,0,1,1,25.74,10:46:00,1
STU01390,DS,2026-01-13,90,10:03:00,11:27:00,1,0,0,22.83,30.59,30.14,0,1,2,1,26.83,0,0,0,43.99,11:26:00,0
STU01391,CSE,2026-01-03,60,09:04:00,09:51:00,0,0,0,5.6,14.54,7.62,0,0,1,0,11.37,0,0,0,44.33,09:48:00,0
STU01392,AIML,2026-01-27,90,09:04:00,09:54:00,0,0,1,29.53,5.05,25.03,0,1,0,0,41.81,0,0,0,39.46,09:52:00,0
STU01393,ECE,2026-03-07,90,09:02:00,10:28:00,1,1,0,13.96,11.45,21.83,0,0,0,1,22.87,0,0,0,40.18,10:27:00,0
STU01394,IT,2026-03-17,60,10:01:00,10:33:00,1,0,0,14.95,29.73,31.94,0,0,1,0,32.96,0,0,0,38.01,10:31:00,0
STU01395,ECE,2026-01-04,60,10:09:00,11:01:00,1,0,0,14.19,31.21,5.44,0,1,2,1,8.2,0,0,0,50.68,11:00:00,0
STU01396,CIVIL,2026-03-20,60,14:06:00,14:40:00,0,0,1,19.5,10.43,16.08,0,1,2,1,32.64,0,0,0,34.33,14:40:00,0
STU01397,AIML,2026-03-22,90,10:07:00,11:09:00,0,0,0,12.9,6.47,21.02,0,0,0,0,5.4,0,0,0,28.52,11:06:00,0
STU01398,AIML,2026-01-12,90,14:08:00,14:47:00,1,0,0,26.14,33.91,18.59,0,0,0,1,38.94,0,0,0,53.6,14:46:00,0
STU01399,CSE,2026-02-14,60,10:02:00,10:48:00,13,0,1,82.77,93.54,90.08,4,8,22,3,86.17,1,2,3,75.61,10:46:00,1
STU01400,EEE,2026-02-06,60,14:03:00,14:51:00,3,0,0,34.86,42.56,50.9,0,1,3,2,52.15,0,1,1,68.85,14:50:00,1
STU01401,IT,2026-03-03,60,09:10:00,10:09:00,0,0,0,14.2,27.59,16.84,0,0,2,0,44.68,0,0,0,54.59,10:09:00,0
STU01402,DS,2026-01-16,90,10:08:00,11:27:00,0,0,0,29.82,31.98,22.48,0,1,2,1,19.05,0,0,0,38.07,11:24:00,0
STU01403,EEE,2026-03-08,60,09:03:00,09:39:00,1,0,1,10.67,17.76,14.95,0,1,2,0,32.27,0,0,0,51.51,09:38:00,0
STU01404,CIVIL,2026-02-14,90,14:03:00,14:44:00,3,0,1,22.4,39.33,30.88,1,0,4,2,38.8,0,1,0,31.19,14:43:00,1
STU01405,AIML,2026-01-22,120,10:08:00,11:58:00,1,0,0,12.47,7.49,30.13,0,1,2,0,24.31,0,0,0,39.15,11:58:00,0
STU01406,MECH,2026-03-15,120,09:07:00,10:34:00,1,0,1,7.69,30.85,10.95,0,0,1,1,17.94,0,0,0,42.16,10:34:00,0
STU01407,CIVIL,2026-03-12,120,10:06:00,11:43:00,0,0,1,27.42,5.67,14.17,0,1,2,0,10.7,0,0,0,28.48,11:41:00,0
STU01408,MECH,2026-02-26,60,14:02:00,14:35:00,0,0,1,29.01,17.1,22.15,0,1,0,0,44.36,0,0,0,29.86,14:34:00,0
STU01409,CIVIL,2026-03-18,90,10:00:00,11:08:00,1,1,0,19.23,30.25,26.68,0,0,1,0,44.72,0,0,0,33.31,11:05:00,0
STU01410,DS,2026-03-19,60,09:03:00,09:47:00,0,1,0,7.08,21.63,33.54,0,1,0,1,17.7,0,0,0,59.62,09:44:00,0
STU01411,CSE,2026-02-20,60,10:03:00,10:54:00,1,0,0,11.86,15.71,7.69,0,1,2,1,20.37,0,0,0,42.25,10:52:00,0
STU01412,EEE,2026-01-17,60,09:08:00,09:46:00,2,0,0,32.75,43.44,34.89,0,0,1,1,39.31,0,1,1,78.92,09:44:00,0
STU01413,MECH,2026-01-17,120,14:02:00,14:58:00,2,0,0,37.95,57.91,29.51,0,0,3,2,52.62,0,0,1,20.24,14:55:00,0
STU01414,ECE,2026-02-07,60,09:07:00,09:52:00,0,0,0,14.49,21.33,16.74,0,1,2,1,41.1,0,0,0,31.64,09:51:00,0
STU01415,CSE,2026-02-04,90,14:02:00,15:02:00,1,1,1,39.39,50.69,49.27,0,2,3,1,39.35,0,0,1,83.1,15:00:00,1
STU01416,ECE,2026-01-05,120,14:03:00,15:44:00,3,0,0,40.59,52.06,29.87,0,1,5,0,41.97,1,1,1,50.17,15:44:00,1
STU01417,IT,2026-02-05,60,09:10:00,09:50:00,1,0,1,26.64,15.71,14.48,0,1,1,0,34.2,0,0,0,36.23,09:47:00,0
STU01418,CIVIL,2026-03-04,120,10:06:00,11:43:00,3,0,0,22.14,35.87,50.76,1,0,1,2,44.83,1,0,1,44.16,11:42:00,1
STU01419,IT,2026-01-08,60,09:08:00,09:45:00,7,0,1,85.01,99.39,86.72,4,8,16,2,90.11,4,2,2,104.56,09:42:00,1
STU01420,CSE,2026-03-24,120,09:00:00,11:01:00,1,0,0,10.93,22.34,32.7,0,1,0,0,33.09,0,0,0,55.17,10:59:00,0
STU01421,EEE,2026-01-10,120,10:02:00,11:22:00,0,1,0,5.76,22.43,11.3,0,0,1,1,21.9,0,0,0,65.4,11:21:00,0
STU01422,IT,2026-02-17,90,14:09:00,15:05:00,5,0,1,59.67,72.94,55.75,2,1,7,2,62.35,2,0,1,51.29,15:03:00,1
STU01423,AIML,2026-01-23,90,10:00:00,11:30:00,2,0,0,35.12,54.65,42.93,0,2,2,1,35.98,0,0,0,42.33,11:30:00,0
STU01424,ECE,2026-03-25,60,10:09:00,11:11:00,4,0,1,66.45,78.25,52.23,1,3,8,2,74.21,0,1,1,89.63,11:08:00,1
STU01425,EEE,2026-01-04,120,09:02:00,09:39:00,15,1,1,75.52,86.83,86.01,10,4,20,6,84.13,4,2,2,33.86,09:38:00,1
STU01426,DS,2026-03-01,90,14:03:00,14:56:00,0,0,0,12.17,32.71,21.43,0,1,1,1,24.68,0,0,0,45.93,14:53:00,0
STU01427,CSE,2026-02-06,120,09:06:00,10:10:00,9,0,0,97.85,89.55,77.1,3,11,10,7,94.37,1,2,2,64.01,10:07:00,1
STU01428,EEE,2026-01-17,60,14:01:00,14:43:00,1,1,1,16.83,12.39,31.18,0,0,1,0,21.32,0,0,0,69.57,14:43:00,0
STU01429,AIML,2026-01-20,60,10:00:00,10:53:00,0,0,1,23.57,24.72,34.61,0,1,2,1,40.59,0,0,0,62.66,10:53:00,0
STU01430,DS,2026-03-02,120,09:08:00,10:13:00,7,1,0,41.22,74.83,65.55,3,4,9,1,81.1,0,1,2,89.04,10:13:00,1
STU01431,ECE,2026-03-19,90,09:09:00,10:12:00,1,0,1,23.84,14.87,13.62,0,0,1,0,18.5,0,0,0,42.58,10:11:00,0
STU01432,IT,2026-01-25,60,09:09:00,09:55:00,7,0,1,83.66,95.92,86.03,8,6,19,4,92.38,3,2,5,45.16,09:53:00,1
STU01433,MECH,2026-02-09,90,09:00:00,10:09:00,0,1,0,6.77,9.4,24.06,0,1,2,0,7.68,0,0,0,34.61,10:07:00,0
STU01434,MECH,2026-02-24,60,10:10:00,10:43:00,0,1,0,22.8,21.29,32.23,0,1,2,0,38.3,0,0,0,35.21,10:43:00,0
STU01435,AIML,2026-01-29,90,09:05:00,09:46:00,2,1,1,27.68,31.66,43.81,1,1,3,0,41.59,1,1,0,68.62,09:44:00,1
STU01436,ECE,2026-03-22,120,14:07:00,14:46:00,1,0,0,8.73,18.65,25.46,0,0,2,0,13.22,0,0,0,40.49,14:43:00,0
STU01437,ECE,2026-01-18,120,14:03:00,15:56:00,6,1,0,45.69,59.55,71.1,1,5,4,2,80.2,2,0,0,23.2,15:55:00,1
STU01438,MECH,2026-01-22,90,14:03:00,14:51:00,0,0,1,19.6,28.87,23.58,0,1,2,0,7.42,0,0,0,30.58,14:48:00,0
STU01439,ECE,2026-01-16,120,09:09:00,09:57:00,4,1,0,67.38,62.94,59.36,3,5,6,4,76.49,1,0,2,58.93,09:55:00,1
STU01440,AIML,2026-01-30,60,09:02:00,09:37:00,0,1,0,29.39,34.28,27.01,0,1,0,1,18.37,0,0,0,36.34,09:35:00,0
STU01441,EEE,2026-03-26,90,14:10:00,15:03:00,1,0,0,14.08,32.87,7.81,0,1,1,0,36.69,0,0,0,32.8,15:02:00,0
STU01442,DS,2026-03-15,120,09:08:00,10:53:00,1,0,0,18.84,33.28,19.9,0,0,0,1,13.52,0,0,0,58.63,10:53:00,0
STU01443,EEE,2026-01-24,60,09:05:00,09:56:00,3,1,1,53.02,77.33,50.76,2,4,5,1,72.71,2,0,2,68.28,09:56:00,1
STU01444,CSE,2026-02-20,60,10:06:00,10:43:00,1,0,1,15.53,32.06,25.78,0,0,1,1,23.95,0,0,0,39.92,10:41:00,0
STU01445,IT,2026-02-05,120,14:05:00,15:43:00,0,1,0,19.85,16.67,28.09,0,0,1,0,9.97,0,0,0,37.96,15:43:00,0
STU01446,CIVIL,2026-01-24,120,09:10:00,10:47:00,0,1,0,28.23,27.99,20.6,0,0,2,0,20.28,0,0,0,26.71,10:44:00,0
STU01447,CIVIL,2026-01-30,90,10:03:00,11:33:00,4,1,1,64.79,51.18,76.23,1,2,5,3,73.16,2,1,0,12.74,11:30:00,1
STU01448,CSE,2026-03-15,90,09:06:00,10:13:00,0,1,0,29.65,12.67,12.26,0,1,0,1,17.18,0,0,0,66.98,10:10:00,0
STU01449,IT,2026-02-06,90,14:07:00,14:55:00,3,1,1,55.2,51.95,58.51,4,2,6,3,66.03,0,0,0,69.06,14:53:00,1
STU01450,IT,2026-03-29,90,14:02:00,14:59:00,0,0,0,24.95,12.21,11.43,0,0,1,0,21.33,0,0,0,44.46,14:57:00,0
STU01451,AIML,2026-03-25,90,09:06:00,10:06:00,4,1,1,43.65,72.93,61.1,3,3,5,1,76.96,0,0,2,26.5,10:03:00,1
STU01452,EEE,2026-03-19,120,14:10:00,15:03:00,0,0,0,22.16,22.7,27.44,0,0,1,1,15.51,0,0,0,39.57,15:02:00,0
STU01453,EEE,2026-03-13,60,14:00:00,14:48:00,0,0,0,16.26,19.87,26.76,0,1,0,1,39.07,0,0,0,42.16,14:47:00,0
STU01454,MECH,2026-03-31,120,14:05:00,15:20:00,5,1,1,65.5,60.54,62.35,3,3,5,1,79.59,1,2,0,89.97,15:19:00,1
STU01455,MECH,2026-03-30,90,10:03:00,10:54:00,0,0,0,15.97,27.03,6.9,0,0,1,1,17.16,0,0,0,68.09,10:51:00,0
STU01456,MECH,2026-04-01,120,14:02:00,15:05:00,7,1,0,63.77,60.06,69.16,3,3,5,3,77.34,1,0,2,91.1,15:05:00,1
STU01457,CIVIL,2026-03-24,60,10:08:00,10:40:00,1,0,0,28.88,17.27,5.8,0,1,0,0,31.84,0,0,0,62.38,10:38:00,0
STU01458,MECH,2026-03-26,90,14:05:00,15:03:00,1,1,0,22.88,38.08,29.35,1,0,1,0,38.2,0,0,1,76.57,15:02:00,1
STU01459,IT,2026-03-07,90,10:01:00,10:50:00,0,0,0,7.3,23.6,32.3,0,1,0,1,5.54,0,0,0,51.52,10:47:00,0
STU01460,CSE,2026-02-10,90,10:08:00,11:15:00,5,1,1,48.78,68.33,68.52,3,4,4,1,71.39,2,1,2,59.88,11:13:00,1
STU01461,IT,2026-02-10,90,14:02:00,14:35:00,3,0,0,46.82,27.81,38.33,1,1,3,0,63.02,0,1,0,20.38,14:34:00,1
STU01462,MECH,2026-03-27,90,14:04:00,14:56:00,1,0,0,18.7,6.47,19.98,0,1,0,0,34.63,0,0,0,65.59,14:53:00,0
STU01463,AIML,2026-02-23,60,14:10:00,14:47:00,1,1,1,13.84,12.59,17.77,0,0,0,0,44.09,0,0,0,49.89,14:46:00,0
STU01464,CIVIL,2026-02-15,60,10:09:00,11:08:00,0,0,0,28.21,8.24,34.65,0,0,0,1,34.53,0,0,0,31.2,11:06:00,0
STU01465,EEE,2026-01-11,60,10:04:00,10:47:00,1,0,0,23.78,7.92,8.03,0,1,2,0,35.2,0,0,0,56.29,10:47:00,0
STU01466,EEE,2026-01-11,120,14:09:00,15:22:00,0,0,0,25.24,21.7,23.76,0,1,0,0,26.21,0,0,0,40.85,15:22:00,0
STU01467,MECH,2026-03-02,120,14:06:00,14:39:00,2,1,0,45.97,54.33,40.66,0,0,1,1,37.99,1,1,1,68.75,14:37:00,1
STU01468,DS,2026-02-11,120,09:03:00,09:42:00,2,0,0,26.63,26.41,31.63,1,2,4,0,37.01,1,0,1,27.7,09:40:00,1
STU01469,EEE,2026-02-17,60,14:09:00,15:02:00,0,0,0,22.79,15.73,28.8,0,1,1,1,6.55,0,0,0,27.33,15:02:00,0
STU01470,CIVIL,2026-02-12,90,09:00:00,10:19:00,3,0,1,46.09,56.01,51.21,1,2,1,2,41.54,0,0,1,81.06,10:17:00,1
STU01471,AIML,2026-02-01,60,10:01:00,11:01:00,1,1,0,22.07,32.08,10.96,0,0,1,1,11.57,0,0,0,31.12,10:58:00,0
STU01472,IT,2026-03-02,90,10:07:00,11:11:00,8,1,1,67.46,80.97,92.88,6,12,22,8,91.07,2,3,1,15.69,11:09:00,1
STU01473,MECH,2026-02-07,60,09:04:00,09:49:00,1,1,0,7.04,28.29,25.17,0,0,0,0,39.17,0,0,0,26.38,09:49:00,0
STU01474,EEE,2026-03-23,60,10:01:00,10:47:00,1,0,0,15.63,29.23,16.3,0,0,2,0,32.26,0,0,0,58.96,10:45:00,0
STU01475,AIML,2026-02-23,90,14:02:00,15:23:00,0,0,0,13.18,21.39,21.76,0,1,0,1,30.59,0,0,0,29.39,15:22:00,0
STU01476,CIVIL,2026-03-22,60,09:03:00,09:36:00,1,0,1,22.55,24.15,21.47,0,1,2,0,9.97,0,0,0,40.79,09:34:00,0
STU01477,MECH,2026-01-07,60,14:10:00,15:08:00,2,0,0,44.14,26.54,29.35,0,0,1,2,43.38,0,1,1,41.0,15:08:00,0
STU01478,MECH,2026-02-17,60,09:01:00,09:37:00,3,0,0,45.32,31.06,31.5,0,0,2,2,40.06,0,1,0,56.52,09:37:00,0
STU01479,IT,2026-01-18,60,14:08:00,14:47:00,5,1,0,66.42,58.75,61.37,4,3,5,1,73.77,0,2,2,92.78,14:47:00,1
STU01480,CSE,2026-01-09,60,14:02:00,15:03:00,1,0,1,38.81,32.39,46.4,1,2,4,2,36.86,0,1,0,70.88,15:02:00,1
STU01481,IT,2026-03-05,60,14:02:00,14:44:00,0,0,0,29.8,16.95,18.98,0,0,1,0,10.15,0,0,0,33.96,14:43:00,0
STU01482,CSE,2026-02-05,90,10:04:00,11:08:00,2,0,0,25.44,54.33,32.03,0,0,5,1,39.89,1,1,1,48.31,11:05:00,1
STU01483,MECH,2026-03-21,60,14:00:00,14:52:00,1,1,0,44.9,26.59,26.08,1,1,2,0,43.37,1,1,0,82.96,14:49:00,1
STU01484,AIML,2026-03-14,90,14:01:00,15:16:00,1,1,1,45.17,42.06,47.16,0,2,3,0,56.25,1,0,1,45.1,15:14:00,1
STU01485,MECH,2026-01-31,120,14:08:00,15:16:00,2,0,1,29.69,48.51,34.63,1,2,5,1,48.9,1,0,0,23.08,15:16:00,1
STU01486,IT,2026-03-29,120,09:08:00,10:12:00,1,0,0,18.1,19.2,27.34,0,1,1,1,6.81,0,0,0,31.37,10:10:00,0
STU01487,AIML,2026-01-03,90,10:03:00,11:03:00,1,0,0,24.35,26.61,39.28,1,2,3,2,45.59,0,0,0,34.58,11:01:00,0
STU01488,IT,2026-01-23,90,09:10:00,09:45:00,3,0,0,29.1,33.08,45.33,1,0,3,0,36.18,1,0,0,23.89,09:42:00,0
STU01489,EEE,2026-03-08,120,09:02:00,10:39:00,0,0,0,17.47,33.32,11.84,0,1,2,0,11.34,0,0,0,50.87,10:39:00,0
STU01490,CSE,2026-03-19,90,09:03:00,09:36:00,0,1,0,12.42,16.97,31.68,0,1,2,0,33.04,0,0,0,40.2,09:34:00,0
STU01491,IT,2026-01-19,120,10:01:00,12:02:00,0,0,0,5.39,20.39,5.77,0,1,0,1,6.69,0,0,0,46.1,12:00:00,0
STU01492,CIVIL,2026-04-01,90,10:07:00,11:28:00,0,0,0,11.86,18.84,7.46,0,0,1,0,42.24,0,0,0,66.49,11:28:00,0
STU01493,CSE,2026-02-18,90,09:07:00,10:33:00,5,1,0,65.71,54.66,65.13,4,2,10,2,62.29,0,0,2,66.2,10:31:00,1
STU01494,EEE,2026-01-19,60,10:10:00,10:51:00,3,0,0,28.8,45.58,43.06,0,1,5,2,35.15,1,0,1,76.56,10:51:00,1
STU01495,CSE,2026-04-01,90,10:03:00,10:55:00,1,0,0,42.96,26.84,44.36,1,2,5,1,57.3,0,1,1,28.79,10:55:00,1
STU01496,AIML,2026-04-01,90,09:09:00,09:57:00,1,0,1,13.99,14.04,25.23,0,1,2,1,31.81,0,0,0,59.66,09:57:00,0
STU01497,CSE,2026-01-09,90,10:04:00,11:07:00,1,0,0,22.06,18.45,12.55,0,1,1,1,34.86,0,0,0,58.67,11:07:00,0
STU01498,AIML,2026-02-08,90,10:01:00,11:04:00,1,0,0,13.01,33.07,30.07,0,1,0,1,8.84,0,0,0,44.69,11:01:00,0
STU01499,ECE,2026-04-01,90,14:10:00,15:43:00,0,0,0,9.27,31.36,26.53,0,0,0,0,38.05,0,0,0,58.82,15:40:00,0
STU01500,CIVIL,2026-03-15,90,09:10:00,09:47:00,2,1,1,41.01,33.69,50.22,1,0,3,1,42.87,1,1,1,80.92,09:47:00,1
STU01501,IT,2026-01-08,120,09:01:00,10:51:00,4,1,1,70.75,75.99,74.33,2,4,8,4,82.76,0,2,0,37.44,10:49:00,1
STU01502,IT,2026-01-08,90,09:09:00,10:24:00,0,1,1,5.23,27.9,12.86,0,0,0,0,26.12,0,0,0,50.2,10:23:00,0
STU01503,EEE,2026-02-16,90,09:07:00,09:40:00,6,1,0,63.3,64.44,50.59,1,4,6,3,80.71,0,2,0,53.13,09:40:00,1
STU01504,IT,2026-03-08,120,14:08:00,15:42:00,3,0,0,70.03,56.51,48.52,2,3,6,2,78.84,0,2,0,8.85,15:41:00,1
STU01505,MECH,2026-02-07,90,09:04:00,10:10:00,4,1,1,53.41,57.47,48.26,2,4,6,3,83.51,1,1,1,106.95,10:09:00,1
STU01506,ECE,2026-01-22,90,10:10:00,10:52:00,3,1,0,39.34,57.6,34.38,0,0,5,1,42.79,0,0,1,71.9,10:51:00,1
STU01507,DS,2026-02-08,90,10:04:00,11:14:00,4,1,1,46.14,51.6,77.65,4,2,6,3,75.87,1,0,2,95.48,11:13:00,1
STU01508,DS,2026-03-15,120,14:00:00,15:08:00,1,0,0,23.42,28.71,9.34,0,0,2,0,8.34,0,0,0,51.03,15:05:00,0
STU01509,ECE,2026-03-05,120,14:07:00,15:04:00,3,0,1,55.47,60.27,61.19,3,5,10,1,67.52,0,2,2,105.57,15:03:00,1
STU01510,ECE,2026-02-26,90,14:01:00,15:16:00,1,1,1,7.65,17.42,28.96,0,1,0,0,12.64,0,0,0,41.61,15:16:00,0
STU01511,EEE,2026-02-26,60,09:00:00,09:50:00,1,0,0,16.78,26.39,30.37,0,0,0,1,8.41,0,0,0,26.37,09:48:00,0
STU01512,CIVIL,2026-01-14,90,14:09:00,15:14:00,3,1,0,41.23,26.78,33.24,0,2,1,2,62.45,0,0,0,42.74,15:13:00,1
STU01513,AIML,2026-01-08,90,10:05:00,10:49:00,0,1,0,28.56,34.59,30.47,0,1,1,0,17.27,0,0,0,33.69,10:48:00,0
STU01514,DS,2026-02-22,120,09:03:00,10:53:00,3,1,0,44.89,34.65,46.12,1,0,3,0,61.27,1,0,0,20.56,10:53:00,1
STU01515,MECH,2026-01-04,60,09:03:00,10:00:00,0,0,0,22.69,25.77,30.76,0,1,0,0,25.73,0,0,0,65.81,09:58:00,0
STU01516,CSE,2026-01-18,60,09:01:00,09:45:00,0,0,0,17.01,31.98,29.29,0,1,0,1,26.62,0,0,0,64.54,09:44:00,0
STU01517,MECH,2026-03-18,120,10:08:00,11:53:00,3,0,0,32.5,49.56,39.72,0,0,5,2,54.25,1,0,1,62.26,11:52:00,1
STU01518,IT,2026-03-09,60,14:04:00,14:54:00,0,0,1,6.8,10.06,16.41,0,1,0,0,22.47,0,0,0,63.03,14:51:00,0
STU01519,MECH,2026-01-02,120,09:08:00,11:06:00,0,0,0,8.5,34.36,21.49,0,1,2,1,10.68,0,0,0,37.88,11:03:00,0
STU01520,DS,2026-01-29,120,09:08:00,09:49:00,2,0,1,45.49,45.95,49.74,0,1,1,1,41.23,1,1,0,75.26,09:49:00,1
STU01521,CIVIL,2026-02-18,120,09:03:00,10:31:00,3,0,0,23.99,25.24,42.21,1,1,2,2,50.79,1,0,0,49.75,10:30:00,1
STU01522,DS,2026-01-27,120,09:01:00,11:01:00,3,1,0,42.35,38.51,54.95,0,2,1,0,55.95,0,1,1,83.76,11:00:00,1
STU01523,EEE,2026-03-22,90,09:10:00,10:30:00,1,0,0,10.83,31.7,17.11,0,0,1,1,36.22,0,0,0,46.86,10:29:00,0
STU01524,DS,2026-02-14,90,10:02:00,10:51:00,1,1,0,10.35,31.54,16.12,0,0,1,1,24.35,0,0,0,27.21,10:50:00,0
STU01525,EEE,2026-01-14,90,10:05:00,11:09:00,7,1,1,46.54,62.53,71.22,2,5,10,4,63.95,0,0,0,14.09,11:06:00,1
STU01526,AIML,2026-02-01,60,14:06:00,15:04:00,3,0,0,25.79,54.29,29.06,0,2,2,1,36.14,0,0,0,80.85,15:04:00,0
STU01527,CIVIL,2026-02-13,90,10:04:00,11:22:00,1,1,0,11.1,22.04,10.52,0,0,1,1,20.48,0,0,0,61.68,11:19:00,0
STU01528,ECE,2026-01-16,90,14:01:00,15:15:00,0,0,0,23.35,13.51,6.15,0,1,0,0,35.24,0,0,0,39.3,15:12:00,0
STU01529,IT,2026-03-24,90,14:05:00,14:43:00,1,0,0,45.4,40.2,44.71,0,2,4,2,57.05,0,0,0,43.23,14:40:00,1
STU01530,DS,2026-03-07,120,14:07:00,15:53:00,0,0,0,25.81,29.89,9.48,0,0,2,0,16.05,0,0,0,60.36,15:53:00,0
STU01531,CSE,2026-01-15,60,10:02:00,10:43:00,5,1,1,57.06,63.12,66.13,2,1,5,4,76.72,1,1,0,102.29,10:41:00,1
STU01532,ECE,2026-02-25,120,14:02:00,14:54:00,0,0,1,7.42,21.11,17.13,0,0,0,1,28.74,0,0,0,58.95,14:53:00,0
STU01533,MECH,2026-02-25,60,09:09:00,09:49:00,1,1,0,12.95,30.19,21.6,0,0,0,1,12.76,0,0,0,54.92,09:46:00,0
STU01534,ECE,2026-03-17,120,10:03:00,11:20:00,2,1,0,34.58,46.92,29.89,0,1,1,0,57.64,1,0,0,71.06,11:20:00,1
STU01535,EEE,2026-02-27,90,14:00:00,15:05:00,6,1,1,55.83,66.49,50.67,4,2,9,4,69.79,0,2,2,68.46,15:03:00,1
STU01536,IT,2026-03-21,60,14:08:00,15:11:00,1,0,0,11.32,34.19,28.76,0,1,0,1,22.86,0,0,0,31.26,15:08:00,0
STU01537,CSE,2026-02-06,60,14:05:00,14:59:00,1,0,0,29.77,10.08,32.51,0,0,1,0,10.83,0,0,0,44.69,14:56:00,0
STU01538,EEE,2026-01-27,120,09:04:00,10:35:00,3,0,0,42.78,46.61,39.76,1,0,1,0,62.34,0,1,1,68.27,10:33:00,1
STU01539,MECH,2026-03-03,90,10:00:00,11:32:00,6,1,1,65.4,61.59,61.63,4,3,9,2,79.82,0,0,0,30.33,11:30:00,1
STU01540,ECE,2026-02-25,120,14:07:00,15:54:00,0,0,0,5.51,33.42,21.71,0,1,0,1,12.28,0,0,0,30.87,15:52:00,0
STU01541,IT,2026-01-11,120,09:05:00,09:38:00,8,1,1,67.1,96.8,87.4,6,10,13,5,97.99,3,4,4,74.17,09:38:00,1
STU01542,DS,2026-01-24,90,09:00:00,10:31:00,1,1,0,20.52,17.55,8.68,0,1,0,1,32.54,0,0,0,41.09,10:28:00,0
STU01543,CIVIL,2026-02-05,120,10:00:00,11:15:00,1,0,0,11.67,12.59,8.72,0,0,1,0,33.98,0,0,0,28.31,11:14:00,0
STU01544,AIML,2026-01-22,120,14:07:00,15:45:00,0,0,1,11.18,33.37,26.41,0,1,0,1,37.49,0,0,0,28.46,15:44:00,0
STU01545,CIVIL,2026-02-21,60,10:06:00,10:47:00,0,0,1,27.54,19.15,26.5,0,1,2,0,6.29,0,0,0,53.85,10:47:00,0
STU01546,ECE,2026-01-11,90,14:04:00,14:43:00,0,0,0,28.48,20.16,13.33,0,0,2,0,12.38,0,0,0,47.07,14:41:00,0
STU01547,MECH,2026-02-05,60,10:01:00,10:58:00,8,1,1,79.74,77.28,99.21,10,4,19,5,90.32,2,1,2,116.5,10:55:00,1
STU01548,DS,2026-03-06,120,10:10:00,12:02:00,0,0,0,25.41,28.11,17.84,0,1,1,0,43.59,0,0,0,67.32,12:00:00,0
STU01549,ECE,2026-01-30,60,14:09:00,15:01:00,3,1,1,65.83,57.06,54.75,4,5,5,2,73.8,2,2,2,86.11,14:59:00,1
STU01550,AIML,2026-01-15,60,10:07:00,10:57:00,3,0,0,33.53,45.45,45.01,1,0,2,0,61.69,1,0,0,17.18,10:54:00,1
STU01551,IT,2026-01-07,60,09:07:00,09:57:00,0,0,0,13.53,33.03,8.56,0,1,2,0,22.3,0,0,0,32.8,09:56:00,0
STU01552,CIVIL,2026-01-10,60,14:04:00,14:41:00,14,0,1,87.18,85.49,94.92,6,4,12,7,93.97,5,2,3,117.44,14:39:00,1
STU01553,ECE,2026-01-19,120,09:06:00,09:49:00,2,1,0,37.2,47.1,33.93,0,1,2,2,41.72,0,0,0,56.06,09:46:00,1
STU01554,MECH,2026-01-16,90,09:03:00,10:03:00,5,0,1,64.19,61.48,60.51,1,4,6,2,83.29,2,2,2,79.22,10:00:00,1
STU01555,CIVIL,2026-02-11,60,10:04:00,10:43:00,1,0,0,46.23,54.13,40.37,1,0,1,1,52.95,0,1,0,25.04,10:42:00,0
STU01556,CIVIL,2026-03-06,90,10:03:00,11:30:00,0,0,0,5.31,17.79,17.4,0,1,0,0,19.97,0,0,0,38.92,11:29:00,0
STU01557,MECH,2026-01-09,120,14:06:00,15:28:00,1,0,0,11.21,32.82,6.56,0,0,2,0,24.75,0,0,0,26.57,15:27:00,0
STU01558,ECE,2026-03-31,60,09:02:00,09:35:00,3,0,0,20.24,53.78,28.87,1,2,2,0,51.49,0,0,0,40.47,09:32:00,0
STU01559,IT,2026-01-29,90,14:00:00,15:30:00,0,0,1,20.37,24.73,5.55,0,0,1,0,33.76,0,0,0,65.73,15:29:00,0
STU01560,CSE,2026-02-24,120,14:01:00,15:11:00,1,0,1,24.26,12.36,13.4,0,0,0,0,41.15,0,0,0,59.9,15:09:00,0
STU01561,DS,2026-01-04,120,14:10:00,16:04:00,0,0,1,6.88,16.4,22.42,0,0,1,0,14.67,0,0,0,28.64,16:04:00,0
STU01562,CIVIL,2026-02-17,120,09:00:00,09:57:00,3,0,0,20.05,41.04,39.61,1,1,2,2,42.52,1,1,0,18.03,09:56:00,1
STU01563,IT,2026-02-21,60,14:06:00,14:39:00,1,0,0,27.11,57.37,34.63,0,1,4,2,57.51,1,1,0,81.3,14:38:00,1
STU01564,IT,2026-02-12,120,10:06:00,11:22:00,3,0,0,43.76,44.49,49.99,0,0,2,0,51.48,1,1,0,78.14,11:21:00,1
STU01565,IT,2026-03-04,90,09:10:00,10:24:00,0,1,0,10.78,13.35,17.93,0,1,2,1,16.55,0,0,0,52.95,10:23:00,0
STU01566,MECH,2026-02-25,120,14:04:00,15:21:00,0,0,1,24.41,16.87,27.71,0,0,0,1,21.21,0,0,0,48.62,15:19:00,0
STU01567,DS,2026-01-07,90,09:05:00,09:47:00,1,0,0,22.07,9.92,13.26,0,1,0,1,15.05,0,0,0,53.44,09:44:00,0
STU01568,ECE,2026-03-03,60,14:02:00,14:36:00,0,0,0,15.45,6.03,14.72,0,0,0,0,40.43,0,0,0,35.63,14:36:00,0
STU01569,AIML,2026-01-03,60,10:08:00,11:08:00,1,0,1,23.37,18.21,9.63,0,0,1,0,34.33,0,0,0,68.2,11:07:00,0
STU01570,MECH,2026-03-20,60,14:08:00,14:45:00,3,0,0,34.33,38.61,32.05,0,0,1,2,43.56,0,0,0,49.01,14:45:00,0
STU01571,EEE,2026-03-18,90,14:07:00,14:55:00,3,1,1,39.92,33.18,49.64,1,2,5,0,52.35,0,0,0,23.87,14:52:00,1
STU01572,EEE,2026-02-14,120,14:08:00,16:03:00,1,0,0,26.7,33.95,24.47,0,1,2,1,39.16,0,0,0,56.12,16:01:00,0
STU01573,DS,2026-02-06,90,14:00:00,14:43:00,13,1,1,91.18,81.15,96.44,3,8,20,2,97.65,1,5,4,99.43,14:43:00,1
STU01574,CSE,2026-02-18,120,14:05:00,14:48:00,2,0,0,37.94,37.99,27.0,1,2,4,2,49.62,0,1,1,34.41,14:47:00,1
STU01575,EEE,2026-01-06,60,10:07:00,10:48:00,4,1,0,53.22,73.8,68.14,4,2,5,2,72.94,2,0,2,46.25,10:48:00,1
STU01576,EEE,2026-03-28,60,10:09:00,10:45:00,1,0,0,6.81,20.49,23.53,0,1,1,1,28.4,0,0,0,55.53,10:45:00,0
STU01577,EEE,2026-01-14,60,14:09:00,14:54:00,14,1,0,71.52,83.09,84.1,4,11,12,8,87.28,3,1,4,116.68,14:53:00,1
STU01578,DS,2026-03-16,120,14:03:00,15:10:00,3,1,1,70.98,77.02,62.48,3,3,5,4,73.93,1,2,2,16.26,15:10:00,1
STU01579,CSE,2026-02-24,90,14:04:00,14:44:00,0,1,1,21.29,33.8,26.58,0,1,1,0,9.85,0,0,0,48.17,14:42:00,0
STU01580,IT,2026-02-03,90,09:07:00,10:04:00,0,1,0,14.96,34.45,24.04,0,0,2,0,18.32,0,0,0,65.03,10:01:00,0
STU01581,CSE,2026-01-21,60,10:02:00,10:41:00,3,0,0,22.95,56.4,50.6,0,1,1,0,60.58,1,0,0,24.48,10:39:00,1
STU01582,AIML,2026-02-27,90,10:07:00,11:22:00,0,0,0,12.03,14.34,28.74,0,1,1,1,28.79,0,0,0,69.34,11:19:00,0
STU01583,CIVIL,2026-02-17,60,09:00:00,09:40:00,4,0,1,61.91,61.89,55.06,1,2,7,1,77.36,1,0,2,10.99,09:40:00,1
STU01584,DS,2026-01-13,60,09:07:00,09:54:00,1,0,1,7.2,31.81,5.37,0,1,2,0,13.91,0,0,0,39.48,09:51:00,0
STU01585,CIVIL,2026-01-17,60,10:10:00,10:53:00,1,0,1,27.95,21.45,34.6,0,1,0,0,41.82,0,0,0,50.24,10:52:00,0
STU01586,EEE,2026-02-06,90,10:06:00,11:22:00,0,0,0,29.61,30.08,29.51,0,0,0,0,30.93,0,0,0,37.12,11:19:00,0
STU01587,AIML,2026-01-15,90,10:03:00,11:07:00,0,1,0,16.44,26.33,29.07,0,1,1,0,32.18,0,0,0,48.14,11:05:00,0
STU01588,CSE,2026-02-17,120,09:04:00,09:38:00,13,1,0,66.63,87.88,89.05,7,10,16,8,92.32,2,2,4,86.81,09:38:00,1
STU01589,MECH,2026-01-06,60,14:06:00,14:57:00,2,1,0,25.93,46.49,33.9,0,0,4,1,51.49,0,0,1,76.76,14:54:00,1
STU01590,IT,2026-03-14,90,10:01:00,11:32:00,1,0,0,10.05,8.11,28.77,0,1,2,0,42.17,0,0,0,64.59,11:29:00,0
STU01591,AIML,2026-01-20,60,09:02:00,09:49:00,1,0,0,22.77,11.75,28.67,0,1,0,0,10.1,0,0,0,27.85,09:48:00,0
STU01592,CSE,2026-02-17,90,10:01:00,11:01:00,0,0,0,29.19,32.64,8.6,0,1,2,1,42.76,0,0,0,61.55,11:01:00,0
STU01593,EEE,2026-01-05,90,09:07:00,09:44:00,0,0,1,25.87,19.45,27.11,0,1,1,0,42.99,0,0,0,52.02,09:41:00,0
STU01594,EEE,2026-01-06,60,10:00:00,10:39:00,2,0,0,32.76,43.95,50.49,1,1,4,0,52.82,0,1,1,18.32,10:38:00,1
STU01595,IT,2026-02-05,120,10:06:00,11:36:00,1,0,0,7.72,26.08,27.89,0,0,0,1,30.9,0,0,0,48.5,11:34:00,0
STU01596,CIVIL,2026-02-06,60,10:04:00,10:43:00,1,1,1,10.68,15.74,12.79,0,1,2,1,17.55,0,0,0,63.03,10:41:00,1
STU01597,IT,2026-03-03,60,09:04:00,09:40:00,0,1,0,17.89,22.36,20.78,0,1,1,1,39.08,0,0,0,45.71,09:40:00,0
STU01598,CSE,2026-02-09,120,09:07:00,10:14:00,1,1,0,24.34,20.64,17.35,0,1,0,0,9.31,0,0,0,43.84,10:14:00,0
STU01599,CSE,2026-01-02,90,09:05:00,10:03:00,16,1,0,72.89,90.38,85.96,7,12,20,7,80.46,2,2,2,102.42,10:03:00,1
STU01600,CIVIL,2026-03-15,120,09:01:00,10:34:00,1,0,0,11.87,29.48,33.96,0,0,0,1,9.01,0,0,0,66.81,10:33:00,0
STU01601,EEE,2026-01-29,120,10:02:00,11:44:00,3,1,0,32.88,54.55,31.94,1,1,1,1,41.3,0,1,1,55.44,11:41:00,1
STU01602,AIML,2026-03-06,90,14:04:00,14:56:00,1,0,1,13.62,12.88,14.79,0,1,1,1,12.28,0,0,0,37.28,14:56:00,0
STU01603,CIVIL,2026-03-13,120,09:03:00,09:44:00,9,1,1,96.6,85.84,81.65,3,12,11,3,94.48,4,1,3,78.48,09:44:00,1
STU01604,EEE,2026-03-26,60,10:09:00,10:55:00,1,1,0,30.36,48.48,39.14,1,2,2,2,40.68,0,0,0,16.92,10:54:00,1
STU01605,CIVIL,2026-02-14,90,09:01:00,10:32:00,0,0,1,20.23,19.2,18.71,0,1,2,1,31.56,0,0,0,27.89,10:30:00,0
STU01606,AIML,2026-02-21,90,14:01:00,15:08:00,1,1,0,15.61,20.94,10.46,0,1,0,0,28.31,0,0,0,25.01,15:08:00,0
STU01607,MECH,2026-01-05,60,14:08:00,15:06:00,1,1,1,22.47,40.38,27.75,1,1,5,2,53.56,1,0,0,51.19,15:05:00,1
STU01608,CIVIL,2026-03-05,60,14:00:00,15:01:00,1,0,1,23.32,9.37,28.57,0,1,2,1,22.8,0,0,0,27.77,14:58:00,0
STU01609,AIML,2026-03-05,120,14:05:00,15:46:00,2,0,1,41.59,36.99,43.01,0,2,5,2,44.64,0,0,0,25.12,15:46:00,1
STU01610,AIML,2026-03-02,60,14:06:00,14:43:00,14,1,1,91.5,94.29,91.22,7,10,21,7,86.73,2,3,2,128.97,14:42:00,1
STU01611,CSE,2026-01-18,60,14:01:00,14:58:00,0,0,1,21.69,23.79,12.64,0,1,0,0,25.57,0,0,0,64.46,14:57:00,0
STU01612,EEE,2026-03-19,60,10:01:00,10:56:00,3,0,1,41.16,29.37,41.8,0,0,1,1,55.87,1,0,1,45.31,10:56:00,1
STU01613,MECH,2026-02-21,90,09:04:00,10:02:00,3,0,1,36.14,35.13,51.52,0,1,4,2,57.24,1,0,1,34.47,10:00:00,1
STU01614,IT,2026-03-01,120,09:06:00,10:00:00,5,1,0,41.27,52.49,52.8,2,4,7,1,69.03,1,0,0,100.7,09:58:00,1
STU01615,AIML,2026-01-24,120,14:03:00,14:36:00,5,0,0,59.17,76.17,67.03,3,4,10,3,79.53,0,1,1,14.24,14:36:00,1
STU01616,IT,2026-02-19,90,14:01:00,15:03:00,5,0,0,49.39,57.79,70.53,2,4,5,4,83.32,0,0,2,101.02,15:02:00,1
STU01617,IT,2026-03-21,120,14:06:00,14:45:00,1,0,0,7.97,17.53,12.37,0,1,0,1,11.72,0,0,0,49.34,14:45:00,0
STU01618,AIML,2026-03-25,120,14:01:00,14:40:00,0,0,0,11.59,10.82,9.45,0,1,1,1,9.94,0,0,0,32.97,14:38:00,0
STU01619,MECH,2026-03-17,120,10:10:00,11:51:00,1,1,0,15.78,19.4,10.85,0,1,0,1,39.54,0,0,0,59.09,11:51:00,0
STU01620,IT,2026-02-04,60,09:08:00,10:03:00,3,0,1,32.75,51.2,38.29,0,2,4,0,36.26,1,1,1,59.48,10:01:00,1
STU01621,IT,2026-02-02,120,09:05:00,10:54:00,0,0,0,21.36,10.23,14.45,0,1,0,1,31.5,0,0,0,60.72,10:52:00,0
STU01622,CSE,2026-03-20,90,14:09:00,15:08:00,0,0,0,7.98,34.03,5.37,0,1,0,0,41.1,0,0,0,65.15,15:08:00,0
STU01623,MECH,2026-03-20,120,14:04:00,16:04:00,0,1,1,13.61,11.04,5.13,0,1,0,1,6.67,0,0,0,44.22,16:04:00,0
STU01624,CSE,2026-02-13,60,14:02:00,15:04:00,1,1,0,23.3,6.51,23.46,0,0,1,1,39.37,0,0,0,37.65,15:02:00,0
STU01625,CSE,2026-01-05,90,14:06:00,15:17:00,3,0,0,32.1,31.47,28.42,0,0,3,2,47.45,0,0,0,50.58,15:17:00,0
STU01626,IT,2026-02-11,60,09:00:00,09:34:00,0,0,0,29.8,17.4,30.05,0,0,2,0,5.94,0,0,0,45.58,09:34:00,0
STU01627,AIML,2026-02-11,90,10:08:00,10:50:00,3,0,1,51.6,75.24,51.78,4,1,10,1,60.4,1,2,1,42.14,10:47:00,1
STU01628,IT,2026-02-13,120,14:04:00,15:17:00,1,0,0,24.6,46.35,48.0,1,0,5,0,50.38,1,1,1,51.28,15:14:00,1
STU01629,IT,2026-03-25,60,14:07:00,15:02:00,0,0,0,15.13,17.54,11.42,0,0,1,0,16.28,0,0,0,30.23,15:00:00,0
STU01630,CSE,2026-03-20,60,14:03:00,14:54:00,0,0,0,25.36,15.56,14.04,0,1,2,0,41.07,0,0,0,39.6,14:54:00,0
STU01631,ECE,2026-04-01,90,10:09:00,10:43:00,0,1,0,18.49,28.76,13.4,0,1,0,1,19.2,0,0,0,64.8,10:41:00,0
STU01632,IT,2026-02-10,60,10:03:00,10:50:00,1,1,0,19.03,33.77,15.68,0,1,1,1,38.73,0,0,0,48.7,10:49:00,0
STU01633,AIML,2026-01-02,90,10:00:00,11:05:00,1,0,0,9.54,32.8,8.82,0,1,0,1,18.19,0,0,0,56.56,11:02:00,0
STU01634,AIML,2026-01-25,90,09:00:00,10:26:00,2,0,0,27.51,29.68,50.82,0,0,4,0,51.63,1,0,1,42.79,10:24:00,0
STU01635,CSE,2026-01-07,90,09:09:00,10:14:00,0,0,0,6.03,14.51,9.02,0,0,2,0,29.46,0,0,0,66.49,10:12:00,0
STU01636,MECH,2026-03-06,60,10:01:00,10:38:00,1,0,0,29.52,9.32,32.79,0,0,2,1,31.37,0,0,0,62.93,10:36:00,0
STU01637,AIML,2026-03-27,60,10:09:00,10:45:00,3,0,1,54.7,78.88,69.13,4,4,10,3,75.99,2,1,1,13.02,10:44:00,1
STU01638,MECH,2026-01-07,60,10:01:00,11:01:00,3,0,0,22.44,26.93,50.52,0,2,4,1,49.79,1,1,0,80.96,11:01:00,1
STU01639,DS,2026-02-03,90,14:07:00,14:55:00,5,1,0,42.05,50.1,66.0,2,5,4,4,65.22,1,0,2,15.82,14:53:00,1
STU01640,CSE,2026-02-27,60,09:05:00,09:59:00,3,1,0,65.48,79.2,76.48,3,4,4,1,74.38,1,1,2,37.87,09:58:00,1
STU01641,IT,2026-01-30,60,09:00:00,09:54:00,1,0,1,14.2,33.25,16.84,0,0,2,0,43.55,0,0,0,60.94,09:52:00,0
STU01642,ECE,2026-02-20,90,10:01:00,11:11:00,1,0,1,24.35,14.17,29.89,0,0,1,0,35.16,0,0,0,35.26,11:09:00,0
STU01643,ECE,2026-01-15,60,10:04:00,10:54:00,0,0,1,10.73,6.01,31.82,0,0,1,1,7.25,0,0,0,55.2,10:53:00,0
STU01644,AIML,2026-01-09,120,14:07:00,16:06:00,1,0,0,38.66,38.52,34.65,1,1,1,1,43.41,0,0,0,31.58,16:06:00,0
STU01645,CSE,2026-02-23,120,09:08:00,10:20:00,0,0,0,10.5,16.59,14.98,0,0,2,0,20.93,0,0,0,50.47,10:18:00,0
STU01646,CIVIL,2026-03-07,90,09:02:00,09:32:00,0,0,0,5.44,9.93,33.49,0,1,2,1,11.76,0,0,0,31.0,09:32:00,0
STU01647,MECH,2026-01-19,60,09:10:00,09:59:00,0,1,0,17.83,13.73,12.16,0,0,2,1,30.06,0,0,0,38.23,09:58:00,0
STU01648,DS,2026-01-16,120,10:08:00,11:44:00,1,0,0,23.1,11.94,22.76,0,0,2,1,14.6,0,0,0,53.72,11:42:00,0
STU01649,ECE,2026-02-15,60,14:04:00,15:03:00,0,1,0,24.04,5.75,31.63,0,0,2,0,21.26,0,0,0,52.56,15:01:00,0
STU01650,AIML,2026-01-27,60,10:09:00,10:45:00,0,1,0,17.36,19.17,17.14,0,1,0,1,36.74,0,0,0,29.99,10:44:00,0
STU01651,ECE,2026-02-25,60,10:08:00,11:02:00,3,0,0,22.99,35.92,54.4,1,2,2,2,44.02,0,1,0,27.64,11:00:00,1
STU01652,IT,2026-03-03,60,14:00:00,14:54:00,0,0,0,15.95,10.24,31.67,0,1,2,0,41.94,0,0,0,59.22,14:52:00,0
STU01653,ECE,2026-01-02,60,10:04:00,10:45:00,1,0,0,14.47,10.73,9.81,0,1,0,0,6.69,0,0,0,54.33,10:44:00,0
STU01654,CIVIL,2026-02-11,90,09:08:00,10:04:00,0,0,0,16.55,24.42,27.62,0,1,0,1,44.67,0,0,0,30.8,10:01:00,0
STU01655,ECE,2026-03-12,90,10:05:00,10:41:00,6,1,0,66.8,61.08,56.58,2,2,5,3,78.66,1,1,1,32.39,10:39:00,1
STU01656,IT,2026-02-25,90,10:03:00,11:28:00,0,0,1,12.79,20.86,24.73,0,0,1,0,25.44,0,0,0,33.6,11:28:00,0
STU01657,IT,2026-03-26,90,14:06:00,15:04:00,1,0,0,14.9,11.57,16.4,0,1,1,1,6.2,0,0,0,47.59,15:03:00,0
STU01658,ECE,2026-01-07,60,10:05:00,10:54:00,1,1,1,24.4,11.65,31.05,0,1,2,1,31.03,0,0,0,38.47,10:51:00,1
STU01659,MECH,2026-02-23,90,09:06:00,09:44:00,10,1,1,72.38,75.65,98.61,7,11,16,2,82.33,4,3,2,27.02,09:42:00,1
STU01660,MECH,2026-02-20,120,10:09:00,12:05:00,1,1,1,27.56,33.8,31.15,0,1,0,0,40.11,0,0,0,55.04,12:05:00,1
STU01661,CSE,2026-03-06,60,14:03:00,14:34:00,0,0,0,27.12,13.47,12.22,0,0,0,1,17.19,0,0,0,33.26,14:34:00,0
STU01662,CSE,2026-03-31,90,09:00:00,10:01:00,1,1,0,23.33,12.85,24.74,0,1,1,0,36.39,0,0,0,28.41,09:59:00,0
STU01663,EEE,2026-02-02,60,14:04:00,14:43:00,15,1,1,81.03,78.14,99.41,7,10,8,7,81.97,3,5,5,73.65,14:42:00,1
STU01664,CSE,2026-03-13,60,10:10:00,11:09:00,0,0,0,27.82,30.32,14.04,0,0,0,1,31.83,0,0,0,52.02,11:08:00,0
STU01665,IT,2026-03-09,90,09:01:00,09:38:00,4,1,0,68.75,61.24,60.2,3,3,10,4,74.1,2,0,1,71.55,09:35:00,1
STU01666,DS,2026-01-24,120,14:08:00,15:03:00,0,1,0,29.46,6.91,17.53,0,0,1,0,7.79,0,0,0,65.56,15:00:00,0
STU01667,MECH,2026-01-10,120,14:04:00,15:56:00,0,1,0,23.55,6.09,26.54,0,0,0,0,13.36,0,0,0,68.37,15:53:00,0
STU01668,AIML,2026-01-12,120,14:05:00,15:28:00,1,0,0,46.22,53.51,40.97,0,2,2,1,39.48,1,1,1,71.59,15:25:00,1
STU01669,CIVIL,2026-01-22,60,14:08:00,14:44:00,3,0,1,67.76,52.79,54.06,4,2,8,2,74.19,1,0,1,41.23,14:41:00,1
STU01670,IT,2026-02-16,120,14:03:00,15:51:00,1,0,0,16.28,34.76,31.42,0,0,1,1,31.2,0,0,0,52.88,15:50:00,0
STU01671,EEE,2026-03-25,60,09:05:00,09:53:00,2,0,1,44.38,27.66,37.39,1,2,3,2,54.12,1,1,0,45.42,09:51:00,1
STU01672,MECH,2026-03-21,90,14:10:00,15:13:00,0,0,0,6.53,13.72,11.23,0,1,1,0,15.22,0,0,0,36.54,15:10:00,0
STU01673,DS,2026-01-17,90,14:09:00,15:09:00,0,0,1,8.09,13.02,14.96,0,0,0,0,24.73,0,0,0,46.35,15:09:00,0
STU01674,EEE,2026-01-10,60,09:00:00,09:54:00,1,0,1,27.49,12.7,20.87,0,0,2,0,23.23,0,0,0,34.05,09:51:00,0
STU01675,IT,2026-02-15,90,10:01:00,11:16:00,1,0,0,7.55,9.79,15.11,0,1,2,1,18.97,0,0,0,48.4,11:14:00,0
STU01676,AIML,2026-02-05,90,14:02:00,15:04:00,3,0,1,40.51,48.38,34.66,0,1,2,1,54.26,0,1,0,78.57,15:02:00,1
STU01677,DS,2026-01-13,60,14:07:00,14:41:00,1,0,0,14.28,14.31,18.72,0,1,2,1,7.73,0,0,0,25.46,14:39:00,0
STU01678,MECH,2026-01-26,120,09:09:00,09:50:00,0,0,0,8.59,22.95,12.76,0,1,1,1,31.01,0,0,0,48.3,09:49:00,0
STU01679,IT,2026-03-01,120,14:10:00,15:55:00,1,0,1,17.0,18.6,24.49,0,0,0,0,6.55,0,0,0,33.2,15:55:00,0
STU01680,AIML,2026-01-18,90,10:04:00,11:30:00,3,0,0,29.58,56.68,39.92,1,2,5,1,52.11,1,0,0,34.0,11:27:00,1
STU01681,ECE,2026-02-25,60,10:06:00,10:47:00,2,0,1,45.44,30.29,36.96,0,0,4,1,35.82,0,1,1,80.1,10:44:00,1
STU01682,MECH,2026-01-06,90,09:03:00,09:52:00,0,0,0,25.51,21.83,23.66,0,1,2,0,39.05,0,0,0,51.93,09:52:00,0
STU01683,ECE,2026-01-19,120,14:00:00,15:36:00,2,0,0,23.63,57.59,26.38,0,1,3,0,58.82,0,0,1,33.98,15:34:00,0
STU01684,CIVIL,2026-01-05,90,10:02:00,11:31:00,2,0,1,25.99,33.51,26.32,1,0,5,1,37.55,0,0,1,25.88,11:30:00,1
STU01685,AIML,2026-02-17,90,09:01:00,10:34:00,1,0,0,14.9,32.92,20.22,0,1,1,0,18.57,0,0,0,27.94,10:31:00,0
STU01686,DS,2026-02-12,90,10:04:00,10:34:00,3,1,0,70.54,63.78,55.03,3,5,4,3,61.9,0,1,0,63.57,10:34:00,1
STU01687,EEE,2026-02-10,120,14:07:00,15:03:00,7,1,1,44.33,76.05,56.45,4,3,5,2,64.05,0,1,2,70.59,15:00:00,1
STU01688,DS,2026-01-16,60,09:08:00,09:48:00,0,1,0,11.62,5.66,17.79,0,1,0,1,21.17,0,0,0,30.12,09:47:00,0
STU01689,DS,2026-02-12,90,10:00:00,10:33:00,1,0,0,22.92,19.56,27.42,0,1,2,1,37.3,0,0,0,64.93,10:32:00,0
STU01690,MECH,2026-01-28,60,14:01:00,14:38:00,1,1,0,23.25,24.35,32.81,0,1,0,0,21.05,0,0,0,25.42,14:37:00,0
STU01691,MECH,2026-03-05,90,09:02:00,10:16:00,1,1,0,29.68,9.2,24.01,0,0,0,0,5.33,0,0,0,55.08,10:15:00,0
STU01692,MECH,2026-02-22,120,09:03:00,10:52:00,3,0,1,40.35,58.24,57.83,3,5,8,2,70.1,2,0,2,72.54,10:49:00,1
STU01693,DS,2026-02-26,60,14:06:00,14:49:00,1,0,1,27.49,10.63,32.07,0,1,0,1,21.5,0,0,0,69.97,14:46:00,0
STU01694,CSE,2026-02-08,90,14:02:00,14:56:00,0,0,0,22.44,27.93,34.71,0,0,2,0,42.52,0,0,0,69.71,14:54:00,0
STU01695,CIVIL,2026-03-07,90,09:00:00,10:28:00,11,1,1,77.92,91.83,81.85,10,8,23,6,94.25,5,1,1,19.47,10:25:00,1
STU01696,CSE,2026-01-10,120,09:02:00,10:59:00,3,0,1,68.05,68.19,70.03,3,3,6,3,62.85,1,2,1,102.83,10:56:00,1
STU01697,CIVIL,2026-03-16,90,14:03:00,15:27:00,0,0,0,21.43,21.42,29.28,0,1,1,1,22.0,0,0,0,36.48,15:26:00,0
STU01698,ECE,2026-01-08,120,09:06:00,10:05:00,1,1,1,7.58,29.98,13.54,0,0,0,1,34.3,0,0,0,53.12,10:03:00,0
STU01699,ECE,2026-02-10,90,14:07:00,15:11:00,1,0,0,13.51,28.16,26.17,0,0,0,1,29.84,0,0,0,48.39,15:09:00,0
STU01700,ECE,2026-01-16,90,10:03:00,11:09:00,1,0,0,20.7,29.41,17.36,0,0,1,0,31.27,0,0,0,44.72,11:06:00,0
STU01701,AIML,2026-01-03,120,09:08:00,11:01:00,1,0,0,14.4,25.79,30.72,0,1,2,1,15.02,0,0,0,30.09,11:01:00,0
STU01702,CSE,2026-01-02,60,09:08:00,09:52:00,1,0,0,28.13,12.39,14.29,0,0,2,1,25.85,0,0,0,30.15,09:52:00,0
STU01703,CSE,2026-02-10,60,10:09:00,11:10:00,1,1,1,19.55,5.46,17.67,0,0,2,0,33.78,0,0,0,67.49,11:09:00,0
STU01704,ECE,2026-03-16,60,10:03:00,10:47:00,0,1,0,29.44,12.39,12.59,0,1,1,1,24.09,0,0,0,57.35,10:44:00,0
STU01705,EEE,2026-02-21,120,10:08:00,10:56:00,5,1,1,40.34,78.47,68.41,1,2,8,2,73.13,2,0,1,93.67,10:54:00,1
STU01706,ECE,2026-01-30,120,14:06:00,15:01:00,0,0,0,21.83,11.54,25.46,0,1,2,1,18.59,0,0,0,44.23,14:59:00,0
STU01707,CSE,2026-03-25,120,10:10:00,10:55:00,2,1,0,34.69,57.8,27.88,1,2,5,2,45.75,0,1,0,67.93,10:53:00,1
STU01708,CIVIL,2026-02-07,90,09:03:00,09:34:00,1,0,0,22.17,11.76,31.08,0,0,1,1,41.23,0,0,0,31.98,09:33:00,0
STU01709,MECH,2026-03-02,120,09:03:00,09:58:00,1,0,1,20.87,32.39,27.13,0,0,1,0,14.84,0,0,0,45.14,09:57:00,0
STU01710,ECE,2026-02-17,90,09:03:00,09:37:00,2,0,1,34.43,36.15,48.88,0,1,4,1,61.88,0,1,0,42.25,09:35:00,1
STU01711,MECH,2026-03-18,90,09:04:00,09:41:00,0,0,1,29.6,25.15,28.08,0,1,0,0,31.39,0,0,0,58.07,09:40:00,0
STU01712,CIVIL,2026-04-01,90,14:10:00,15:19:00,1,0,0,6.38,27.54,11.83,0,0,1,1,29.99,0,0,0,46.17,15:19:00,0
STU01713,MECH,2026-03-23,120,14:01:00,15:30:00,1,1,0,21.6,7.68,16.03,0,0,1,1,34.57,0,0,0,32.68,15:27:00,0
STU01714,IT,2026-03-24,120,14:09:00,14:44:00,0,1,0,17.05,19.22,10.2,0,1,0,0,31.4,0,0,0,49.98,14:41:00,0
STU01715,EEE,2026-01-31,90,09:07:00,10:31:00,3,0,0,40.73,40.57,53.26,0,2,4,0,57.82,1,1,0,68.29,10:28:00,1
STU01716,EEE,2026-03-03,60,14:02:00,14:44:00,1,0,0,5.6,21.93,26.03,0,0,2,1,32.02,0,0,0,66.68,14:41:00,0
STU01717,EEE,2026-02-09,90,10:00:00,11:12:00,3,0,1,42.15,30.68,34.16,1,1,3,1,39.58,0,1,0,25.91,11:10:00,1
STU01718,EEE,2026-01-12,90,09:09:00,10:24:00,4,1,1,50.75,59.82,49.94,2,1,8,3,67.45,0,0,2,16.58,10:24:00,1
STU01719,ECE,2026-01-25,60,14:07:00,14:58:00,0,0,0,24.33,17.18,13.33,0,1,0,1,19.07,0,0,0,53.48,14:56:00,0
STU01720,MECH,2026-01-29,60,10:01:00,10:56:00,1,1,0,12.43,13.37,18.89,0,0,2,0,19.9,0,0,0,26.86,10:54:00,0
STU01721,EEE,2026-03-02,120,10:01:00,10:52:00,0,1,0,6.43,26.32,24.92,0,0,0,0,21.88,0,0,0,58.17,10:50:00,0
STU01722,DS,2026-03-22,60,10:04:00,10:44:00,1,0,1,16.09,25.86,5.92,0,1,2,1,10.67,0,0,0,63.22,10:44:00,0
STU01723,MECH,2026-03-14,120,10:10:00,11:53:00,4,1,0,54.19,56.18,56.71,1,2,9,3,67.77,1,0,2,43.68,11:52:00,1
STU01724,AIML,2026-03-20,90,14:03:00,14:53:00,4,0,0,51.13,69.73,58.35,4,4,8,1,81.59,0,2,1,51.28,14:50:00,1
STU01725,DS,2026-02-28,120,09:03:00,10:59:00,0,0,0,12.99,10.7,9.81,0,1,1,0,14.65,0,0,0,56.96,10:58:00,0
STU01726,CIVIL,2026-02-22,120,10:09:00,11:42:00,4,0,0,55.75,58.32,56.17,3,4,10,4,68.46,1,2,0,61.17,11:42:00,1
STU01727,DS,2026-03-24,60,14:05:00,14:55:00,7,0,1,68.94,75.37,87.15,8,5,25,7,91.16,3,4,5,109.77,14:53:00,1
STU01728,IT,2026-03-15,60,09:02:00,09:39:00,1,0,0,23.22,15.22,14.03,0,0,1,0,9.6,0,0,0,47.75,09:38:00,0
STU01729,CIVIL,2026-03-12,60,10:04:00,11:05:00,7,1,1,53.31,58.71,71.68,4,5,8,4,65.18,1,0,1,58.58,11:02:00,1
STU01730,DS,2026-01-23,90,14:02:00,15:01:00,7,1,1,62.79,62.67,72.71,1,2,7,4,60.79,1,1,0,45.3,15:01:00,1
STU01731,EEE,2026-03-11,90,10:04:00,11:28:00,0,0,0,12.88,16.55,14.9,0,0,1,1,8.64,0,0,0,48.59,11:27:00,0
STU01732,DS,2026-01-18,60,14:10:00,15:11:00,7,1,0,91.21,89.42,96.17,5,9,19,6,84.53,4,3,2,77.39,15:09:00,1
STU01733,DS,2026-01-18,120,14:03:00,15:51:00,4,1,0,59.13,74.57,51.84,1,5,6,1,73.84,2,0,1,56.85,15:49:00,1
STU01734,ECE,2026-02-21,60,09:07:00,10:09:00,0,0,1,6.46,27.22,29.35,0,1,0,1,6.81,0,0,0,32.68,10:06:00,0
STU01735,CIVIL,2026-03-02,120,10:08:00,11:49:00,10,1,0,84.65,84.8,84.83,8,10,20,5,98.17,3,5,1,87.95,11:46:00,1
STU01736,EEE,2026-01-20,120,14:10:00,15:51:00,1,0,0,19.92,7.57,14.09,0,0,2,0,37.11,0,0,0,30.81,15:50:00,0
STU01737,CSE,2026-03-12,60,10:09:00,11:02:00,2,0,0,41.89,48.84,46.12,1,2,4,1,51.03,0,1,1,43.99,11:01:00,1
STU01738,DS,2026-02-16,60,10:00:00,10:37:00,0,0,0,22.26,20.1,13.38,0,1,2,0,19.46,0,0,0,35.68,10:35:00,0
STU01739,CIVIL,2026-01-06,120,09:10:00,11:09:00,1,0,0,18.05,25.48,28.46,0,1,2,0,30.55,0,0,0,69.11,11:07:00,0
STU01740,EEE,2026-02-28,90,09:08:00,09:49:00,0,1,0,23.07,11.25,24.44,0,0,1,0,24.62,0,0,0,48.16,09:47:00,0
STU01741,ECE,2026-01-17,90,10:10:00,11:12:00,3,0,0,61.56,78.72,71.1,4,2,7,2,83.95,1,2,1,104.12,11:12:00,1
STU01742,CSE,2026-02-04,120,09:07:00,10:55:00,0,0,0,7.87,8.3,20.28,0,0,0,1,23.97,0,0,0,49.61,10:55:00,0
STU01743,CIVIL,2026-01-30,120,10:08:00,11:28:00,1,0,0,18.66,9.51,25.93,0,1,2,1,16.11,0,0,0,66.44,11:25:00,0
STU01744,EEE,2026-01-05,90,10:08:00,10:59:00,0,1,1,16.91,25.71,10.39,0,1,0,0,28.43,0,0,0,41.74,10:58:00,0
STU01745,MECH,2026-01-05,120,09:10:00,10:47:00,0,0,1,6.42,24.09,30.69,0,0,0,0,7.42,0,0,0,43.9,10:46:00,0
STU01746,MECH,2026-02-02,120,09:09:00,10:50:00,2,0,0,33.98,41.8,33.67,1,1,1,0,47.53,1,0,1,59.76,10:47:00,1
STU01747,CSE,2026-03-10,90,09:00:00,10:14:00,5,1,0,65.72,66.29,63.57,1,1,10,1,60.92,1,1,1,72.99,10:12:00,1
STU01748,AIML,2026-03-19,90,10:03:00,11:04:00,2,1,0,44.03,41.05,47.91,0,2,5,2,42.62,1,0,1,18.47,11:03:00,1
STU01749,EEE,2026-01-30,90,10:05:00,11:08:00,5,1,1,67.97,72.35,49.14,2,1,5,4,63.96,0,0,1,20.91,11:07:00,1
STU01750,AIML,2026-03-09,90,10:02:00,11:31:00,3,0,0,36.0,57.05,29.52,1,1,2,1,43.33,0,1,0,69.32,11:31:00,1
STU01751,DS,2026-01-25,60,10:00:00,10:49:00,1,1,0,10.0,21.53,32.46,0,1,0,1,33.66,0,0,0,56.29,10:49:00,0
STU01752,IT,2026-03-14,60,09:04:00,09:55:00,1,1,0,20.97,5.74,5.52,0,1,1,0,7.06,0,0,0,31.07,09:55:00,0
STU01753,AIML,2026-01-23,60,09:06:00,10:06:00,1,0,0,7.53,32.92,31.6,0,0,1,0,20.33,0,0,0,30.16,10:04:00,0
STU01754,DS,2026-01-04,60,10:03:00,10:35:00,0,0,1,11.61,8.87,12.53,0,1,2,1,16.53,0,0,0,25.19,10:33:00,0
STU01755,MECH,2026-03-19,120,14:07:00,15:26:00,3,0,0,29.39,37.94,45.24,0,1,5,1,61.72,0,1,0,75.47,15:25:00,1
STU01756,EEE,2026-03-01,60,10:00:00,10:53:00,1,0,0,20.94,40.39,31.11,0,1,5,0,47.55,1,1,0,48.9,10:51:00,1
STU01757,MECH,2026-03-18,120,09:09:00,10:55:00,0,0,0,22.66,34.69,33.66,0,0,2,1,25.47,0,0,0,25.96,10:52:00,0
STU01758,EEE,2026-01-04,120,09:01:00,09:36:00,0,1,0,12.19,28.52,18.17,0,1,2,0,6.73,0,0,0,41.14,09:35:00,0
STU01759,IT,2026-02-25,60,10:04:00,10:39:00,4,0,1,47.31,64.44,69.08,3,4,10,3,82.67,2,0,0,54.57,10:36:00,1
STU01760,MECH,2026-01-17,90,09:08:00,10:36:00,6,1,1,47.08,75.85,76.19,1,5,6,3,73.03,2,1,1,10.66,10:33:00,1
STU01761,AIML,2026-02-04,60,10:06:00,10:43:00,1,0,0,6.95,9.38,29.24,0,0,2,1,34.74,0,0,0,34.29,10:41:00,0
STU01762,AIML,2026-01-27,120,14:08:00,15:22:00,0,0,0,23.69,13.47,10.06,0,1,1,1,28.66,0,0,0,26.42,15:22:00,0
STU01763,EEE,2026-02-17,60,14:09:00,14:39:00,7,1,1,68.76,78.41,61.38,3,4,10,4,71.85,2,0,0,21.34,14:39:00,1
STU01764,EEE,2026-02-17,90,14:02:00,14:48:00,0,0,0,12.01,31.76,21.55,0,1,1,0,8.19,0,0,0,41.83,14:46:00,0
STU01765,CSE,2026-03-07,120,09:02:00,10:51:00,1,1,0,18.07,9.41,34.95,0,1,0,1,39.57,0,0,0,60.97,10:50:00,0
STU01766,MECH,2026-03-02,90,14:05:00,14:45:00,1,0,0,37.63,28.35,28.22,1,2,5,2,54.48,0,1,0,29.44,14:44:00,1
STU01767,CIVIL,2026-03-03,90,14:05:00,15:05:00,1,1,0,31.6,31.38,52.44,1,2,1,1,62.08,1,1,0,83.21,15:04:00,1
STU01768,EEE,2026-03-19,90,09:03:00,09:57:00,13,1,1,87.09,87.81,94.03,4,12,12,8,95.49,2,5,3,118.65,09:57:00,1
STU01769,AIML,2026-01-26,60,10:05:00,11:02:00,13,1,0,69.78,77.75,79.35,5,12,9,2,83.75,2,1,4,113.27,11:00:00,1
STU01770,MECH,2026-01-22,120,09:09:00,11:07:00,1,0,0,32.62,27.09,45.36,1,1,1,2,43.63,1,0,1,77.32,11:06:00,1
STU01771,AIML,2026-03-15,60,09:07:00,09:43:00,0,0,1,11.49,12.51,6.09,0,0,1,0,18.14,0,0,0,54.65,09:41:00,0
STU01772,AIML,2026-03-24,60,10:10:00,10:57:00,0,0,1,11.44,15.01,22.66,0,1,0,0,36.11,0,0,0,43.02,10:54:00,0
STU01773,CSE,2026-03-09,60,09:08:00,09:49:00,1,1,1,9.7,15.62,7.12,0,0,0,0,33.55,0,0,0,33.65,09:49:00,0
STU01774,AIML,2026-02-05,90,14:00:00,14:42:00,0,0,1,29.12,28.0,29.71,0,1,2,0,7.34,0,0,0,64.35,14:41:00,0
STU01775,ECE,2026-03-21,60,10:05:00,11:05:00,1,1,0,31.07,57.46,50.17,0,1,2,0,53.5,1,0,1,32.51,11:02:00,1
STU01776,MECH,2026-03-23,90,14:10:00,14:45:00,1,1,1,6.68,27.86,8.36,0,0,0,1,22.95,0,0,0,43.03,14:42:00,0
STU01777,MECH,2026-01-12,90,14:00:00,15:24:00,0,0,0,5.13,24.09,32.56,0,0,2,1,16.31,0,0,0,68.23,15:24:00,0
STU01778,ECE,2026-03-20,90,10:03:00,10:44:00,7,1,0,60.48,76.17,70.48,4,5,9,1,72.71,2,1,1,34.64,10:44:00,1
STU01779,CSE,2026-02-22,90,10:05:00,11:22:00,1,0,1,45.92,48.37,47.9,1,0,4,2,40.62,0,1,0,77.93,11:20:00,1
STU01780,IT,2026-03-11,90,09:02:00,09:49:00,1,0,0,29.71,34.0,29.09,0,1,0,0,13.46,0,0,0,63.77,09:48:00,0
STU01781,ECE,2026-03-14,60,10:04:00,10:50:00,0,0,0,15.01,7.37,20.26,0,1,1,1,26.82,0,0,0,51.91,10:47:00,0
STU01782,AIML,2026-01-05,120,09:00:00,10:52:00,6,0,1,68.29,73.97,62.7,3,1,10,4,71.3,0,2,2,50.54,10:52:00,1
STU01783,IT,2026-01-07,90,10:01:00,10:56:00,0,0,0,21.38,11.08,8.48,0,0,0,0,23.96,0,0,0,52.17,10:56:00,0
STU01784,IT,2026-01-27,90,09:04:00,10:17:00,0,0,0,16.16,19.76,29.12,0,1,1,1,23.76,0,0,0,50.39,10:17:00,0
STU01785,IT,2026-03-09,60,10:09:00,10:59:00,1,0,0,14.32,22.61,11.57,0,1,0,0,30.42,0,0,0,39.13,10:58:00,0
STU01786,AIML,2026-01-04,90,14:01:00,14:57:00,2,0,0,31.6,56.13,35.31,0,2,3,1,38.8,0,0,0,59.45,14:54:00,0
STU01787,DS,2026-03-07,90,14:06:00,14:40:00,1,0,0,16.32,15.12,15.53,0,1,1,0,36.02,0,0,0,67.18,14:37:00,0
STU01788,IT,2026-03-28,90,10:02:00,11:21:00,13,1,1,81.09,99.87,86.2,9,11,16,8,82.63,5,2,5,125.76,11:20:00,1
STU01789,AIML,2026-02-23,120,14:06:00,15:24:00,0,0,0,18.78,7.86,6.01,0,1,1,0,12.35,0,0,0,32.2,15:24:00,0
STU01790,MECH,2026-02-09,120,10:10:00,11:12:00,1,0,0,23.29,14.98,16.74,0,0,2,1,38.43,0,0,0,61.4,11:11:00,0
STU01791,ECE,2026-01-15,90,09:01:00,09:39:00,1,0,0,19.52,7.87,30.3,0,0,0,1,43.68,0,0,0,35.42,09:36:00,0
STU01792,ECE,2026-01-12,90,14:01:00,15:30:00,0,0,1,16.54,5.05,22.6,0,1,0,1,11.48,0,0,0,57.79,15:30:00,0
STU01793,MECH,2026-03-02,90,09:07:00,10:18:00,0,0,0,6.2,32.23,15.32,0,0,1,0,17.77,0,0,0,25.27,10:18:00,0
STU01794,CSE,2026-03-03,60,09:00:00,10:02:00,0,0,1,7.74,23.21,26.89,0,1,2,1,14.59,0,0,0,42.16,10:00:00,0
STU01795,EEE,2026-02-19,60,10:09:00,11:00:00,2,1,0,46.61,42.92,31.86,0,1,2,2,64.2,0,0,0,82.0,10:57:00,1
STU01796,DS,2026-02-08,120,14:03:00,15:40:00,2,0,0,22.26,33.59,45.5,0,2,2,2,44.25,1,1,0,42.2,15:38:00,1
STU01797,ECE,2026-01-05,90,14:08:00,15:31:00,7,1,1,72.25,75.25,83.58,8,5,10,6,98.68,4,1,5,116.63,15:28:00,1
STU01798,DS,2026-02-25,120,10:09:00,11:38:00,0,0,0,12.96,19.58,20.54,0,1,2,0,24.14,0,0,0,69.19,11:37:00,0
STU01799,MECH,2026-03-09,90,10:10:00,11:15:00,4,1,1,59.6,76.32,59.62,2,5,8,3,74.89,2,2,2,72.42,11:14:00,1
STU01800,EEE,2026-02-08,120,10:02:00,11:26:00,3,0,1,27.47,45.98,50.59,1,0,2,1,47.89,1,1,1,64.8,11:23:00,1
STU01801,ECE,2026-03-07,120,09:09:00,10:58:00,1,0,0,30.91,52.26,29.67,1,0,4,0,46.51,1,0,1,41.02,10:57:00,1
STU01802,AIML,2026-01-19,120,14:03:00,16:01:00,9,1,1,73.54,99.91,88.47,4,11,14,2,85.11,5,2,3,9.28,15:58:00,1
STU01803,IT,2026-01-14,90,14:03:00,15:34:00,0,0,0,15.64,8.49,13.02,0,1,2,1,18.2,0,0,0,41.48,15:32:00,0
STU01804,ECE,2026-03-07,60,09:03:00,10:04:00,0,0,0,9.44,23.37,15.99,0,0,2,0,19.21,0,0,0,49.63,10:01:00,0
STU01805,ECE,2026-04-01,60,14:10:00,14:50:00,1,0,0,20.18,34.71,7.61,0,0,1,0,42.78,0,0,0,27.23,14:47:00,0
STU01806,CIVIL,2026-01-24,90,10:06:00,11:13:00,7,1,1,67.94,73.45,58.57,1,1,9,3,60.02,0,1,2,74.74,11:11:00,1
STU01807,IT,2026-01-08,90,14:10:00,15:23:00,1,0,0,21.83,5.85,30.38,0,0,2,0,11.26,0,0,0,69.95,15:21:00,0
STU01808,DS,2026-02-21,90,09:08:00,09:41:00,2,0,0,35.38,40.04,46.56,0,2,5,2,45.75,1,0,1,69.46,09:39:00,1
STU01809,DS,2026-03-30,60,09:05:00,09:54:00,3,0,0,34.02,41.79,48.81,0,2,3,2,54.63,0,0,1,17.5,09:54:00,1
STU01810,DS,2026-03-30,120,10:05:00,10:50:00,0,1,0,10.71,29.29,27.09,0,1,1,0,44.28,0,0,0,55.58,10:50:00,0
STU01811,EEE,2026-02-10,60,14:02:00,14:35:00,1,0,1,14.89,9.09,19.53,0,0,1,1,12.82,0,0,0,69.5,14:32:00,0
STU01812,CSE,2026-03-28,120,09:04:00,10:31:00,1,0,1,17.92,21.94,28.39,0,1,1,0,38.14,0,0,0,43.82,10:31:00,0
STU01813,MECH,2026-01-16,120,10:07:00,11:50:00,0,0,1,15.02,12.1,32.81,0,0,0,0,8.79,0,0,0,55.84,11:48:00,0
STU01814,IT,2026-02-16,120,14:05:00,15:01:00,1,1,1,25.74,13.32,23.25,0,0,2,1,42.54,0,0,0,69.62,14:58:00,1
STU01815,AIML,2026-03-15,60,09:07:00,10:01:00,2,0,1,28.43,47.44,48.22,1,1,5,1,53.78,1,1,1,54.55,09:58:00,1
STU01816,ECE,2026-01-10,120,14:08:00,14:42:00,1,1,1,32.71,40.49,35.41,0,2,3,1,49.29,0,0,0,37.44,14:42:00,1
STU01817,CIVIL,2026-02-24,60,14:03:00,14:36:00,7,1,1,43.42,59.33,50.74,2,3,8,1,60.9,2,0,2,73.96,14:33:00,1
STU01818,DS,2026-03-26,60,09:03:00,09:57:00,7,1,0,64.92,79.79,52.0,2,2,5,3,64.63,1,2,2,43.36,09:54:00,1
STU01819,CSE,2026-02-07,120,10:00:00,11:41:00,0,0,1,28.54,15.36,28.39,0,0,2,1,9.93,0,0,0,63.93,11:39:00,0
STU01820,IT,2026-01-20,60,09:00:00,10:02:00,0,0,1,9.12,14.18,28.71,0,1,0,1,5.18,0,0,0,38.32,10:00:00,0
STU01821,IT,2026-01-29,90,10:05:00,10:56:00,0,0,1,13.01,15.65,11.38,0,1,2,0,16.61,0,0,0,40.29,10:56:00,0
STU01822,CSE,2026-02-12,60,10:03:00,10:45:00,2,0,0,39.54,52.15,41.52,0,0,1,0,57.06,0,0,0,58.9,10:44:00,0
STU01823,CSE,2026-02-15,120,14:09:00,15:54:00,0,0,1,20.72,20.95,13.07,0,1,2,0,27.69,0,0,0,44.16,15:53:00,0
STU01824,ECE,2026-03-18,90,09:04:00,09:55:00,4,1,1,49.76,78.11,68.43,1,3,5,3,83.34,0,0,0,89.07,09:54:00,1
STU01825,CIVIL,2026-01-05,60,14:07:00,14:41:00,7,1,1,44.27,60.26,77.8,1,3,7,2,78.08,0,0,1,39.71,14:40:00,1
STU01826,ECE,2026-02-28,90,10:06:00,10:53:00,0,0,0,18.17,23.98,31.53,0,1,1,1,41.26,0,0,0,30.64,10:53:00,0
STU01827,DS,2026-03-20,60,14:03:00,14:59:00,1,0,0,25.32,19.41,9.0,0,0,0,0,33.81,0,0,0,43.24,14:56:00,0
STU01828,AIML,2026-03-25,90,09:09:00,10:13:00,1,0,0,32.94,42.69,36.67,1,2,2,0,37.69,0,1,1,42.77,10:13:00,1
STU01829,DS,2026-03-25,120,09:04:00,10:48:00,0,0,0,11.83,21.36,32.3,0,0,0,1,35.64,0,0,0,59.93,10:47:00,0
STU01830,AIML,2026-03-25,90,14:05:00,14:44:00,3,0,0,35.22,55.97,29.58,0,2,1,2,41.43,1,0,0,26.23,14:44:00,1
STU01831,CSE,2026-03-12,90,09:06:00,10:23:00,12,0,1,91.66,91.85,80.93,10,11,13,2,98.05,5,2,2,100.04,10:21:00,1
STU01832,IT,2026-03-06,60,10:05:00,10:48:00,5,1,1,69.95,52.93,61.89,4,1,6,4,74.21,0,0,1,16.27,10:48:00,1
STU01833,CSE,2026-02-13,90,09:06:00,10:28:00,1,0,0,36.68,37.5,34.65,1,1,2,0,48.18,1,0,1,45.78,10:27:00,1
STU01834,DS,2026-02-13,60,10:05:00,10:47:00,1,0,1,20.8,56.02,42.26,0,2,3,0,44.22,1,0,0,56.3,10:46:00,1
STU01835,MECH,2026-02-02,120,10:02:00,11:55:00,1,0,0,22.62,52.44,38.07,0,2,5,0,62.69,1,1,1,28.63,11:55:00,1
STU01836,CSE,2026-01-15,120,10:02:00,11:01:00,3,0,0,25.21,53.3,44.51,1,2,1,0,58.67,1,1,1,68.22,11:01:00,1
STU01837,DS,2026-02-11,60,14:10:00,14:40:00,2,1,0,34.29,52.43,50.99,1,0,3,2,41.53,0,1,1,55.54,14:40:00,1
STU01838,CSE,2026-03-24,120,10:02:00,11:10:00,0,0,0,12.86,30.87,7.62,0,0,1,0,32.76,0,0,0,26.88,11:10:00,0
STU01839,EEE,2026-01-20,90,09:10:00,10:03:00,3,1,1,50.35,56.85,73.05,1,4,10,1,78.35,2,0,1,56.59,10:00:00,1
STU01840,MECH,2026-03-24,60,14:01:00,14:38:00,0,1,0,26.89,26.14,22.31,0,1,0,0,40.58,0,0,0,33.9,14:38:00,0
STU01841,AIML,2026-02-21,90,09:01:00,10:33:00,1,0,0,7.88,9.38,11.54,0,0,0,1,23.25,0,0,0,61.5,10:31:00,0
STU01842,DS,2026-03-02,90,10:05:00,11:21:00,5,1,0,62.05,69.76,56.16,2,4,4,4,64.3,2,0,0,107.77,11:19:00,1
STU01843,MECH,2026-01-24,60,09:02:00,10:01:00,18,0,1,81.7,85.38,94.31,5,8,8,8,87.8,5,5,1,43.44,10:00:00,1
STU01844,CSE,2026-03-21,120,14:00:00,14:33:00,1,0,1,20.87,21.35,13.56,0,1,1,0,37.35,0,0,0,63.92,14:32:00,0
STU01845,MECH,2026-01-18,60,09:03:00,09:56:00,1,1,0,8.55,16.0,25.52,0,1,0,0,8.31,0,0,0,58.24,09:54:00,0
STU01846,AIML,2026-03-10,120,09:04:00,09:45:00,0,0,0,8.01,25.87,6.77,0,1,0,0,8.9,0,0,0,27.54,09:42:00,0
STU01847,EEE,2026-02-16,90,10:02:00,11:27:00,2,0,0,28.02,26.61,42.73,1,1,5,0,63.98,1,0,1,78.49,11:27:00,1
STU01848,CIVIL,2026-03-28,60,14:02:00,14:48:00,1,0,1,47.03,32.1,40.36,1,2,3,2,43.91,1,1,1,47.32,14:47:00,1
STU01849,EEE,2026-01-22,120,10:01:00,11:06:00,1,1,1,22.54,42.46,25.08,0,2,1,1,63.53,1,0,1,28.36,11:05:00,1
STU01850,ECE,2026-03-13,60,10:04:00,10:53:00,1,0,0,13.32,14.16,30.9,0,0,0,0,24.94,0,0,0,59.87,10:52:00,0
STU01851,DS,2026-02-19,60,10:06:00,10:51:00,3,1,0,41.63,39.55,46.99,0,2,4,2,58.96,1,0,1,32.72,10:51:00,1
STU01852,CSE,2026-02-24,60,10:00:00,10:46:00,1,0,0,36.18,40.24,34.39,0,2,2,1,41.45,1,1,0,73.94,10:44:00,1
STU01853,AIML,2026-01-13,60,09:02:00,09:53:00,5,1,0,54.03,52.51,57.36,2,2,9,1,73.43,0,1,0,16.78,09:53:00,1
STU01854,CSE,2026-01-13,120,14:07:00,15:25:00,0,0,0,14.76,9.39,11.84,0,1,1,1,6.1,0,0,0,44.04,15:23:00,0
STU01855,IT,2026-03-21,120,14:03:00,15:26:00,0,0,0,5.49,6.67,7.37,0,0,2,0,13.36,0,0,0,48.31,15:23:00,0
STU01856,ECE,2026-03-30,90,14:07:00,14:38:00,1,0,0,42.85,32.8,37.0,0,2,2,2,51.55,1,1,1,64.83,14:37:00,1
STU01857,MECH,2026-03-20,120,09:06:00,10:40:00,0,0,0,8.34,7.71,5.54,0,0,1,1,18.04,0,0,0,54.97,10:40:00,0
STU01858,CSE,2026-01-15,90,10:10:00,11:16:00,3,0,0,26.61,29.61,29.94,1,2,1,2,60.04,0,0,1,39.12,11:16:00,1
STU01859,MECH,2026-03-13,120,14:01:00,15:15:00,1,0,0,26.88,25.91,24.99,0,0,0,0,40.6,0,0,0,66.44,15:14:00,0
STU01860,DS,2026-01-23,60,09:06:00,09:51:00,0,1,0,26.62,30.93,17.63,0,1,0,1,28.46,0,0,0,47.1,09:51:00,0
STU01861,MECH,2026-03-08,60,09:06:00,10:07:00,2,0,0,46.97,51.19,27.12,1,1,5,1,40.74,1,1,0,49.0,10:05:00,1
STU01862,IT,2026-02-07,120,10:10:00,11:59:00,0,0,0,17.78,25.85,27.11,0,1,1,1,32.11,0,0,0,47.01,11:56:00,0
STU01863,EEE,2026-02-28,90,14:07:00,14:46:00,2,1,0,40.29,29.91,50.29,1,0,5,0,46.23,0,1,1,68.02,14:46:00,1
STU01864,IT,2026-03-31,120,14:09:00,14:59:00,1,0,0,23.33,25.98,19.33,0,1,1,0,42.75,0,0,0,42.76,14:57:00,0
STU01865,CSE,2026-02-05,90,14:06:00,15:19:00,0,0,0,25.15,31.33,17.95,0,1,2,0,31.49,0,0,0,51.78,15:16:00,0
STU01866,AIML,2026-03-22,90,09:02:00,10:00:00,6,0,0,55.28,68.88,72.27,2,2,6,1,70.38,1,0,0,35.61,09:57:00,1
STU01867,AIML,2026-01-18,120,14:05:00,15:40:00,0,0,0,13.41,28.27,12.58,0,0,1,0,26.48,0,0,0,36.36,15:39:00,0
STU01868,ECE,2026-03-13,90,14:02:00,15:32:00,0,0,0,12.23,15.16,29.7,0,1,1,1,37.18,0,0,0,36.11,15:29:00,0
STU01869,CSE,2026-02-17,90,09:07:00,09:56:00,0,0,0,19.96,16.56,8.59,0,0,0,1,23.92,0,0,0,32.09,09:53:00,0
STU01870,ECE,2026-02-18,120,10:09:00,11:31:00,1,0,0,24.61,7.73,7.17,0,1,2,0,38.49,0,0,0,42.79,11:31:00,0
STU01871,EEE,2026-02-23,120,09:10:00,11:08:00,1,0,0,6.53,29.35,34.96,0,1,2,1,42.72,0,0,0,51.21,11:05:00,0
STU01872,ECE,2026-01-04,60,10:05:00,10:39:00,0,0,0,13.83,8.14,19.83,0,0,2,1,16.41,0,0,0,40.77,10:39:00,0
STU01873,DS,2026-02-21,120,14:04:00,15:23:00,3,0,0,44.29,36.6,30.24,1,2,5,0,36.88,0,0,1,56.48,15:20:00,1
STU01874,CIVIL,2026-02-18,120,14:04:00,14:50:00,1,0,0,14.32,29.2,32.52,0,1,0,0,25.56,0,0,0,59.3,14:50:00,0
STU01875,AIML,2026-01-27,90,10:08:00,10:43:00,5,1,1,66.77,58.86,60.99,2,2,8,2,70.69,0,2,2,23.1,10:41:00,1
STU01876,ECE,2026-01-09,120,10:00:00,11:03:00,1,0,0,27.14,33.3,19.26,0,1,1,0,40.03,0,0,0,68.86,11:00:00,0
STU01877,DS,2026-03-28,120,10:10:00,11:41:00,1,0,0,20.2,15.14,20.94,0,1,0,0,26.81,0,0,0,37.38,11:40:00,0
STU01878,DS,2026-03-01,90,10:05:00,11:28:00,14,1,0,96.85,91.42,76.47,8,6,20,7,89.39,5,2,4,114.46,11:25:00,1
STU01879,DS,2026-02-08,90,10:02:00,11:23:00,0,0,0,24.3,16.8,19.92,0,1,0,0,37.25,0,0,0,55.97,11:21:00,0
STU01880,AIML,2026-03-04,90,10:03:00,10:34:00,0,0,0,15.25,31.19,19.25,0,0,0,0,37.02,0,0,0,69.68,10:34:00,0
STU01881,EEE,2026-01-23,120,09:07:00,10:02:00,0,0,0,9.88,26.09,23.01,0,1,0,0,21.11,0,0,0,60.69,10:02:00,0
STU01882,AIML,2026-02-22,120,14:09:00,16:06:00,3,1,0,62.91,54.96,65.8,3,4,5,4,80.39,1,1,0,35.48,16:04:00,1
STU01883,AIML,2026-01-23,120,09:10:00,10:10:00,1,1,0,14.01,28.83,15.25,0,0,2,1,35.26,0,0,0,28.08,10:07:00,0
STU01884,DS,2026-04-01,60,09:02:00,09:37:00,5,0,1,52.87,68.57,77.18,4,3,6,4,79.37,1,1,0,104.55,09:36:00,1
STU01885,DS,2026-01-08,90,10:01:00,10:34:00,7,0,1,61.65,59.85,64.95,4,4,7,4,63.77,0,1,2,32.54,10:33:00,1
STU01886,ECE,2026-03-11,60,10:05:00,11:05:00,3,0,0,50.68,64.49,76.39,4,1,9,4,67.26,2,2,1,54.06,11:04:00,1
STU01887,AIML,2026-03-08,60,10:05:00,10:54:00,2,1,0,29.62,52.24,37.71,1,1,3,1,59.26,0,1,1,81.21,10:53:00,1
STU01888,ECE,2026-01-05,60,10:09:00,10:44:00,1,0,0,8.57,15.81,32.56,0,0,0,1,37.56,0,0,0,57.33,10:42:00,0
STU01889,DS,2026-01-16,120,14:05:00,15:51:00,1,0,0,22.92,25.43,31.96,0,0,0,1,43.95,0,0,0,42.99,15:50:00,0
STU01890,DS,2026-02-26,120,09:08:00,10:43:00,4,0,0,40.35,68.24,49.52,1,5,10,4,62.86,2,2,2,28.61,10:40:00,1
STU01891,IT,2026-02-12,120,10:09:00,11:21:00,1,0,0,43.45,57.81,38.8,1,1,2,1,56.89,1,0,0,76.0,11:21:00,1
STU01892,CSE,2026-03-06,120,10:02:00,11:38:00,3,0,0,39.5,49.69,33.95,1,2,2,0,42.23,0,1,1,70.44,11:37:00,1
STU01893,IT,2026-03-11,60,14:03:00,14:56:00,1,0,0,8.3,12.84,25.15,0,0,0,1,40.87,0,0,0,51.67,14:56:00,0
STU01894,DS,2026-03-10,120,14:03:00,15:50:00,1,1,0,9.24,23.83,25.2,0,1,0,0,15.25,0,0,0,43.46,15:49:00,0
STU01895,ECE,2026-02-20,120,14:04:00,15:28:00,3,0,0,22.45,31.79,27.81,0,1,2,2,36.68,0,1,1,77.0,15:27:00,1
STU01896,DS,2026-03-10,60,14:02:00,14:58:00,0,0,0,23.15,17.73,10.09,0,1,0,1,38.57,0,0,0,45.37,14:58:00,0
STU01897,AIML,2026-02-16,60,09:06:00,09:59:00,0,0,1,23.32,6.22,22.4,0,0,0,1,28.0,0,0,0,51.8,09:57:00,0
STU01898,ECE,2026-01-06,120,14:10:00,14:52:00,0,0,0,26.04,7.55,10.88,0,1,0,0,10.99,0,0,0,50.5,14:49:00,0
STU01899,AIML,2026-03-14,60,10:03:00,10:56:00,0,0,0,21.4,32.07,19.97,0,0,2,1,22.66,0,0,0,62.83,10:54:00,0
STU01900,CSE,2026-03-25,120,14:02:00,15:22:00,1,0,0,25.45,15.28,27.61,0,1,0,1,42.26,0,0,0,41.0,15:19:00,0
STU01901,CSE,2026-02-03,90,10:09:00,11:16:00,2,1,1,46.5,48.81,29.76,1,0,1,2,48.33,1,0,0,40.47,11:15:00,1
STU01902,CSE,2026-01-04,120,10:04:00,10:53:00,1,0,0,6.9,24.99,8.19,0,1,0,0,17.08,0,0,0,45.78,10:52:00,0
STU01903,IT,2026-03-28,90,14:09:00,15:27:00,3,0,0,44.08,29.93,42.93,0,1,5,2,38.28,0,0,0,30.5,15:27:00,0
STU01904,EEE,2026-01-05,60,10:00:00,10:59:00,0,0,0,9.89,5.27,23.15,0,1,1,1,24.57,0,0,0,58.82,10:56:00,0
STU01905,MECH,2026-02-27,90,14:04:00,14:46:00,1,1,0,23.28,6.51,34.69,0,1,0,0,27.64,0,0,0,38.82,14:44:00,0
STU01906,CSE,2026-01-20,120,09:05:00,10:34:00,3,1,1,57.71,51.21,73.06,1,5,4,1,75.52,0,0,0,62.58,10:32:00,1
STU01907,EEE,2026-03-10,120,09:05:00,10:42:00,1,0,0,5.77,11.74,12.0,0,1,2,1,36.21,0,0,0,46.67,10:40:00,0
STU01908,IT,2026-02-05,90,14:04:00,14:35:00,0,0,0,17.55,20.79,11.73,0,1,1,0,34.91,0,0,0,28.73,14:34:00,0
STU01909,MECH,2026-03-13,60,10:06:00,10:50:00,1,0,0,15.13,9.76,34.0,0,1,1,1,30.3,0,0,0,55.52,10:47:00,0
STU01910,CIVIL,2026-01-17,120,14:08:00,15:35:00,2,0,0,25.28,52.37,50.97,0,2,5,1,47.37,1,0,1,45.81,15:34:00,1
STU01911,MECH,2026-02-02,120,14:02:00,14:48:00,0,0,1,14.17,24.93,5.68,0,1,0,0,24.49,0,0,0,66.2,14:48:00,0
STU01912,CIVIL,2026-02-05,120,09:09:00,11:12:00,6,1,0,47.27,67.29,51.61,1,2,4,1,68.78,0,1,0,82.62,11:09:00,1
STU01913,CIVIL,2026-01-30,120,09:03:00,10:07:00,1,0,0,13.13,21.21,5.68,0,0,0,1,5.32,0,0,0,51.32,10:05:00,0
STU01914,EEE,2026-03-08,90,09:10:00,09:56:00,1,0,0,47.35,37.84,50.65,1,1,5,0,38.84,1,0,0,49.28,09:55:00,1
STU01915,ECE,2026-01-15,120,10:09:00,11:26:00,1,0,1,25.4,28.6,47.48,0,0,5,2,42.19,1,1,0,29.28,11:24:00,1
STU01916,CIVIL,2026-03-27,90,10:06:00,11:32:00,0,0,0,20.18,31.04,8.33,0,0,0,0,35.69,0,0,0,48.8,11:30:00,0
STU01917,AIML,2026-03-03,120,10:08:00,11:10:00,3,0,0,35.64,44.33,45.41,0,0,1,1,37.86,0,1,0,55.61,11:07:00,0
STU01918,ECE,2026-03-14,60,09:03:00,09:41:00,1,0,1,24.3,20.98,8.64,0,1,2,1,38.32,0,0,0,50.81,09:40:00,0
STU01919,IT,2026-01-10,90,09:06:00,10:18:00,0,0,0,7.45,24.55,23.77,0,1,0,1,25.42,0,0,0,55.15,10:17:00,0
STU01920,MECH,2026-02-18,90,09:09:00,10:17:00,3,1,1,41.53,49.15,50.63,0,1,5,0,61.46,0,1,1,68.69,10:14:00,1
STU01921,DS,2026-03-12,60,10:03:00,10:47:00,1,0,0,11.87,17.58,34.12,0,0,0,0,36.36,0,0,0,43.05,10:44:00,0
STU01922,IT,2026-03-10,90,09:09:00,10:29:00,2,0,0,21.62,43.08,54.99,1,2,4,2,46.48,1,0,1,61.38,10:28:00,1
STU01923,EEE,2026-03-18,90,09:00:00,09:43:00,0,0,0,24.11,24.96,15.36,0,1,1,0,16.47,0,0,0,36.12,09:41:00,0
STU01924,MECH,2026-01-17,120,10:02:00,11:07:00,1,0,1,12.87,18.01,24.4,0,0,1,0,5.51,0,0,0,28.4,11:07:00,0
STU01925,ECE,2026-03-29,120,10:07:00,11:09:00,0,1,0,15.11,15.14,22.24,0,1,1,1,26.52,0,0,0,61.89,11:08:00,0
STU01926,CSE,2026-01-07,90,09:05:00,09:56:00,1,1,0,8.7,32.2,27.65,0,0,2,0,8.31,0,0,0,55.19,09:54:00,0
STU01927,CIVIL,2026-02-01,60,14:04:00,14:42:00,2,0,0,41.5,47.76,53.16,1,0,2,2,48.65,0,1,1,79.87,14:40:00,1
STU01928,AIML,2026-03-13,60,10:02:00,10:53:00,1,0,0,22.3,9.48,11.59,0,0,1,1,42.06,0,0,0,38.13,10:50:00,0
STU01929,EEE,2026-01-16,60,09:03:00,09:50:00,0,0,1,27.72,7.53,13.72,0,1,1,0,44.55,0,0,0,31.6,09:47:00,0
STU01930,IT,2026-02-04,90,09:08:00,10:35:00,1,0,0,13.17,29.95,34.18,0,0,1,0,29.64,0,0,0,25.87,10:35:00,0
STU01931,MECH,2026-01-29,120,14:08:00,15:01:00,0,0,0,24.1,18.22,12.46,0,0,0,0,40.09,0,0,0,60.5,14:58:00,0
STU01932,MECH,2026-03-23,90,14:01:00,14:48:00,0,0,1,26.0,23.94,29.22,0,0,1,0,12.1,0,0,0,40.68,14:47:00,0
STU01933,IT,2026-03-24,120,09:07:00,10:55:00,7,0,1,67.56,58.9,76.12,2,4,5,1,61.77,1,0,2,99.14,10:53:00,1
STU01934,DS,2026-02-09,120,09:09:00,11:05:00,1,1,0,24.24,27.4,41.68,0,1,1,2,44.48,1,1,0,59.16,11:03:00,1
STU01935,CIVIL,2026-01-25,60,10:02:00,10:56:00,1,1,0,8.42,21.3,22.0,0,0,0,0,43.46,0,0,0,61.91,10:54:00,0
STU01936,AIML,2026-02-15,90,10:05:00,11:30:00,1,0,0,37.49,41.41,29.0,1,0,4,2,55.04,0,1,0,17.12,11:28:00,1
STU01937,EEE,2026-03-04,90,14:07:00,15:28:00,1,1,0,8.44,25.28,29.7,0,1,0,0,29.52,0,0,0,50.5,15:25:00,0
STU01938,IT,2026-01-02,60,09:09:00,09:53:00,1,0,1,29.17,38.98,35.81,1,2,2,0,57.83,0,0,1,50.42,09:53:00,1
STU01939,MECH,2026-03-23,120,10:06:00,11:50:00,8,1,1,75.94,79.28,91.38,8,10,12,3,81.28,1,1,1,27.73,11:48:00,1
STU01940,ECE,2026-03-29,120,10:03:00,12:04:00,1,0,0,8.22,15.45,22.07,0,1,0,0,37.12,0,0,0,47.97,12:01:00,0
STU01941,AIML,2026-03-10,90,10:02:00,11:22:00,6,1,0,40.5,52.82,73.95,4,2,8,4,76.47,2,1,0,31.28,11:20:00,1
STU01942,MECH,2026-02-21,90,09:03:00,09:56:00,1,0,0,13.48,25.87,30.27,0,0,2,0,22.87,0,0,0,57.53,09:55:00,0
STU01943,CIVIL,2026-02-02,60,09:07:00,09:42:00,0,0,0,8.5,18.89,24.86,0,0,0,1,31.54,0,0,0,29.34,09:41:00,0
STU01944,DS,2026-01-21,60,14:06:00,14:45:00,0,0,0,24.69,17.68,14.85,0,1,2,0,7.05,0,0,0,32.44,14:42:00,0
STU01945,AIML,2026-02-13,120,09:05:00,10:03:00,0,0,0,24.42,33.06,33.01,0,0,0,0,6.03,0,0,0,32.71,10:00:00,0
STU01946,EEE,2026-03-07,120,14:03:00,15:54:00,1,0,1,34.88,57.71,51.74,1,0,5,0,39.34,1,0,0,46.69,15:52:00,1
STU01947,CIVIL,2026-02-04,60,10:06:00,10:52:00,17,1,1,94.96,87.51,76.2,8,4,18,2,85.74,4,2,5,121.79,10:50:00,1
STU01948,AIML,2026-02-16,60,14:00:00,14:39:00,2,0,0,27.43,42.19,27.33,0,1,5,2,55.61,1,0,1,27.12,14:36:00,1
STU01949,MECH,2026-01-30,90,10:04:00,10:53:00,15,0,1,68.36,86.87,87.61,8,10,20,2,91.29,4,4,3,70.91,10:51:00,1
STU01950,IT,2026-01-07,120,10:08:00,10:54:00,8,0,0,82.84,89.3,94.68,3,9,17,6,82.3,3,5,5,119.15,10:53:00,1
STU01951,MECH,2026-03-24,60,14:02:00,14:46:00,2,0,0,34.34,55.14,43.83,1,0,4,1,63.94,0,1,1,15.76,14:43:00,1
STU01952,EEE,2026-04-01,90,09:07:00,10:22:00,2,1,1,28.01,32.15,30.4,1,2,2,2,48.46,1,1,1,18.45,10:19:00,1
STU01953,CIVIL,2026-02-12,60,14:07:00,14:58:00,0,0,1,5.09,22.5,33.53,0,0,0,1,30.62,0,0,0,47.77,14:57:00,0
STU01954,CSE,2026-03-03,120,10:00:00,10:46:00,1,1,0,27.25,21.45,30.64,0,1,0,1,23.59,0,0,0,59.16,10:43:00,0
STU01955,AIML,2026-01-08,60,09:10:00,09:45:00,1,0,0,26.13,28.75,11.86,0,1,1,1,12.24,0,0,0,64.34,09:42:00,0
STU01956,IT,2026-01-16,60,14:00:00,14:54:00,5,1,0,44.33,62.57,60.91,1,2,9,1,63.31,1,0,1,15.86,14:51:00,1
STU01957,CSE,2026-02-07,90,09:06:00,10:02:00,0,1,0,12.63,9.9,11.52,0,0,0,1,19.14,0,0,0,35.21,09:59:00,0
STU01958,CIVIL,2026-01-12,60,10:05:00,10:56:00,2,1,0,41.92,50.29,32.3,0,1,1,1,60.25,1,1,1,45.93,10:54:00,1
STU01959,CSE,2026-01-05,90,14:02:00,15:30:00,0,0,1,26.46,9.56,26.27,0,0,0,0,15.71,0,0,0,60.24,15:30:00,0
STU01960,CSE,2026-01-04,90,10:00:00,11:24:00,1,0,0,26.3,16.76,26.8,0,0,2,1,15.76,0,0,0,60.78,11:23:00,0
STU01961,DS,2026-01-19,60,14:05:00,15:03:00,0,0,0,7.4,6.08,28.8,0,0,1,0,6.48,0,0,0,25.05,15:02:00,0
STU01962,IT,2026-02-12,90,10:00:00,11:29:00,0,0,0,22.8,5.64,25.86,0,1,2,0,33.97,0,0,0,61.01,11:29:00,0
STU01963,EEE,2026-01-23,60,09:05:00,09:52:00,1,0,0,25.81,33.76,34.74,0,1,0,1,43.2,0,0,0,57.54,09:51:00,0
STU01964,CSE,2026-03-01,60,09:03:00,09:46:00,4,1,1,44.65,56.16,61.09,4,3,6,2,66.28,0,1,0,48.1,09:44:00,1
STU01965,EEE,2026-02-26,120,09:09:00,09:40:00,1,0,0,26.83,32.42,19.02,0,1,1,1,13.66,0,0,0,33.31,09:39:00,0
STU01966,CSE,2026-01-05,120,09:09:00,10:57:00,1,0,0,14.59,33.03,27.99,0,1,2,1,37.1,0,0,0,62.93,10:57:00,0
STU01967,IT,2026-03-17,120,09:03:00,10:38:00,2,0,1,28.04,54.16,49.25,0,2,2,1,48.07,1,0,1,48.28,10:37:00,1
STU01968,AIML,2026-01-13,120,14:06:00,16:00:00,1,0,1,11.06,19.55,26.34,0,1,2,0,12.6,0,0,0,56.53,15:58:00,0
STU01969,EEE,2026-01-07,60,14:10:00,14:50:00,3,0,1,48.81,58.18,65.43,1,4,5,1,67.3,2,2,2,30.44,14:50:00,1
STU01970,CIVIL,2026-02-04,90,10:05:00,10:54:00,2,1,0,36.26,38.66,31.07,1,0,5,2,54.6,0,1,0,64.76,10:51:00,1
STU01971,CSE,2026-03-01,60,10:02:00,10:54:00,2,0,0,23.29,26.02,30.86,0,1,4,1,50.19,0,0,1,61.12,10:53:00,0
STU01972,AIML,2026-01-12,120,10:05:00,11:44:00,0,0,1,29.99,29.44,20.76,0,1,0,0,31.24,0,0,0,62.03,11:44:00,0
STU01973,CSE,2026-03-04,90,14:04:00,15:34:00,1,0,0,33.13,54.03,47.13,1,0,1,0,55.36,0,0,1,57.02,15:32:00,0
STU01974,EEE,2026-01-06,90,14:07:00,14:39:00,0,0,1,23.91,12.85,10.97,0,1,0,1,21.65,0,0,0,54.57,14:38:00,0
STU01975,ECE,2026-02-20,90,14:07:00,15:16:00,6,0,1,53.86,54.0,76.08,3,3,9,3,68.98,1,0,0,87.51,15:15:00,1
STU01976,CIVIL,2026-01-10,90,10:05:00,10:43:00,1,0,0,24.12,49.71,26.25,0,0,5,2,37.66,1,1,0,21.02,10:41:00,1
STU01977,ECE,2026-02-25,120,10:03:00,11:05:00,1,1,1,27.45,8.56,27.06,0,0,0,1,24.49,0,0,0,39.46,11:04:00,0
STU01978,CSE,2026-02-09,120,14:10:00,15:50:00,3,1,1,47.23,71.3,55.94,1,4,10,4,62.3,0,2,0,50.21,15:49:00,1
STU01979,CIVIL,2026-03-20,120,10:09:00,10:52:00,1,0,0,13.2,10.92,31.27,0,1,2,1,43.2,0,0,0,36.98,10:49:00,0
STU01980,DS,2026-03-04,90,09:09:00,10:28:00,2,0,0,35.59,36.59,41.48,0,2,2,0,56.26,0,0,1,60.57,10:28:00,1
STU01981,EEE,2026-03-27,60,10:10:00,11:01:00,0,0,0,13.87,23.71,31.22,0,0,0,1,27.57,0,0,0,44.45,10:59:00,0
STU01982,DS,2026-03-27,60,10:04:00,10:38:00,1,0,0,23.18,8.29,25.72,0,1,2,1,6.85,0,0,0,34.14,10:36:00,0
STU01983,AIML,2026-01-11,120,10:03:00,11:52:00,5,1,0,47.61,77.63,48.16,1,5,6,3,70.33,2,0,2,66.52,11:50:00,1
STU01984,CIVIL,2026-03-27,60,14:06:00,15:09:00,3,0,0,38.97,35.49,49.18,0,2,3,0,51.85,0,0,1,26.21,15:06:00,1
STU01985,ECE,2026-02-10,60,10:02:00,10:38:00,0,0,0,16.36,19.65,15.94,0,1,1,0,32.53,0,0,0,68.92,10:36:00,0
STU01986,AIML,2026-03-02,120,09:05:00,09:42:00,1,0,0,11.01,18.22,7.72,0,1,2,0,35.59,0,0,0,56.57,09:42:00,0
STU01987,AIML,2026-01-06,90,09:08:00,09:49:00,1,0,1,22.48,5.21,30.8,0,0,2,0,22.62,0,0,0,62.7,09:49:00,0
STU01988,EEE,2026-02-12,120,10:02:00,11:06:00,2,0,1,20.39,50.91,53.2,0,1,4,1,39.07,1,0,1,74.52,11:05:00,1
STU01989,EEE,2026-03-27,60,09:01:00,09:46:00,0,0,0,21.56,20.0,11.65,0,1,2,1,18.35,0,0,0,44.53,09:45:00,0
STU01990,MECH,2026-03-31,120,10:07:00,11:10:00,2,0,0,35.35,51.34,40.52,0,1,4,1,59.3,1,1,1,80.29,11:09:00,1
STU01991,AIML,2026-01-13,120,09:04:00,10:28:00,1,1,0,42.28,42.16,50.51,1,0,2,2,61.6,0,1,0,81.86,10:25:00,1
STU01992,CIVIL,2026-03-21,90,10:06:00,11:18:00,3,1,1,42.17,59.76,51.73,2,4,6,3,66.9,0,2,1,75.46,11:17:00,1
STU01993,AIML,2026-03-17,60,10:05:00,10:58:00,0,0,0,22.37,11.05,10.4,0,1,2,1,31.09,0,0,0,65.45,10:56:00,0
STU01994,DS,2026-01-19,120,14:01:00,14:58:00,1,0,0,26.37,20.08,29.69,0,1,0,1,41.59,0,0,0,55.82,14:56:00,0
STU01995,EEE,2026-02-26,60,14:05:00,14:48:00,2,0,0,29.96,45.59,51.55,1,2,1,1,50.44,0,1,0,49.35,14:48:00,1
STU01996,EEE,2026-03-27,90,14:02:00,15:23:00,1,0,0,31.2,38.87,51.36,0,1,1,2,47.23,1,0,1,68.45,15:21:00,1
STU01997,DS,2026-01-16,90,09:06:00,10:36:00,0,0,0,6.75,17.93,10.93,0,1,0,1,5.86,0,0,0,49.3,10:33:00,0
STU01998,ECE,2026-02-16,120,14:10:00,15:33:00,2,1,1,34.1,25.45,32.34,0,2,4,0,55.21,1,1,1,83.53,15:33:00,1
STU01999,MECH,2026-03-02,120,09:06:00,10:55:00,3,1,1,30.0,49.45,53.02,1,0,5,1,61.44,1,0,1,79.56,10:52:00,1
STU02000,CIVIL,2026-01-10,60,10:07:00,11:05:00,7,1,1,65.09,63.86,70.27,1,1,8,4,60.92,0,1,1,71.8,11:03:00,1
STU02001,CIVIL,2026-02-13,60,09:01:00,09:36:00,1,0,0,24.16,20.14,24.69,0,1,1,0,42.27,0,0,0,67.54,09:36:00,0
STU02002,MECH,2026-02-06,120,14:01:00,15:03:00,0,0,0,14.74,34.1,27.42,0,1,1,1,25.57,0,0,0,47.71,15:01:00,0
STU02003,CSE,2026-03-02,90,09:05:00,10:06:00,1,0,0,26.68,47.4,53.32,1,0,2,0,39.63,1,0,0,64.21,10:06:00,0
STU02004,ECE,2026-02-05,90,10:08:00,11:38:00,0,1,0,22.41,12.54,28.77,0,0,1,0,19.47,0,0,0,61.02,11:37:00,0
STU02005,CSE,2026-01-15,60,09:09:00,10:11:00,7,0,0,45.18,53.1,67.59,2,5,7,2,73.17,2,0,2,102.47,10:09:00,1
STU02006,IT,2026-01-22,90,10:02:00,10:39:00,0,0,0,14.13,22.63,23.89,0,1,2,0,37.99,0,0,0,38.47,10:36:00,0
STU02007,AIML,2026-01-30,120,09:10:00,10:20:00,7,0,1,58.51,65.32,64.53,3,4,8,2,78.82,0,2,0,11.65,10:19:00,1
STU02008,AIML,2026-03-25,90,14:07:00,15:05:00,2,0,0,28.95,56.32,51.51,0,0,1,0,64.21,1,0,0,82.59,15:05:00,0
STU02009,IT,2026-01-30,60,10:01:00,10:57:00,1,1,1,22.23,5.82,9.63,0,1,0,1,37.13,0,0,0,58.41,10:54:00,1
STU02010,AIML,2026-01-28,120,09:03:00,09:40:00,1,0,0,23.17,7.77,23.73,0,1,1,0,25.12,0,0,0,65.99,09:39:00,0
STU02011,IT,2026-03-28,60,10:07:00,10:59:00,0,0,1,12.79,7.63,20.05,0,1,0,1,25.7,0,0,0,40.51,10:58:00,0
STU02012,EEE,2026-02-19,90,14:07:00,15:39:00,0,0,0,29.41,19.0,13.74,0,1,1,1,8.11,0,0,0,28.72,15:37:00,0
STU02013,CSE,2026-03-04,90,10:05:00,11:23:00,0,0,0,20.99,14.79,5.75,0,0,0,1,6.24,0,0,0,28.61,11:22:00,0
STU02014,IT,2026-04-01,120,14:00:00,15:01:00,1,1,0,35.62,40.24,26.69,1,1,4,0,46.66,0,1,1,24.79,14:58:00,1
STU02015,MECH,2026-02-15,120,10:02:00,10:39:00,0,0,0,17.49,10.76,25.03,0,1,1,1,24.96,0,0,0,55.0,10:36:00,0
STU02016,IT,2026-01-11,60,10:10:00,10:51:00,4,1,0,54.4,73.42,65.05,4,2,6,1,66.27,0,2,2,16.0,10:49:00,1
STU02017,CSE,2026-02-27,120,09:02:00,11:01:00,0,0,1,10.1,22.56,22.99,0,1,2,1,32.44,0,0,0,34.62,11:00:00,0
STU02018,IT,2026-02-08,90,14:10:00,14:57:00,1,0,0,26.44,30.43,7.99,0,1,0,1,19.46,0,0,0,36.17,14:55:00,0
STU02019,DS,2026-02-01,120,10:02:00,11:32:00,15,1,0,87.4,93.91,84.13,9,11,18,8,80.41,4,1,4,103.8,11:30:00,1
STU02020,IT,2026-01-24,90,14:02:00,15:19:00,14,1,1,85.24,82.21,96.64,8,4,18,3,90.33,4,5,5,117.9,15:19:00,1
STU02021,CSE,2026-03-21,60,10:02:00,10:53:00,0,0,0,16.03,28.41,13.09,0,0,2,0,35.61,0,0,0,65.42,10:50:00,0
STU02022,EEE,2026-03-12,60,10:09:00,11:06:00,1,0,1,5.83,34.75,5.21,0,0,2,1,21.57,0,0,0,27.84,11:04:00,0
STU02023,AIML,2026-03-11,60,09:09:00,09:58:00,0,1,1,12.23,5.2,15.93,0,1,0,1,30.02,0,0,0,55.18,09:56:00,0
STU02024,AIML,2026-02-20,120,09:05:00,10:37:00,0,0,0,25.51,5.75,21.41,0,0,0,1,18.8,0,0,0,67.54,10:37:00,0
STU02025,MECH,2026-01-07,120,09:03:00,10:14:00,2,1,0,29.63,50.42,37.63,1,1,4,1,43.83,1,1,1,81.0,10:14:00,1
STU02026,MECH,2026-01-22,90,14:06:00,15:21:00,2,0,0,21.9,37.54,32.21,1,2,1,2,37.06,0,1,1,37.39,15:21:00,1
STU02027,CIVIL,2026-02-11,90,09:01:00,10:32:00,7,1,0,63.46,54.44,69.83,2,4,10,4,76.82,0,0,2,92.33,10:29:00,1
STU02028,MECH,2026-01-27,60,09:05:00,09:55:00,1,0,0,16.58,10.45,15.05,0,1,0,0,42.48,0,0,0,47.12,09:52:00,0
STU02029,IT,2026-02-23,90,09:02:00,10:29:00,1,0,0,33.16,25.69,36.07,1,1,4,1,55.97,0,0,1,61.63,10:29:00,1
STU02030,DS,2026-03-23,60,10:02:00,11:04:00,2,0,0,36.03,41.39,27.75,0,1,5,2,49.91,0,1,1,35.77,11:02:00,1
STU02031,CSE,2026-01-25,120,09:09:00,10:43:00,0,0,1,6.3,13.41,15.72,0,1,0,1,33.78,0,0,0,44.82,10:42:00,0
STU02032,MECH,2026-03-06,120,09:01:00,10:47:00,1,0,0,14.37,9.34,23.78,0,0,0,0,12.51,0,0,0,61.26,10:44:00,0
STU02033,CIVIL,2026-03-11,120,14:01:00,15:34:00,1,0,0,10.59,5.11,18.78,0,0,1,0,24.64,0,0,0,53.04,15:32:00,0
STU02034,DS,2026-02-15,90,10:00:00,11:22:00,3,0,0,23.96,47.25,26.93,1,1,4,0,39.82,0,0,1,36.5,11:20:00,1
STU02035,MECH,2026-02-27,120,14:08:00,15:57:00,1,0,1,11.89,16.0,5.11,0,0,0,0,39.08,0,0,0,63.32,15:56:00,0
STU02036,CIVIL,2026-02-20,60,14:03:00,14:59:00,1,0,0,24.43,17.05,9.98,0,0,0,1,7.32,0,0,0,37.95,14:56:00,0
STU02037,AIML,2026-01-23,120,14:01:00,14:53:00,0,0,0,24.91,21.09,25.94,0,1,2,0,13.41,0,0,0,52.0,14:52:00,0
STU02038,ECE,2026-02-22,90,09:00:00,09:45:00,7,1,1,59.01,78.06,69.53,1,3,5,1,71.15,0,1,1,47.28,09:42:00,1
STU02039,AIML,2026-02-10,60,09:06:00,10:03:00,1,0,0,20.25,6.67,11.13,0,0,0,1,12.85,0,0,0,64.29,10:02:00,0
STU02040,MECH,2026-03-25,90,09:04:00,10:10:00,0,0,0,21.91,26.62,15.15,0,1,1,0,16.69,0,0,0,41.93,10:08:00,0
STU02041,IT,2026-03-23,90,09:10:00,09:48:00,1,0,0,9.9,31.48,13.72,0,1,2,1,34.62,0,0,0,45.44,09:47:00,0
STU02042,MECH,2026-03-28,60,09:04:00,09:37:00,1,0,0,17.0,29.51,6.05,0,0,2,1,41.6,0,0,0,37.6,09:37:00,0
STU02043,CSE,2026-03-15,120,10:07:00,11:43:00,6,0,0,57.75,64.98,50.11,2,2,7,1,73.89,2,2,0,16.45,11:43:00,1
STU02044,EEE,2026-03-11,60,10:10:00,10:51:00,1,0,0,25.14,28.2,16.85,0,1,2,1,39.48,0,0,0,46.56,10:50:00,0
STU02045,MECH,2026-03-16,120,14:02:00,15:01:00,14,1,1,91.8,79.16,85.86,5,11,10,8,86.31,5,3,3,44.19,15:01:00,1
STU02046,CIVIL,2026-02-25,60,10:03:00,10:43:00,0,0,0,26.59,11.76,24.19,0,0,0,0,34.53,0,0,0,31.49,10:43:00,0
STU02047,IT,2026-02-20,90,09:06:00,10:07:00,3,0,1,21.14,30.0,50.72,0,1,1,1,52.2,0,0,0,36.73,10:06:00,1
STU02048,CIVIL,2026-03-18,120,10:07:00,11:16:00,0,1,0,10.86,8.43,27.01,0,1,1,1,26.95,0,0,0,41.06,11:14:00,0
STU02049,DS,2026-02-24,60,14:10:00,14:57:00,0,0,0,18.02,18.2,22.96,0,1,0,0,14.23,0,0,0,43.21,14:57:00,0
STU02050,EEE,2026-03-20,120,14:07:00,15:32:00,0,0,0,21.53,22.89,32.44,0,1,0,1,31.38,0,0,0,30.47,15:30:00,0
STU02051,CSE,2026-02-13,90,14:03:00,15:14:00,0,1,0,8.54,13.01,13.38,0,0,1,0,31.0,0,0,0,39.7,15:13:00,0
STU02052,CSE,2026-03-25,120,09:08:00,10:58:00,0,0,0,18.51,11.01,15.25,0,1,0,1,30.63,0,0,0,50.79,10:57:00,0
STU02053,DS,2026-03-11,60,14:08:00,14:56:00,0,0,0,27.16,26.23,17.34,0,1,2,1,29.95,0,0,0,31.96,14:55:00,0
STU02054,ECE,2026-03-16,120,09:03:00,09:57:00,0,0,0,27.98,24.22,26.51,0,1,2,0,10.56,0,0,0,43.69,09:54:00,0
STU02055,IT,2026-02-03,90,10:05:00,10:39:00,1,0,1,41.24,37.07,51.12,1,0,4,1,62.78,1,0,1,79.44,10:37:00,1
STU02056,CIVIL,2026-02-10,60,14:01:00,14:48:00,18,1,1,71.93,79.71,92.38,6,10,12,3,91.01,2,2,5,85.87,14:47:00,1
STU02057,AIML,2026-03-24,60,09:03:00,09:57:00,1,0,0,24.64,13.84,31.19,0,1,1,1,6.02,0,0,0,48.53,09:57:00,0
STU02058,MECH,2026-02-05,120,10:04:00,10:46:00,1,0,0,26.54,12.83,5.48,0,0,1,0,37.34,0,0,0,29.39,10:46:00,0
STU02059,CIVIL,2026-03-09,90,14:05:00,14:48:00,0,0,0,12.17,9.59,31.07,0,1,2,0,38.12,0,0,0,60.22,14:45:00,0
STU02060,EEE,2026-03-12,60,10:08:00,10:54:00,13,1,1,70.58,91.46,91.48,4,7,13,3,94.72,4,5,1,107.13,10:51:00,1
STU02061,ECE,2026-02-10,120,10:07:00,10:40:00,10,1,0,74.25,81.57,86.58,9,6,13,4,90.14,1,4,4,38.69,10:39:00,1
STU02062,EEE,2026-02-08,90,14:03:00,14:43:00,0,0,0,25.02,15.43,33.88,0,0,2,0,40.53,0,0,0,61.47,14:40:00,0
STU02063,MECH,2026-02-11,60,09:10:00,10:07:00,1,0,1,8.68,31.43,12.24,0,1,1,1,37.96,0,0,0,27.41,10:07:00,0
STU02064,DS,2026-01-25,90,10:03:00,11:17:00,0,1,1,19.39,20.0,5.93,0,1,1,1,12.25,0,0,0,64.14,11:17:00,0
STU02065,EEE,2026-03-17,120,14:09:00,15:52:00,2,0,0,25.48,49.64,45.29,1,1,5,1,58.88,0,0,0,42.12,15:50:00,1
STU02066,IT,2026-01-01,60,10:02:00,10:49:00,0,0,1,19.44,7.66,28.73,0,1,2,0,41.74,0,0,0,29.49,10:48:00,0
STU02067,CIVIL,2026-01-16,60,14:00:00,14:37:00,0,0,0,12.95,20.95,22.39,0,0,1,1,20.12,0,0,0,41.18,14:34:00,0
STU02068,CIVIL,2026-01-04,120,09:00:00,10:01:00,0,0,0,8.08,19.97,26.83,0,1,0,0,19.36,0,0,0,40.39,09:58:00,0
STU02069,CIVIL,2026-01-22,120,10:07:00,11:07:00,0,0,1,13.87,8.57,6.04,0,0,2,0,8.4,0,0,0,56.6,11:05:00,0
STU02070,MECH,2026-01-16,90,10:07:00,11:28:00,0,1,0,29.58,13.29,10.04,0,0,2,0,17.32,0,0,0,41.54,11:25:00,0
STU02071,EEE,2026-02-27,90,10:01:00,11:11:00,3,1,0,62.08,51.19,73.7,1,2,4,1,74.64,0,2,2,82.57,11:10:00,1
STU02072,EEE,2026-02-07,120,09:04:00,10:58:00,1,1,0,27.38,19.48,5.73,0,1,2,0,28.13,0,0,0,36.26,10:58:00,0
STU02073,EEE,2026-03-31,60,14:04:00,14:54:00,0,0,0,10.38,13.76,10.45,0,1,2,1,9.21,0,0,0,37.47,14:53:00,0
STU02074,IT,2026-02-21,120,09:00:00,10:55:00,1,1,0,9.79,14.41,25.58,0,0,0,0,7.35,0,0,0,45.72,10:54:00,0
STU02075,CSE,2026-01-24,120,09:10:00,09:43:00,3,0,0,25.13,31.12,35.03,1,2,2,0,43.53,0,1,0,38.73,09:42:00,1
STU02076,CIVIL,2026-03-30,60,10:07:00,10:40:00,0,0,1,8.54,8.93,24.94,0,0,2,1,40.6,0,0,0,55.86,10:39:00,0
STU02077,DS,2026-02-05,60,09:06:00,10:06:00,1,1,0,7.42,5.13,26.33,0,0,2,0,8.82,0,0,0,47.8,10:06:00,0
STU02078,AIML,2026-03-12,90,10:06:00,10:56:00,0,0,0,12.98,14.2,6.55,0,1,1,1,14.07,0,0,0,69.61,10:53:00,0
STU02079,ECE,2026-01-16,60,10:09:00,11:03:00,18,0,0,69.64,77.04,97.26,5,11,13,7,92.86,1,3,2,19.83,11:03:00,1
STU02080,IT,2026-01-11,60,10:05:00,10:50:00,0,1,1,24.57,24.54,29.76,0,0,1,1,25.11,0,0,0,26.41,10:50:00,0
STU02081,CSE,2026-01-21,60,09:08:00,10:01:00,1,0,1,29.87,18.69,32.53,0,1,2,1,18.19,0,0,0,67.47,09:58:00,0
STU02082,ECE,2026-02-02,120,10:02:00,11:38:00,3,0,0,41.75,41.44,42.75,0,0,1,2,54.01,1,0,0,47.38,11:36:00,1
STU02083,CIVIL,2026-03-02,90,10:02:00,11:20:00,0,0,1,26.79,29.12,22.69,0,0,0,1,28.68,0,0,0,64.57,11:19:00,0
STU02084,AIML,2026-03-09,120,09:01:00,10:55:00,1,0,1,9.85,22.45,31.74,0,1,1,0,5.42,0,0,0,45.01,10:52:00,0
STU02085,AIML,2026-01-17,120,14:09:00,14:44:00,6,1,1,43.23,63.41,66.36,2,4,9,4,60.17,0,2,2,69.93,14:41:00,1
STU02086,MECH,2026-02-03,120,09:05:00,09:45:00,14,1,0,75.37,99.27,93.77,3,12,11,4,93.62,3,4,4,107.53,09:43:00,1
STU02087,AIML,2026-03-02,120,10:02:00,11:07:00,1,1,0,12.25,32.34,28.11,0,0,2,1,38.59,0,0,0,64.27,11:06:00,0
STU02088,CSE,2026-01-07,90,10:10:00,11:18:00,3,0,1,31.8,49.4,30.39,0,0,1,2,49.29,1,1,0,74.65,11:17:00,1
STU02089,CSE,2026-01-12,90,09:07:00,09:59:00,0,0,0,20.05,28.43,5.63,0,1,1,0,10.3,0,0,0,41.4,09:59:00,0
STU02090,CIVIL,2026-02-18,60,10:06:00,10:48:00,0,0,0,11.06,27.91,10.0,0,0,0,1,39.26,0,0,0,66.62,10:48:00,0
STU02091,ECE,2026-01-26,60,09:05:00,10:07:00,0,0,0,17.23,31.6,25.78,0,1,2,1,36.85,0,0,0,63.66,10:05:00,0
STU02092,CSE,2026-02-17,60,10:07:00,11:01:00,1,0,0,12.02,13.07,9.54,0,0,1,1,26.25,0,0,0,57.1,10:58:00,0
STU02093,CSE,2026-02-13,90,14:06:00,14:45:00,2,0,0,26.29,32.89,41.76,0,2,4,0,43.3,0,1,1,26.92,14:45:00,1
STU02094,ECE,2026-02-21,90,14:01:00,15:32:00,1,0,1,26.0,11.07,5.4,0,1,2,1,34.43,0,0,0,32.79,15:30:00,0
STU02095,CIVIL,2026-02-28,120,14:03:00,14:53:00,1,0,0,20.36,22.0,16.6,0,1,1,1,42.11,0,0,0,37.63,14:52:00,0
STU02096,IT,2026-02-14,120,09:08:00,09:43:00,0,0,0,19.84,7.01,17.6,0,1,2,1,5.49,0,0,0,60.34,09:40:00,0
STU02097,CIVIL,2026-03-17,90,10:07:00,10:55:00,3,1,1,59.31,64.75,53.92,4,4,8,3,69.51,0,0,0,71.91,10:55:00,1
STU02098,CIVIL,2026-01-27,90,09:06:00,10:08:00,1,0,0,43.74,52.49,40.71,1,2,2,2,49.06,0,1,1,65.55,10:06:00,1
STU02099,CIVIL,2026-03-31,120,14:03:00,15:38:00,0,0,0,21.71,12.01,10.84,0,0,2,1,16.2,0,0,0,68.96,15:35:00,0
STU02100,CSE,2026-02-25,90,14:03:00,15:15:00,4,1,1,70.36,59.33,75.66,1,1,7,1,66.34,2,2,1,15.83,15:12:00,1
STU02101,ECE,2026-01-04,90,14:01:00,14:49:00,1,0,0,5.74,7.46,7.99,0,1,0,1,16.94,0,0,0,67.95,14:48:00,0
STU02102,MECH,2026-03-12,90,09:06:00,10:17:00,4,1,1,62.96,53.39,61.27,2,3,10,2,81.26,0,2,0,13.23,10:16:00,1
STU02103,CIVIL,2026-01-09,90,14:02:00,14:51:00,1,0,0,5.35,8.96,8.13,0,1,1,1,30.05,0,0,0,39.83,14:49:00,0
STU02104,DS,2026-03-07,60,10:04:00,10:54:00,1,0,1,25.82,21.0,7.03,0,1,2,1,12.95,0,0,0,61.9,10:51:00,0
STU02105,CIVIL,2026-01-26,60,09:08:00,10:08:00,1,0,0,10.96,32.73,25.21,0,1,0,0,27.97,0,0,0,32.2,10:08:00,0
STU02106,MECH,2026-03-09,90,09:09:00,10:34:00,0,1,0,13.37,14.32,10.15,0,0,2,0,8.32,0,0,0,49.77,10:31:00,0
STU02107,ECE,2026-01-06,90,10:02:00,10:59:00,2,0,0,42.84,36.13,47.53,1,2,4,1,64.46,1,0,0,31.95,10:56:00,1
STU02108,EEE,2026-02-13,120,14:10:00,15:44:00,7,1,0,48.77,61.03,67.03,4,4,10,2,67.12,0,1,1,40.08,15:42:00,1
STU02109,AIML,2026-01-12,60,10:02:00,10:44:00,1,0,0,5.4,32.59,18.63,0,1,2,1,21.39,0,0,0,52.38,10:42:00,0
STU02110,AIML,2026-01-05,120,10:03:00,11:11:00,1,0,0,8.23,18.86,29.19,0,0,2,0,24.48,0,0,0,56.96,11:11:00,0
STU02111,MECH,2026-02-27,60,09:07:00,10:03:00,1,0,0,6.39,31.7,33.96,0,0,2,1,20.37,0,0,0,64.2,10:01:00,0
STU02112,DS,2026-02-14,60,09:03:00,09:56:00,0,0,0,23.96,26.66,29.41,0,0,2,0,14.28,0,0,0,55.15,09:53:00,0
STU02113,ECE,2026-03-18,120,14:09:00,15:16:00,5,0,1,58.06,71.3,74.44,4,4,10,1,71.19,0,1,1,35.74,15:13:00,1
STU02114,EEE,2026-04-01,90,14:02:00,15:24:00,7,1,1,65.82,72.82,49.98,3,5,5,1,67.92,1,2,1,93.22,15:23:00,1
STU02115,CSE,2026-02-09,90,10:09:00,10:53:00,0,1,1,25.46,20.3,32.07,0,0,0,1,31.21,0,0,0,54.19,10:52:00,0
STU02116,EEE,2026-02-03,60,10:04:00,10:47:00,1,0,1,24.03,21.29,27.5,0,1,0,1,13.97,0,0,0,49.43,10:45:00,0
STU02117,EEE,2026-01-14,60,09:04:00,09:37:00,1,1,1,14.22,11.04,31.45,0,0,2,1,12.9,0,0,0,33.21,09:37:00,0
STU02118,AIML,2026-02-25,60,09:09:00,09:47:00,5,1,0,45.7,60.13,72.73,3,1,6,4,60.56,1,2,1,96.78,09:45:00,1
STU02119,CIVIL,2026-01-12,60,14:01:00,14:37:00,0,0,1,6.95,30.98,19.8,0,0,0,1,22.05,0,0,0,41.0,14:36:00,0
STU02120,CSE,2026-02-22,60,09:06:00,09:36:00,0,0,1,18.06,8.88,7.64,0,1,0,1,19.9,0,0,0,50.98,09:36:00,0
STU02121,CIVIL,2026-01-06,60,09:09:00,10:01:00,0,0,0,7.42,11.57,30.74,0,1,1,1,11.51,0,0,0,40.1,09:59:00,0
STU02122,CSE,2026-01-29,60,09:03:00,10:02:00,1,0,0,29.04,17.2,14.73,0,1,2,1,38.38,0,0,0,62.19,10:00:00,0
STU02123,CIVIL,2026-02-17,120,10:02:00,11:59:00,0,0,0,14.6,32.49,23.52,0,0,0,0,15.99,0,0,0,64.33,11:57:00,0
STU02124,CSE,2026-01-29,60,14:07:00,14:38:00,5,0,1,43.16,58.3,70.48,1,5,6,2,67.35,0,0,0,60.57,14:37:00,1
STU02125,CIVIL,2026-03-23,90,14:03:00,14:37:00,1,0,0,9.75,18.72,13.6,0,0,1,1,32.69,0,0,0,37.71,14:34:00,0
STU02126,CIVIL,2026-01-11,60,10:05:00,10:42:00,5,0,1,40.61,55.33,68.81,4,5,7,1,66.74,1,0,2,8.82,10:41:00,1
STU02127,IT,2026-03-01,90,10:07:00,11:27:00,1,0,1,37.0,27.93,36.17,1,1,3,1,49.12,1,1,0,67.1,11:27:00,1
STU02128,CSE,2026-02-27,60,10:01:00,10:47:00,1,1,1,17.09,8.46,15.34,0,1,1,0,41.17,0,0,0,28.15,10:45:00,1
STU02129,IT,2026-04-01,60,10:08:00,10:39:00,1,1,0,13.28,12.13,27.66,0,1,1,0,30.31,0,0,0,41.77,10:38:00,0
STU02130,MECH,2026-03-13,90,14:10:00,15:01:00,11,1,1,75.33,85.96,78.98,8,5,13,7,96.65,3,4,2,92.99,14:59:00,1
STU02131,EEE,2026-01-03,90,10:08:00,11:26:00,16,1,1,71.52,89.81,78.74,6,9,12,7,85.51,5,3,5,101.88,11:24:00,1
STU02132,CIVIL,2026-01-28,60,09:06:00,10:04:00,1,0,0,15.68,21.97,13.78,0,1,0,0,42.35,0,0,0,57.65,10:01:00,0
STU02133,DS,2026-01-05,60,09:05:00,09:38:00,0,0,0,10.54,15.08,28.37,0,0,0,0,41.06,0,0,0,27.11,09:37:00,0
STU02134,AIML,2026-02-24,120,10:09:00,11:30:00,5,1,1,50.4,63.94,58.22,1,4,9,4,72.61,1,2,1,104.82,11:27:00,1
STU02135,MECH,2026-01-21,120,09:09:00,10:47:00,2,0,0,43.84,25.05,45.07,1,2,5,1,44.58,1,0,0,64.38,10:46:00,1
STU02136,ECE,2026-01-11,120,10:00:00,11:50:00,3,0,0,21.41,27.48,40.78,1,0,3,1,40.55,0,0,0,77.89,11:50:00,0
STU02137,DS,2026-02-10,90,14:02:00,14:44:00,1,1,0,26.76,25.75,20.65,0,0,2,1,19.19,0,0,0,26.93,14:44:00,0
STU02138,IT,2026-03-25,120,09:10:00,09:56:00,3,0,0,35.87,35.45,52.44,0,0,4,2,47.91,0,0,1,83.49,09:56:00,1
STU02139,IT,2026-01-27,120,09:03:00,09:54:00,12,0,1,77.99,85.72,88.71,10,12,17,6,88.56,5,4,2,86.68,09:51:00,1
STU02140,CIVIL,2026-03-25,120,14:05:00,14:44:00,16,1,1,81.94,87.88,82.74,7,5,21,6,97.84,2,2,5,124.12,14:44:00,1
STU02141,CSE,2026-03-20,60,09:03:00,09:49:00,1,0,0,28.61,39.61,46.04,0,0,1,2,50.22,1,1,0,82.53,09:48:00,0
STU02142,CSE,2026-01-07,60,14:04:00,14:52:00,1,1,0,6.63,24.88,17.35,0,1,2,1,13.81,0,0,0,67.33,14:49:00,0
STU02143,EEE,2026-03-18,120,09:01:00,09:37:00,1,0,0,5.41,26.6,30.94,0,0,0,0,7.16,0,0,0,36.6,09:37:00,0
STU02144,IT,2026-01-13,90,10:01:00,11:15:00,0,0,1,21.2,16.61,24.11,0,1,1,0,8.51,0,0,0,27.82,11:13:00,0
STU02145,EEE,2026-01-16,60,10:04:00,10:57:00,1,0,0,21.25,6.8,10.15,0,1,2,0,22.2,0,0,0,27.25,10:56:00,0
STU02146,IT,2026-01-18,120,10:06:00,11:18:00,0,0,0,18.79,22.22,7.1,0,1,2,0,40.14,0,0,0,54.94,11:18:00,0
STU02147,AIML,2026-01-28,120,10:07:00,10:52:00,6,0,1,71.09,75.86,76.04,3,2,10,2,72.15,0,1,0,61.76,10:49:00,1
STU02148,ECE,2026-03-02,120,14:07:00,15:56:00,0,0,0,18.4,24.72,33.06,0,1,0,1,14.86,0,0,0,42.08,15:56:00,0
STU02149,CIVIL,2026-02-06,90,14:08:00,15:35:00,3,1,0,21.47,44.93,50.9,1,1,4,1,61.77,0,0,0,26.04,15:35:00,1
STU02150,AIML,2026-01-29,120,09:00:00,10:01:00,1,1,1,11.39,21.83,23.18,0,1,0,0,15.8,0,0,0,42.86,10:01:00,0
STU02151,CIVIL,2026-03-27,90,10:06:00,11:05:00,0,0,0,21.26,24.86,24.98,0,1,1,1,6.18,0,0,0,66.91,11:03:00,0
STU02152,MECH,2026-01-16,90,14:09:00,15:06:00,3,0,1,39.74,55.59,46.6,0,2,5,1,36.86,1,1,0,22.85,15:05:00,1
STU02153,MECH,2026-03-09,60,14:03:00,14:54:00,11,1,0,73.78,91.28,86.85,6,12,10,5,94.62,5,2,3,102.45,14:52:00,1
STU02154,MECH,2026-02-11,120,10:01:00,11:24:00,1,0,0,28.3,38.08,52.95,0,2,2,2,47.12,0,1,0,57.69,11:24:00,1
STU02155,DS,2026-01-13,90,14:05:00,14:43:00,2,0,1,33.01,32.28,28.61,1,0,2,2,47.0,1,1,0,28.51,14:41:00,1
STU02156,ECE,2026-03-03,90,14:10:00,15:19:00,1,1,1,8.21,17.47,14.49,0,0,1,1,38.91,0,0,0,57.72,15:16:00,0
STU02157,MECH,2026-01-09,90,14:07:00,15:19:00,1,0,0,17.94,8.19,5.02,0,1,1,0,11.41,0,0,0,66.0,15:17:00,0
STU02158,MECH,2026-03-16,120,09:08:00,10:44:00,0,0,0,24.95,32.37,23.96,0,0,0,0,27.33,0,0,0,38.4,10:41:00,0
STU02159,MECH,2026-03-18,120,09:00:00,09:50:00,4,1,0,56.24,70.71,72.21,2,2,6,3,78.66,2,1,1,60.16,09:48:00,1
STU02160,MECH,2026-03-03,90,14:05:00,15:03:00,0,0,0,14.11,13.4,8.65,0,1,1,1,42.46,0,0,0,65.7,15:00:00,0
STU02161,CIVIL,2026-02-24,120,10:03:00,11:46:00,0,1,1,13.27,27.24,5.25,0,1,1,1,9.89,0,0,0,66.45,11:44:00,0
STU02162,AIML,2026-01-30,90,09:00:00,10:31:00,1,0,0,22.97,37.19,41.09,0,2,1,2,56.19,1,0,1,24.26,10:29:00,1
STU02163,CSE,2026-02-08,120,10:01:00,10:50:00,4,0,1,66.72,72.31,52.22,3,1,5,4,63.68,1,2,1,103.2,10:48:00,1
STU02164,EEE,2026-01-31,120,09:07:00,10:43:00,0,0,0,14.23,8.05,33.53,0,0,0,0,23.59,0,0,0,38.14,10:41:00,0
STU02165,AIML,2026-02-13,90,09:09:00,10:40:00,6,0,1,43.05,69.19,50.63,2,2,4,4,71.32,1,2,2,55.18,10:39:00,1
STU02166,CSE,2026-01-27,60,14:06:00,14:56:00,0,1,0,24.51,22.65,18.68,0,1,0,1,20.28,0,0,0,42.02,14:54:00,0
STU02167,AIML,2026-03-19,90,10:10:00,11:12:00,3,1,0,46.67,36.3,43.49,1,0,4,2,52.03,1,1,1,38.68,11:11:00,1
STU02168,ECE,2026-03-09,120,09:01:00,10:53:00,0,0,0,18.48,28.0,6.1,0,1,0,0,16.68,0,0,0,54.3,10:51:00,0
STU02169,EEE,2026-02-26,60,14:02:00,14:50:00,2,0,1,36.54,32.18,37.69,1,0,4,1,60.02,1,0,0,37.48,14:47:00,1
STU02170,MECH,2026-03-23,90,10:10:00,11:24:00,0,0,0,27.27,16.96,17.87,0,1,1,0,39.08,0,0,0,39.6,11:23:00,0
STU02171,CIVIL,2026-02-13,120,10:00:00,11:47:00,0,0,0,6.96,7.89,21.67,0,0,2,0,18.08,0,0,0,45.77,11:45:00,0
STU02172,CSE,2026-01-04,120,14:02:00,14:58:00,1,0,0,7.42,14.45,30.18,0,1,2,1,34.8,0,0,0,30.95,14:56:00,0
STU02173,CIVIL,2026-03-22,120,14:10:00,16:05:00,0,0,0,29.14,20.4,30.2,0,1,2,0,22.6,0,0,0,69.4,16:02:00,0
STU02174,DS,2026-01-12,60,10:10:00,10:46:00,0,1,0,17.28,8.7,19.28,0,1,2,0,28.84,0,0,0,57.26,10:44:00,0
STU02175,CIVIL,2026-04-01,120,09:06:00,09:55:00,2,0,0,40.01,26.09,53.43,1,0,1,0,61.01,0,0,0,73.2,09:52:00,0
STU02176,CSE,2026-01-15,90,14:02:00,15:27:00,1,1,0,21.94,28.25,10.01,0,1,2,0,9.42,0,0,0,64.04,15:25:00,0
STU02177,CSE,2026-02-13,90,09:05:00,10:28:00,1,0,0,21.91,24.28,12.12,0,0,2,0,15.77,0,0,0,61.24,10:26:00,0
STU02178,IT,2026-03-20,60,10:02:00,10:53:00,1,0,0,10.98,10.2,31.74,0,1,2,0,14.86,0,0,0,40.82,10:53:00,0
STU02179,AIML,2026-03-16,120,09:10:00,09:56:00,0,0,0,11.28,16.45,16.52,0,0,1,1,17.51,0,0,0,58.96,09:56:00,0
STU02180,AIML,2026-02-04,60,09:05:00,09:52:00,1,1,0,6.31,33.01,30.81,0,1,2,1,38.41,0,0,0,60.91,09:51:00,0
STU02181,DS,2026-03-29,90,14:04:00,14:37:00,1,0,0,16.81,27.64,15.1,0,1,1,1,27.01,0,0,0,53.68,14:34:00,0
STU02182,CIVIL,2026-01-30,120,09:00:00,10:18:00,3,0,0,25.88,33.36,38.67,1,2,5,2,43.48,0,0,0,22.8,10:16:00,1
STU02183,AIML,2026-01-27,90,09:07:00,10:13:00,9,1,1,66.45,76.59,95.45,4,6,22,8,84.6,2,3,4,107.92,10:10:00,1
STU02184,MECH,2026-03-19,90,09:09:00,09:56:00,4,1,1,47.23,71.99,55.33,4,2,9,1,63.1,1,1,0,57.35,09:54:00,1
STU02185,CIVIL,2026-03-19,120,10:08:00,10:41:00,1,0,0,38.77,35.17,40.54,0,0,5,2,54.19,1,0,0,58.49,10:38:00,0
STU02186,IT,2026-03-21,90,10:02:00,11:24:00,1,0,0,23.58,9.09,22.67,0,1,2,1,22.92,0,0,0,43.08,11:24:00,0
STU02187,CSE,2026-03-27,120,10:07:00,11:28:00,1,0,1,21.01,9.62,14.49,0,1,2,0,12.31,0,0,0,30.99,11:27:00,0
STU02188,DS,2026-02-13,60,10:09:00,11:03:00,1,1,0,26.36,53.85,27.98,1,0,4,0,55.77,0,1,1,50.7,11:03:00,1
STU02189,EEE,2026-02-12,90,09:10:00,10:32:00,15,1,0,68.31,89.29,82.52,10,11,14,2,85.75,2,5,5,37.99,10:32:00,1
STU02190,DS,2026-03-23,90,09:10:00,10:15:00,3,0,0,35.89,50.41,37.94,0,1,5,2,64.71,0,1,0,28.46,10:15:00,1
STU02191,MECH,2026-02-09,120,14:01:00,15:21:00,9,1,0,76.96,82.88,98.34,4,6,12,2,84.79,3,4,4,19.55,15:19:00,1
STU02192,CSE,2026-01-19,90,14:10:00,14:52:00,0,0,1,24.44,15.35,16.09,0,0,0,1,14.78,0,0,0,37.4,14:49:00,0
STU02193,IT,2026-01-31,90,10:08:00,11:34:00,1,0,0,16.41,29.76,26.68,0,1,2,0,34.7,0,0,0,57.88,11:32:00,0
STU02194,CIVIL,2026-01-31,120,09:03:00,09:34:00,0,0,1,22.05,28.0,6.95,0,0,2,0,5.61,0,0,0,45.71,09:34:00,0
STU02195,DS,2026-03-13,60,14:02:00,14:36:00,0,0,0,20.05,33.93,10.89,0,0,1,1,13.8,0,0,0,69.27,14:35:00,0
STU02196,EEE,2026-01-30,90,14:03:00,14:53:00,1,0,0,9.55,27.16,31.57,0,1,1,1,40.94,0,0,0,41.64,14:51:00,0
STU02197,DS,2026-03-28,120,09:10:00,09:42:00,5,1,0,71.72,55.0,59.37,1,1,10,2,64.54,0,2,2,35.61,09:42:00,1
STU02198,MECH,2026-02-09,90,09:10:00,09:49:00,1,0,0,29.32,10.15,29.47,0,1,1,0,9.88,0,0,0,33.77,09:47:00,0
STU02199,DS,2026-01-02,60,09:07:00,09:52:00,13,1,1,87.54,91.71,88.58,8,7,10,2,80.24,4,3,1,77.77,09:51:00,1
STU02200,CIVIL,2026-01-30,90,14:03:00,15:29:00,4,0,1,67.32,69.74,57.14,1,4,8,1,62.74,1,2,1,90.83,15:29:00,1
STU02201,AIML,2026-01-09,120,09:03:00,10:47:00,1,1,0,12.23,26.08,28.7,0,1,2,0,33.41,0,0,0,37.84,10:47:00,0
STU02202,EEE,2026-03-12,120,09:08:00,10:18:00,1,1,1,14.29,10.2,17.37,0,1,0,0,30.9,0,0,0,55.84,10:17:00,0
STU02203,MECH,2026-03-30,90,10:01:00,11:15:00,0,0,0,27.17,14.99,25.09,0,0,0,0,33.46,0,0,0,37.97,11:12:00,0
STU02204,EEE,2026-03-09,90,09:00:00,10:09:00,1,0,1,6.66,14.63,13.39,0,1,0,1,10.8,0,0,0,46.95,10:07:00,0
STU02205,CSE,2026-02-03,120,10:00:00,11:09:00,1,0,1,24.57,30.99,29.98,1,0,2,0,64.4,0,0,1,65.29,11:08:00,1
STU02206,AIML,2026-03-31,120,14:09:00,14:56:00,1,1,0,36.88,36.76,52.75,0,0,2,2,40.87,0,1,0,27.86,14:55:00,1
STU02207,AIML,2026-01-23,60,14:01:00,14:40:00,1,0,1,29.74,13.35,15.88,0,1,1,1,15.49,0,0,0,37.16,14:40:00,0
STU02208,MECH,2026-02-23,120,10:04:00,11:47:00,0,1,0,9.84,19.56,29.57,0,0,1,1,37.77,0,0,0,31.59,11:44:00,0
STU02209,IT,2026-02-03,60,14:00:00,14:42:00,2,0,0,36.47,45.33,26.25,0,0,4,0,47.56,1,0,1,74.3,14:41:00,0
STU02210,CSE,2026-01-26,120,14:05:00,15:09:00,0,0,1,22.84,9.33,33.96,0,1,2,1,24.73,0,0,0,57.14,15:07:00,0
STU02211,IT,2026-03-22,60,10:04:00,10:57:00,1,0,0,28.89,6.92,32.15,0,1,0,0,32.38,0,0,0,25.68,10:54:00,0
STU02212,AIML,2026-02-15,60,10:05:00,11:02:00,2,0,0,26.73,26.58,41.84,1,0,2,1,36.42,1,0,0,39.51,11:02:00,0
STU02213,CSE,2026-01-14,60,10:04:00,10:50:00,1,1,0,13.61,7.44,28.21,0,0,2,1,6.58,0,0,0,34.49,10:47:00,0
STU02214,DS,2026-02-08,120,10:01:00,11:39:00,1,0,1,18.98,26.9,31.57,0,0,1,1,22.09,0,0,0,35.74,11:38:00,0
STU02215,CIVIL,2026-01-04,90,09:02:00,10:16:00,2,0,0,40.21,31.02,26.85,1,2,2,1,61.62,0,1,0,62.14,10:13:00,1
STU02216,MECH,2026-02-28,90,09:05:00,10:21:00,1,1,0,24.38,33.59,10.56,0,0,0,0,24.18,0,0,0,55.79,10:19:00,0
STU02217,CIVIL,2026-03-27,60,10:08:00,11:02:00,1,0,0,27.51,9.33,27.69,0,1,0,1,6.08,0,0,0,56.84,11:01:00,0
STU02218,AIML,2026-02-21,120,14:05:00,15:14:00,0,1,0,8.1,15.97,12.85,0,1,2,1,26.89,0,0,0,31.78,15:12:00,0
STU02219,DS,2026-03-14,90,09:09:00,10:12:00,1,1,0,38.05,45.22,28.76,1,0,2,2,52.8,0,0,1,70.57,10:12:00,1
STU02220,CIVIL,2026-02-08,90,14:03:00,15:35:00,1,0,0,29.5,21.29,8.19,0,1,1,1,7.83,0,0,0,64.75,15:33:00,0
STU02221,EEE,2026-02-08,60,10:10:00,10:47:00,3,1,1,71.97,59.59,54.06,1,2,10,1,70.46,1,2,1,45.26,10:47:00,1
STU02222,IT,2026-03-11,60,14:07:00,14:41:00,4,0,1,71.35,60.54,48.82,2,1,9,4,70.07,2,2,1,61.29,14:40:00,1
STU02223,CIVIL,2026-02-25,120,14:06:00,15:28:00,1,0,1,23.06,7.6,25.44,0,0,0,0,28.31,0,0,0,33.97,15:27:00,0
STU02224,CIVIL,2026-03-06,120,10:05:00,10:50:00,0,0,1,26.19,17.07,21.88,0,0,2,0,30.85,0,0,0,59.07,10:48:00,0
STU02225,IT,2026-01-25,60,14:06:00,14:39:00,3,1,0,49.5,78.83,62.1,3,5,5,1,69.05,2,2,0,22.02,14:39:00,1
STU02226,IT,2026-01-18,60,09:04:00,09:52:00,3,0,0,46.56,33.24,52.72,1,1,2,1,38.29,0,0,0,53.11,09:52:00,0
STU02227,IT,2026-01-04,120,14:00:00,15:55:00,1,0,0,42.82,44.84,40.97,1,1,4,2,62.48,1,1,1,45.46,15:52:00,1
STU02228,CIVIL,2026-01-17,60,14:08:00,14:43:00,0,0,0,17.67,17.54,17.4,0,1,2,0,36.84,0,0,0,31.59,14:42:00,0
STU02229,ECE,2026-03-01,120,10:03:00,12:01:00,2,1,1,27.2,30.77,46.76,0,0,4,0,40.61,1,1,0,51.01,11:58:00,1
STU02230,CSE,2026-02-05,60,14:09:00,14:41:00,2,0,0,32.17,56.87,26.91,1,1,4,1,50.7,1,1,1,28.76,14:41:00,1
STU02231,CSE,2026-02-27,60,14:07:00,14:54:00,2,0,0,27.6,53.54,35.99,0,1,5,2,41.78,1,0,0,49.85,14:53:00,1
STU02232,CIVIL,2026-03-27,120,10:01:00,11:41:00,4,0,1,41.29,65.28,61.1,3,4,10,4,81.56,2,2,1,55.58,11:40:00,1
STU02233,IT,2026-01-16,120,10:09:00,11:59:00,0,1,0,6.48,15.88,33.43,0,0,1,0,16.06,0,0,0,36.56,11:57:00,0
STU02234,DS,2026-03-24,60,10:08:00,10:44:00,1,1,1,20.27,28.46,34.33,0,2,1,0,58.41,1,0,0,59.58,10:42:00,1
STU02235,CIVIL,2026-01-17,90,14:10:00,15:06:00,3,0,0,46.58,41.4,30.93,0,0,5,1,38.42,0,1,1,81.11,15:04:00,1
STU02236,AIML,2026-03-19,60,09:00:00,09:41:00,1,0,1,16.22,24.16,33.17,0,0,1,1,31.4,0,0,0,56.98,09:38:00,0
STU02237,IT,2026-03-17,60,09:09:00,09:46:00,1,0,0,29.95,16.38,32.59,0,0,0,1,18.89,0,0,0,41.07,09:44:00,0
STU02238,AIML,2026-01-04,90,14:08:00,14:51:00,0,1,0,9.82,11.89,13.23,0,1,1,1,18.98,0,0,0,36.87,14:49:00,0
STU02239,DS,2026-03-13,60,09:03:00,09:53:00,3,0,0,25.56,45.87,50.72,0,1,3,1,60.75,0,0,0,21.52,09:51:00,0
STU02240,MECH,2026-02-22,90,09:08:00,09:52:00,1,0,0,27.24,36.2,51.85,0,0,4,0,61.26,0,0,1,19.3,09:52:00,0
STU02241,ECE,2026-01-09,120,09:01:00,10:21:00,0,0,0,26.87,18.82,33.64,0,0,1,1,35.8,0,0,0,66.47,10:19:00,0
STU02242,ECE,2026-01-26,60,14:08:00,14:58:00,1,1,0,7.83,10.23,20.93,0,0,1,0,7.77,0,0,0,42.82,14:57:00,0
STU02243,CSE,2026-03-14,90,14:09:00,14:42:00,0,0,0,8.66,16.4,30.35,0,0,1,0,21.55,0,0,0,30.82,14:42:00,0
STU02244,CSE,2026-02-21,60,10:08:00,10:45:00,3,0,0,27.09,49.98,41.74,0,0,1,2,57.42,1,1,0,32.7,10:45:00,1
STU02245,IT,2026-02-28,120,10:01:00,11:55:00,1,0,1,18.07,12.96,25.46,0,0,1,1,25.41,0,0,0,47.82,11:55:00,0
STU02246,CSE,2026-03-01,90,14:03:00,15:01:00,2,1,1,27.81,44.85,47.42,1,1,4,2,45.24,0,1,1,70.6,15:01:00,1
STU02247,EEE,2026-02-02,120,14:04:00,15:12:00,7,1,1,48.5,62.67,58.33,4,1,5,2,64.27,1,2,2,99.99,15:11:00,1
STU02248,EEE,2026-01-13,60,09:10:00,09:49:00,0,0,1,13.29,20.28,11.68,0,1,0,0,42.05,0,0,0,54.71,09:47:00,0
STU02249,CIVIL,2026-01-12,90,14:10:00,15:12:00,1,0,0,28.1,30.48,32.47,0,0,2,1,30.12,0,0,0,59.73,15:10:00,0
STU02250,DS,2026-01-06,90,14:01:00,14:58:00,7,1,1,66.13,71.32,77.64,2,2,7,4,80.57,0,1,0,62.78,14:58:00,1
STU02251,EEE,2026-02-04,90,09:10:00,10:40:00,0,0,0,8.5,26.52,28.41,0,1,2,0,29.95,0,0,0,43.36,10:38:00,0
STU02252,CSE,2026-02-21,60,09:04:00,09:59:00,1,1,0,7.64,15.17,7.73,0,1,0,1,16.16,0,0,0,42.31,09:58:00,0
STU02253,DS,2026-02-07,90,14:04:00,14:40:00,1,0,0,6.84,5.29,16.53,0,1,0,0,43.79,0,0,0,25.62,14:39:00,0
STU02254,CIVIL,2026-03-26,60,10:01:00,10:34:00,1,0,0,27.09,31.9,28.0,0,1,0,0,15.71,0,0,0,61.83,10:32:00,0
STU02255,CIVIL,2026-03-27,60,10:08:00,11:07:00,0,0,1,20.8,16.15,27.18,0,1,0,1,34.43,0,0,0,43.92,11:05:00,0
STU02256,AIML,2026-03-22,90,14:04:00,15:17:00,1,0,0,29.56,29.63,7.7,0,0,1,0,14.33,0,0,0,59.17,15:15:00,0
STU02257,ECE,2026-02-03,120,14:05:00,15:23:00,6,0,1,44.03,71.08,72.88,3,3,8,3,82.79,0,1,0,55.59,15:21:00,1
STU02258,IT,2026-03-27,90,14:03:00,15:17:00,1,0,0,30.82,51.73,45.99,0,1,3,1,49.43,1,0,1,54.85,15:14:00,1
STU02259,ECE,2026-04-01,120,14:07:00,15:49:00,11,1,1,74.76,84.48,79.16,7,6,13,5,87.68,5,3,4,103.17,15:47:00,1
STU02260,CSE,2026-02-26,90,09:00:00,10:01:00,1,0,1,24.31,52.79,38.73,0,1,5,0,40.81,0,0,0,38.39,09:59:00,1
STU02261,DS,2026-02-12,120,10:00:00,11:05:00,1,0,0,9.49,20.3,16.29,0,0,2,1,16.45,0,0,0,29.69,11:04:00,0
STU02262,ECE,2026-01-06,60,14:04:00,14:43:00,0,0,0,16.84,22.28,13.09,0,0,2,1,29.42,0,0,0,27.41,14:40:00,0
STU02263,EEE,2026-02-25,60,10:08:00,10:54:00,0,1,1,18.08,23.93,23.14,0,1,1,1,22.57,0,0,0,37.94,10:52:00,1
STU02264,AIML,2026-03-04,60,09:04:00,09:41:00,2,0,0,41.9,33.26,53.07,1,1,4,1,62.28,1,1,1,61.54,09:39:00,1
STU02265,DS,2026-01-25,60,10:08:00,10:46:00,1,0,0,47.0,42.45,35.33,0,0,2,2,48.35,1,1,1,63.3,10:44:00,1
STU02266,ECE,2026-01-12,60,14:06:00,15:05:00,2,0,0,37.44,30.05,29.63,0,1,2,0,49.51,1,1,0,26.97,15:05:00,1
STU02267,DS,2026-02-22,90,09:03:00,10:20:00,1,1,1,28.39,28.33,13.48,0,0,2,1,31.28,0,0,0,64.55,10:18:00,1
STU02268,CIVIL,2026-01-12,90,09:09:00,10:06:00,1,0,1,10.27,18.44,19.47,0,0,1,1,20.61,0,0,0,47.95,10:06:00,0
STU02269,CSE,2026-01-01,120,10:08:00,12:02:00,3,1,0,69.28,59.94,62.01,1,3,6,2,79.98,2,2,0,71.15,12:01:00,1
STU02270,IT,2026-02-23,120,10:06:00,11:25:00,0,0,1,20.11,9.12,27.66,0,1,2,1,14.81,0,0,0,48.16,11:24:00,0
STU02271,AIML,2026-01-27,60,09:05:00,09:39:00,0,0,0,18.97,30.35,32.87,0,0,0,0,30.87,0,0,0,66.36,09:38:00,0
STU02272,DS,2026-02-15,120,14:03:00,15:23:00,14,1,0,79.81,83.77,87.15,5,12,25,2,94.38,2,1,4,75.96,15:22:00,1
STU02273,CSE,2026-01-12,120,09:09:00,10:31:00,0,0,0,6.4,18.59,32.18,0,0,2,1,36.24,0,0,0,43.86,10:29:00,0
STU02274,IT,2026-03-30,90,09:00:00,10:14:00,0,1,0,5.65,11.9,22.82,0,1,0,0,12.3,0,0,0,56.75,10:14:00,0
STU02275,AIML,2026-03-18,90,09:04:00,09:37:00,1,0,1,11.54,9.9,5.34,0,0,2,0,21.96,0,0,0,58.83,09:36:00,0
STU02276,ECE,2026-02-05,60,10:00:00,10:53:00,1,1,1,20.63,11.22,33.66,0,1,2,1,22.55,0,0,0,38.07,10:53:00,1
STU02277,DS,2026-02-05,60,14:08:00,15:07:00,0,1,1,19.74,29.06,12.37,0,1,1,0,33.49,0,0,0,30.12,15:05:00,0
STU02278,AIML,2026-01-23,60,14:08:00,14:42:00,3,1,1,69.66,54.71,75.33,2,4,10,3,70.91,2,2,2,23.95,14:41:00,1
STU02279,IT,2026-03-14,60,10:07:00,11:07:00,1,0,1,38.48,28.42,52.21,1,2,5,2,43.19,0,1,0,56.92,11:07:00,1
STU02280,CIVIL,2026-01-02,120,14:10:00,15:46:00,0,0,0,19.42,30.32,9.84,0,0,1,0,22.86,0,0,0,42.12,15:43:00,0
STU02281,CSE,2026-02-25,90,14:04:00,15:12:00,0,0,0,20.57,30.7,6.18,0,0,2,0,27.11,0,0,0,63.78,15:09:00,0
STU02282,IT,2026-01-04,90,14:06:00,15:32:00,1,0,0,18.34,9.46,23.44,0,1,1,1,14.66,0,0,0,68.39,15:30:00,0
STU02283,ECE,2026-03-31,90,14:08:00,15:35:00,0,0,1,19.93,28.84,19.63,0,1,1,1,33.58,0,0,0,48.82,15:32:00,0
STU02284,DS,2026-01-25,120,10:01:00,11:32:00,3,0,1,54.59,50.59,74.52,4,4,9,4,83.16,2,2,1,82.36,11:31:00,1
STU02285,MECH,2026-01-17,90,10:07:00,10:56:00,2,0,0,43.5,32.12,37.88,1,0,1,2,54.62,0,0,0,31.18,10:54:00,0
STU02286,IT,2026-02-09,60,14:05:00,15:01:00,1,0,0,25.43,25.73,30.26,0,0,1,0,28.09,0,0,0,61.42,14:59:00,0
STU02287,DS,2026-03-09,60,09:00:00,09:49:00,1,0,1,36.6,48.88,30.06,1,1,5,2,53.04,0,1,1,65.19,09:48:00,1
STU02288,MECH,2026-02-24,120,14:03:00,15:15:00,5,1,1,71.44,60.13,59.49,3,3,6,2,61.82,0,1,1,101.25,15:14:00,1
STU02289,ECE,2026-02-23,60,09:08:00,09:56:00,0,0,1,16.39,15.1,29.17,0,1,2,1,42.6,0,0,0,31.22,09:55:00,0
STU02290,DS,2026-02-27,90,10:08:00,10:58:00,3,0,1,61.0,78.18,66.29,4,4,4,4,81.78,0,0,0,65.28,10:55:00,1
STU02291,ECE,2026-01-24,120,14:07:00,15:34:00,1,0,1,38.18,46.31,33.18,1,1,2,0,52.71,0,0,0,71.89,15:31:00,1
STU02292,ECE,2026-01-13,60,10:08:00,10:44:00,1,0,0,8.84,8.47,8.01,0,1,2,1,24.07,0,0,0,55.48,10:44:00,0
STU02293,MECH,2026-03-12,90,14:05:00,14:43:00,8,0,0,93.04,80.08,75.26,7,7,10,5,80.24,4,3,3,19.29,14:43:00,1
STU02294,CSE,2026-02-28,120,09:07:00,09:58:00,3,0,0,47.88,32.25,50.4,1,1,1,1,44.59,1,1,0,73.14,09:58:00,1
STU02295,CIVIL,2026-01-04,120,09:01:00,09:59:00,4,1,1,67.4,67.98,63.06,1,3,5,3,60.57,0,0,2,84.9,09:57:00,1
STU02296,MECH,2026-02-16,60,10:06:00,10:46:00,1,0,0,17.19,24.71,5.82,0,1,0,1,29.99,0,0,0,52.16,10:45:00,0
STU02297,IT,2026-01-19,120,09:06:00,09:49:00,0,0,0,10.83,30.14,30.94,0,0,0,0,33.18,0,0,0,61.92,09:46:00,0
STU02298,ECE,2026-02-03,60,10:08:00,10:45:00,0,0,0,24.94,18.91,23.75,0,1,1,1,13.89,0,0,0,25.94,10:44:00,0
STU02299,CIVIL,2026-03-01,90,10:02:00,10:46:00,2,0,0,27.18,43.62,47.04,0,1,2,0,40.25,1,0,1,67.11,10:43:00,0
STU02300,CSE,2026-02-03,60,14:08:00,14:40:00,1,0,0,26.77,13.68,31.44,0,1,1,0,9.44,0,0,0,66.64,14:40:00,0
STU02301,CIVIL,2026-03-13,60,10:04:00,10:54:00,0,0,0,7.18,22.05,16.82,0,0,1,0,44.9,0,0,0,65.12,10:53:00,0
STU02302,EEE,2026-03-27,120,09:03:00,10:26:00,0,0,0,27.94,32.93,13.2,0,0,2,0,43.62,0,0,0,28.37,10:25:00,0
STU02303,ECE,2026-02-13,60,09:09:00,09:46:00,1,0,0,26.68,6.97,24.55,0,1,0,1,32.26,0,0,0,34.03,09:44:00,0
STU02304,ECE,2026-02-10,120,10:01:00,11:11:00,2,0,0,25.67,25.49,29.75,1,1,2,0,35.74,1,0,0,79.43,11:08:00,0
STU02305,CIVIL,2026-03-11,60,14:00:00,14:54:00,4,1,0,71.84,59.91,55.12,4,4,5,4,62.85,1,2,0,84.55,14:53:00,1
STU02306,MECH,2026-01-29,90,10:05:00,11:28:00,1,0,0,27.16,8.36,25.62,0,1,1,0,18.01,0,0,0,31.27,11:27:00,0
STU02307,AIML,2026-01-23,120,10:04:00,10:55:00,7,1,1,67.51,80.94,78.12,9,6,10,8,91.86,2,2,3,126.14,10:54:00,1
STU02308,MECH,2026-02-02,60,10:03:00,10:49:00,2,1,0,40.11,43.51,48.9,1,2,5,0,44.85,1,0,1,46.09,10:47:00,1
STU02309,CIVIL,2026-01-24,60,10:08:00,11:01:00,7,1,1,42.9,56.63,57.55,2,4,9,4,83.6,1,1,0,95.79,10:58:00,1
STU02310,AIML,2026-03-05,120,09:04:00,10:38:00,2,0,0,22.45,54.08,35.36,0,1,2,1,58.77,1,0,1,19.88,10:38:00,1
STU02311,CIVIL,2026-02-23,120,09:04:00,11:04:00,0,0,0,20.92,31.07,6.02,0,1,1,1,25.3,0,0,0,50.55,11:01:00,0
STU02312,ECE,2026-03-29,120,14:00:00,15:55:00,1,1,0,8.03,24.3,22.64,0,0,1,0,44.43,0,0,0,37.55,15:53:00,0
STU02313,MECH,2026-01-16,90,10:02:00,11:07:00,1,0,1,8.06,14.23,27.43,0,1,1,1,24.2,0,0,0,64.38,11:06:00,0
STU02314,IT,2026-03-12,60,09:01:00,09:47:00,3,0,0,23.83,50.81,36.52,0,1,4,2,44.93,0,0,1,17.0,09:46:00,1
STU02315,CSE,2026-02-14,90,09:10:00,10:18:00,6,1,1,48.16,61.18,76.69,3,5,6,3,60.75,0,2,0,103.52,10:17:00,1
STU02316,EEE,2026-03-09,90,10:02:00,11:22:00,1,0,0,26.45,22.55,11.45,0,0,2,0,8.12,0,0,0,35.82,11:22:00,0
STU02317,ECE,2026-01-11,120,14:05:00,15:59:00,0,0,0,26.91,6.69,20.57,0,0,0,1,39.52,0,0,0,51.26,15:59:00,0
STU02318,EEE,2026-01-23,90,14:05:00,15:04:00,3,0,0,27.31,37.11,37.63,0,0,2,0,53.45,0,0,0,69.09,15:02:00,0
STU02319,ECE,2026-02-22,90,09:09:00,10:19:00,6,1,1,48.42,70.41,71.15,2,5,8,1,77.33,1,0,1,26.99,10:18:00,1
STU02320,CIVIL,2026-02-04,60,09:07:00,10:09:00,1,0,0,19.94,11.89,10.21,0,1,0,0,22.13,0,0,0,52.37,10:06:00,0
STU02321,CSE,2026-02-19,120,10:03:00,11:48:00,1,0,0,15.99,14.39,13.28,0,0,0,0,21.68,0,0,0,43.05,11:47:00,0
STU02322,EEE,2026-03-11,60,10:08:00,10:40:00,2,0,0,43.59,57.76,31.69,0,1,2,0,43.25,1,1,1,59.48,10:39:00,1
STU02323,DS,2026-02-15,60,10:10:00,11:10:00,2,0,1,34.3,53.55,28.64,0,0,4,0,64.42,0,1,1,52.64,11:07:00,1
STU02324,AIML,2026-03-13,120,09:03:00,10:12:00,0,0,0,6.79,10.9,5.71,0,0,0,1,28.52,0,0,0,58.72,10:12:00,0
STU02325,IT,2026-03-02,90,14:02:00,15:28:00,1,0,0,14.93,26.84,14.14,0,1,1,0,33.97,0,0,0,45.09,15:28:00,0
STU02326,IT,2026-02-24,120,10:05:00,10:50:00,1,0,0,40.05,52.95,51.01,1,2,2,0,45.26,0,0,0,78.43,10:48:00,0
STU02327,CIVIL,2026-03-23,60,10:08:00,10:56:00,7,1,1,60.13,62.64,69.34,1,5,7,4,80.58,2,2,0,105.11,10:55:00,1
STU02328,IT,2026-03-17,60,10:04:00,11:00:00,1,0,0,20.7,15.57,33.23,0,1,0,0,20.46,0,0,0,49.15,11:00:00,0
STU02329,CIVIL,2026-03-21,120,10:07:00,11:05:00,3,0,1,58.35,62.35,50.7,3,1,8,4,71.51,1,2,2,55.56,11:03:00,1
STU02330,MECH,2026-02-27,90,10:01:00,10:54:00,5,1,0,52.94,79.23,74.95,1,4,10,1,71.33,2,1,2,90.71,10:52:00,1
STU02331,ECE,2026-03-03,60,14:03:00,14:45:00,1,0,0,29.12,53.53,28.11,0,0,1,2,58.16,0,0,0,57.59,14:45:00,0
STU02332,ECE,2026-02-16,120,09:00:00,10:26:00,0,0,0,25.51,13.01,22.33,0,0,0,1,33.48,0,0,0,32.94,10:24:00,0
STU02333,EEE,2026-02-13,90,10:00:00,11:06:00,1,0,0,30.87,38.03,48.71,0,1,2,1,45.79,0,1,1,72.89,11:05:00,1
STU02334,DS,2026-02-20,120,10:09:00,12:09:00,0,1,1,9.86,6.82,9.74,0,1,0,1,41.86,0,0,0,48.9,12:07:00,0
STU02335,IT,2026-01-19,90,10:04:00,10:44:00,1,0,1,14.02,22.77,8.14,0,1,0,1,15.83,0,0,0,42.57,10:41:00,0
STU02336,AIML,2026-03-17,60,09:04:00,09:39:00,1,1,1,8.66,32.4,32.59,0,0,1,1,7.83,0,0,0,36.51,09:39:00,0
STU02337,EEE,2026-02-06,90,14:06:00,14:59:00,0,0,0,23.62,11.64,6.22,0,0,2,0,43.87,0,0,0,58.47,14:59:00,0
STU02338,DS,2026-03-17,90,09:09:00,09:45:00,1,1,1,29.2,26.24,25.15,0,1,2,0,30.46,0,0,0,45.4,09:44:00,1
STU02339,CSE,2026-02-20,90,14:03:00,14:37:00,4,1,1,55.76,60.88,55.69,4,5,4,1,61.92,2,0,2,19.17,14:34:00,1
STU02340,AIML,2026-01-25,120,14:04:00,15:22:00,3,0,1,37.25,35.42,31.12,1,1,4,2,36.73,0,0,0,62.97,15:19:00,1
STU02341,AIML,2026-03-08,60,09:02:00,09:37:00,3,0,0,31.76,38.83,52.14,1,2,3,2,58.02,0,1,1,15.44,09:35:00,1
STU02342,CIVIL,2026-02-09,120,10:08:00,12:03:00,0,0,0,11.8,20.03,5.57,0,1,2,1,24.54,0,0,0,41.81,12:00:00,0
STU02343,IT,2026-01-17,90,09:02:00,10:20:00,3,1,1,68.44,60.68,63.31,1,3,6,2,60.21,0,0,0,80.17,10:17:00,1
STU02344,CSE,2026-01-16,60,10:04:00,10:36:00,0,0,0,27.9,32.18,12.55,0,0,0,1,25.18,0,0,0,60.35,10:34:00,0
STU02345,MECH,2026-03-10,60,09:05:00,10:07:00,2,0,0,37.62,42.84,35.56,0,1,5,2,56.18,0,0,0,62.52,10:05:00,0
STU02346,EEE,2026-01-13,60,10:03:00,10:44:00,1,0,1,23.55,29.41,26.43,0,1,0,0,21.56,0,0,0,68.92,10:43:00,0
STU02347,MECH,2026-01-23,90,14:01:00,15:08:00,1,0,0,14.38,15.83,33.79,0,0,1,1,28.21,0,0,0,62.77,15:05:00,0
STU02348,IT,2026-01-28,60,10:01:00,10:36:00,0,1,0,9.41,31.84,9.52,0,1,0,1,34.67,0,0,0,47.5,10:36:00,0
STU02349,ECE,2026-01-03,60,10:02:00,10:48:00,2,1,1,28.18,33.75,39.99,0,1,3,2,46.25,1,1,0,24.5,10:45:00,1
STU02350,CIVIL,2026-02-18,90,09:09:00,09:54:00,1,0,0,35.52,37.86,51.12,0,1,1,2,57.7,0,0,1,54.05,09:52:00,0
STU02351,EEE,2026-02-26,120,10:04:00,10:40:00,3,0,0,30.33,39.17,41.28,0,0,1,1,59.52,1,0,0,61.67,10:40:00,0
STU02352,MECH,2026-01-21,60,10:06:00,10:42:00,0,0,0,24.19,8.37,33.31,0,1,0,0,41.14,0,0,0,33.4,10:42:00,0
STU02353,CIVIL,2026-02-16,120,14:08:00,16:06:00,1,0,0,16.72,28.5,32.15,0,0,1,0,19.15,0,0,0,51.57,16:06:00,0
STU02354,DS,2026-03-16,90,14:10:00,15:04:00,10,1,0,89.43,75.52,87.58,5,5,12,6,87.11,3,3,2,54.34,15:04:00,1
STU02355,DS,2026-01-15,120,10:09:00,12:10:00,1,0,0,13.32,19.64,19.64,0,1,2,1,28.92,0,0,0,67.67,12:07:00,0
STU02356,CSE,2026-03-24,120,09:09:00,09:46:00,4,0,1,62.56,71.75,56.58,1,1,10,3,75.33,1,2,1,51.83,09:43:00,1
STU02357,CIVIL,2026-01-13,60,10:06:00,10:47:00,0,1,0,22.49,14.84,17.34,0,0,1,0,39.4,0,0,0,39.46,10:46:00,0
STU02358,CIVIL,2026-01-25,90,10:03:00,11:04:00,4,1,1,58.87,50.78,52.18,4,3,8,2,67.14,1,2,1,96.78,11:01:00,1
STU02359,ECE,2026-02-27,90,14:06:00,15:21:00,3,1,1,27.21,34.69,25.21,1,0,5,1,53.82,0,1,1,55.43,15:20:00,1
STU02360,MECH,2026-03-04,120,14:07:00,14:53:00,1,0,0,22.75,31.71,6.58,0,1,0,0,12.22,0,0,0,25.63,14:53:00,0
STU02361,DS,2026-01-13,120,09:04:00,09:50:00,1,0,0,15.83,29.53,11.33,0,1,0,1,40.71,0,0,0,26.75,09:49:00,0
STU02362,ECE,2026-03-12,90,14:06:00,15:36:00,3,0,0,50.69,57.54,75.17,3,1,6,3,70.46,2,1,1,57.69,15:35:00,1
STU02363,AIML,2026-02-20,60,10:03:00,10:51:00,1,0,0,9.89,20.52,25.35,0,0,2,1,36.62,0,0,0,53.85,10:50:00,0
STU02364,CIVIL,2026-03-13,60,14:06:00,14:58:00,0,0,0,20.05,17.66,24.03,0,1,2,1,20.33,0,0,0,57.71,14:57:00,0
STU02365,DS,2026-03-05,90,14:01:00,14:47:00,1,0,0,10.25,21.99,10.9,0,0,0,1,12.43,0,0,0,29.71,14:46:00,0
STU02366,CSE,2026-03-24,60,14:05:00,14:41:00,1,0,0,21.3,8.51,30.67,0,0,2,0,30.42,0,0,0,65.17,14:41:00,0
STU02367,ECE,2026-02-02,120,14:06:00,15:17:00,0,0,1,6.47,28.38,16.75,0,0,0,0,15.14,0,0,0,39.51,15:14:00,0
STU02368,IT,2026-03-15,60,10:10:00,10:53:00,1,0,0,17.42,27.61,22.56,0,0,1,0,38.62,0,0,0,47.26,10:53:00,0
STU02369,CSE,2026-03-07,120,10:01:00,10:43:00,1,0,0,21.34,37.89,31.92,0,1,4,2,52.44,1,0,0,29.88,10:43:00,0
STU02370,CSE,2026-02-13,120,09:04:00,09:55:00,1,0,0,6.63,33.09,27.26,0,0,2,1,27.29,0,0,0,65.44,09:55:00,0
STU02371,CIVIL,2026-01-23,60,09:01:00,09:55:00,1,0,0,15.85,17.24,11.94,0,0,2,1,32.4,0,0,0,68.33,09:54:00,0
STU02372,EEE,2026-01-10,120,10:05:00,11:21:00,1,0,1,7.9,9.31,33.56,0,1,1,1,10.45,0,0,0,38.3,11:21:00,0
STU02373,AIML,2026-02-16,60,09:05:00,10:02:00,3,0,1,43.55,43.11,28.6,1,0,1,2,46.12,1,0,1,40.45,09:59:00,1
STU02374,IT,2026-02-14,90,14:08:00,15:14:00,13,0,1,71.39,91.6,98.38,9,5,12,6,90.7,5,3,1,125.06,15:13:00,1
STU02375,MECH,2026-01-16,90,09:06:00,09:42:00,1,0,0,11.52,20.65,21.95,0,1,0,1,26.52,0,0,0,27.3,09:42:00,0
STU02376,CSE,2026-02-26,60,09:07:00,10:09:00,1,0,0,23.56,22.66,29.4,0,1,2,0,7.55,0,0,0,35.99,10:06:00,0
STU02377,CSE,2026-01-04,90,14:00:00,15:25:00,0,1,1,9.63,25.68,14.93,0,1,1,0,8.94,0,0,0,46.39,15:25:00,0
STU02378,MECH,2026-03-17,120,10:05:00,11:58:00,0,0,0,5.98,7.37,21.2,0,1,1,1,29.28,0,0,0,35.52,11:57:00,0
STU02379,DS,2026-03-10,60,09:10:00,09:52:00,1,1,1,8.66,26.18,12.52,0,0,1,0,31.49,0,0,0,44.9,09:52:00,0
STU02380,CIVIL,2026-01-24,60,14:09:00,14:49:00,6,1,1,65.48,55.5,48.56,3,5,10,2,74.16,1,0,2,10.02,14:47:00,1
STU02381,MECH,2026-03-15,90,10:02:00,10:34:00,2,0,0,41.84,41.96,26.07,1,0,4,2,56.33,1,1,0,17.52,10:32:00,1
STU02382,AIML,2026-03-25,60,09:10:00,10:13:00,1,0,0,20.73,27.52,30.6,0,0,2,0,14.68,0,0,0,34.63,10:10:00,0
STU02383,CIVIL,2026-02-23,120,10:01:00,11:23:00,1,0,0,9.22,5.13,22.66,0,1,2,0,9.25,0,0,0,62.16,11:23:00,0
STU02384,AIML,2026-01-16,90,09:00:00,09:53:00,7,0,0,71.84,52.7,55.53,2,1,5,1,75.8,0,0,1,68.7,09:51:00,1
STU02385,CIVIL,2026-01-01,120,10:00:00,11:05:00,2,1,0,26.82,50.49,36.22,0,1,4,2,35.14,1,0,1,49.55,11:02:00,1
STU02386,IT,2026-02-03,60,10:03:00,11:00:00,0,1,1,27.24,32.24,27.59,0,1,0,1,24.36,0,0,0,57.33,10:58:00,1
STU02387,AIML,2026-03-27,90,09:05:00,10:25:00,3,0,1,46.53,42.56,43.73,0,1,1,1,44.1,1,1,0,50.25,10:24:00,1
STU02388,IT,2026-01-16,90,10:08:00,10:53:00,0,0,0,10.9,31.58,30.34,0,1,2,0,43.84,0,0,0,65.79,10:52:00,0
STU02389,DS,2026-01-18,120,10:02:00,12:02:00,1,0,1,26.68,12.52,13.19,0,0,0,0,16.95,0,0,0,48.34,12:02:00,0
STU02390,ECE,2026-03-19,120,14:10:00,14:53:00,1,0,0,27.12,12.37,9.7,0,0,0,1,5.5,0,0,0,40.36,14:52:00,0
STU02391,CIVIL,2026-02-18,60,10:03:00,10:37:00,3,1,0,40.0,32.65,48.24,1,1,5,2,43.15,1,0,0,78.98,10:34:00,1
STU02392,IT,2026-03-15,60,09:08:00,09:53:00,2,0,1,24.39,44.2,42.61,0,2,2,1,43.29,1,1,1,56.9,09:50:00,1
STU02393,CIVIL,2026-01-04,90,14:00:00,15:07:00,2,1,0,46.21,33.08,49.65,1,1,5,1,47.49,0,1,1,30.39,15:07:00,1
STU02394,ECE,2026-01-09,90,10:07:00,11:12:00,0,0,0,15.43,24.66,31.89,0,0,0,0,30.42,0,0,0,37.33,11:10:00,0
STU02395,AIML,2026-03-20,120,09:08:00,10:11:00,2,0,0,44.84,31.18,36.03,1,1,2,1,44.41,1,1,1,31.59,10:09:00,1
STU02396,CSE,2026-02-05,120,10:04:00,11:16:00,4,1,0,40.62,76.39,53.2,3,2,7,1,83.69,0,2,0,65.74,11:15:00,1
STU02397,ECE,2026-01-23,90,10:06:00,11:22:00,1,0,1,20.8,5.99,17.09,0,1,1,0,20.12,0,0,0,45.44,11:19:00,0
STU02398,ECE,2026-02-28,60,09:00:00,10:00:00,1,1,0,20.44,13.72,33.16,0,0,2,0,35.41,0,0,0,25.02,09:57:00,0
STU02399,IT,2026-01-13,120,10:09:00,11:55:00,0,1,0,18.52,31.97,15.94,0,1,2,0,42.56,0,0,0,29.38,11:52:00,0
STU02400,AIML,2026-02-11,60,14:00:00,14:48:00,1,0,0,9.13,16.3,34.73,0,0,1,1,28.83,0,0,0,32.61,14:46:00,0
STU02401,DS,2026-01-14,60,10:08:00,10:55:00,5,1,0,70.65,58.93,68.2,1,2,6,1,64.28,2,2,2,53.51,10:54:00,1
STU02402,DS,2026-01-24,60,10:02:00,10:50:00,0,0,0,9.06,12.49,26.15,0,0,1,0,44.28,0,0,0,47.35,10:47:00,0
STU02403,EEE,2026-03-21,90,10:03:00,10:48:00,6,1,0,47.5,58.91,51.35,1,5,10,4,81.38,0,2,2,58.43,10:46:00,1
STU02404,CIVIL,2026-03-09,120,10:08:00,11:45:00,0,0,0,23.67,11.45,23.78,0,0,0,0,27.3,0,0,0,42.17,11:44:00,0
STU02405,EEE,2026-01-15,90,09:05:00,09:46:00,0,0,0,16.16,10.45,22.72,0,1,1,1,32.09,0,0,0,49.9,09:45:00,0
STU02406,DS,2026-03-06,60,14:00:00,14:40:00,2,0,0,42.58,38.63,31.12,0,1,1,1,54.43,0,0,0,40.72,14:38:00,0
STU02407,DS,2026-03-02,60,09:10:00,09:43:00,1,0,0,10.9,23.53,12.03,0,0,1,1,28.55,0,0,0,64.54,09:42:00,0
STU02408,EEE,2026-03-13,60,10:06:00,11:04:00,1,0,0,17.18,9.48,15.82,0,1,2,1,33.87,0,0,0,49.05,11:03:00,0
STU02409,MECH,2026-03-02,120,09:04:00,09:48:00,0,0,0,8.5,11.46,10.35,0,1,1,0,18.8,0,0,0,42.06,09:48:00,0
STU02410,MECH,2026-02-19,90,14:05:00,15:37:00,1,0,0,12.6,14.31,30.23,0,0,0,0,11.66,0,0,0,48.55,15:34:00,0
STU02411,DS,2026-03-12,90,10:01:00,11:04:00,0,1,0,25.41,30.49,14.12,0,1,0,1,6.95,0,0,0,28.98,11:04:00,0
STU02412,CIVIL,2026-01-26,90,10:06:00,11:22:00,0,0,1,13.58,15.08,12.86,0,0,1,1,14.2,0,0,0,51.24,11:21:00,0
STU02413,MECH,2026-02-15,60,10:03:00,10:45:00,1,0,0,46.47,47.92,45.39,1,1,5,1,43.98,0,0,0,36.04,10:43:00,1
STU02414,CSE,2026-01-17,120,09:04:00,10:42:00,1,0,0,15.58,7.78,34.0,0,0,0,0,43.61,0,0,0,66.59,10:39:00,0
STU02415,MECH,2026-03-19,90,09:10:00,10:16:00,1,0,1,23.74,20.31,32.61,0,1,1,1,20.02,0,0,0,41.65,10:16:00,0
STU02416,AIML,2026-02-24,60,10:00:00,10:49:00,1,1,0,14.76,15.48,33.91,0,0,2,1,36.11,0,0,0,33.59,10:46:00,0
STU02417,IT,2026-02-13,90,14:08:00,15:15:00,3,0,0,37.95,34.15,51.46,1,1,4,1,60.06,1,1,0,84.96,15:13:00,1
STU02418,IT,2026-03-18,120,09:10:00,10:15:00,1,0,0,21.75,15.25,18.0,0,0,2,1,11.4,0,0,0,32.19,10:15:00,0
STU02419,MECH,2026-01-26,90,09:10:00,09:57:00,1,1,1,25.49,31.47,8.3,0,1,2,0,15.43,0,0,0,54.87,09:56:00,1
STU02420,IT,2026-02-05,90,09:04:00,09:52:00,1,1,0,35.41,32.6,34.47,0,0,5,0,38.67,0,0,1,75.38,09:51:00,1
STU02421,MECH,2026-03-19,60,10:10:00,10:53:00,0,0,0,23.09,18.62,27.09,0,1,0,0,34.8,0,0,0,32.42,10:53:00,0
STU02422,MECH,2026-01-09,120,09:03:00,10:10:00,0,0,0,24.03,5.76,23.73,0,0,2,1,37.75,0,0,0,45.13,10:08:00,0
STU02423,IT,2026-03-17,120,14:09:00,15:16:00,2,0,1,31.05,26.94,32.62,0,1,1,1,56.7,0,1,1,23.12,15:16:00,1
STU02424,AIML,2026-02-01,60,14:02:00,14:35:00,1,0,0,17.56,34.39,5.95,0,0,0,0,38.41,0,0,0,68.24,14:34:00,0
STU02425,ECE,2026-03-31,120,09:05:00,09:40:00,0,1,0,9.84,27.11,21.3,0,1,1,0,37.23,0,0,0,62.33,09:39:00,0
STU02426,EEE,2026-03-17,60,09:04:00,10:04:00,0,0,1,5.13,32.35,31.56,0,1,2,1,17.49,0,0,0,61.48,10:02:00,0
STU02427,DS,2026-01-30,120,09:03:00,10:31:00,0,1,1,16.9,17.5,11.75,0,0,2,1,10.94,0,0,0,67.93,10:29:00,0
STU02428,CIVIL,2026-03-09,90,09:02:00,10:02:00,3,0,1,24.06,44.52,28.28,1,0,3,0,58.77,1,1,0,28.14,10:02:00,1
STU02429,ECE,2026-02-25,90,10:08:00,11:37:00,0,0,0,12.98,19.82,13.58,0,0,0,1,42.21,0,0,0,49.06,11:34:00,0
STU02430,DS,2026-02-28,90,14:05:00,15:05:00,0,1,0,11.05,5.84,26.36,0,1,2,0,31.86,0,0,0,54.92,15:02:00,0
STU02431,IT,2026-02-02,90,14:08:00,15:09:00,1,0,0,24.4,19.43,14.11,0,0,2,1,32.14,0,0,0,46.18,15:08:00,0
STU02432,AIML,2026-02-01,60,14:04:00,14:40:00,1,0,0,8.47,24.07,27.98,0,1,0,1,8.04,0,0,0,40.76,14:39:00,0
STU02433,ECE,2026-03-01,90,09:06:00,09:36:00,0,0,0,25.96,23.88,12.8,0,1,2,1,8.4,0,0,0,28.79,09:36:00,0
STU02434,CIVIL,2026-03-17,90,09:07:00,10:34:00,0,1,0,24.56,11.3,26.96,0,1,1,1,22.73,0,0,0,60.57,10:32:00,0
STU02435,CSE,2026-02-11,120,14:10:00,15:09:00,0,1,0,10.77,26.05,6.75,0,0,0,1,16.89,0,0,0,33.6,15:06:00,0
STU02436,AIML,2026-01-03,120,14:00:00,15:49:00,1,1,0,25.71,33.35,13.04,0,1,0,0,18.6,0,0,0,48.28,15:48:00,0
STU02437,ECE,2026-01-06,60,14:05:00,14:42:00,1,0,0,20.24,11.92,17.55,0,1,2,0,34.89,0,0,0,56.24,14:41:00,0
STU02438,CSE,2026-01-05,90,10:01:00,10:57:00,0,0,0,14.39,34.09,22.32,0,1,0,1,17.22,0,0,0,67.55,10:54:00,0
STU02439,ECE,2026-02-28,120,10:07:00,10:45:00,1,0,1,8.88,29.24,17.36,0,1,1,0,30.7,0,0,0,52.84,10:45:00,0
STU02440,ECE,2026-03-31,120,09:07:00,10:55:00,6,0,1,44.55,66.54,59.93,2,5,9,4,82.95,0,2,2,24.12,10:55:00,1
STU02441,ECE,2026-02-15,60,14:00:00,14:51:00,1,1,0,15.4,27.12,20.01,0,0,1,0,7.9,0,0,0,41.4,14:48:00,0
STU02442,DS,2026-02-09,120,14:05:00,16:05:00,2,0,0,30.96,51.72,35.06,0,1,3,0,42.62,0,0,0,54.52,16:02:00,0
STU02443,EEE,2026-04-01,120,10:01:00,11:44:00,1,0,0,5.45,28.9,34.58,0,0,2,0,19.75,0,0,0,57.91,11:42:00,0
STU02444,MECH,2026-03-08,120,10:05:00,10:46:00,2,0,0,36.46,35.18,51.62,1,0,2,2,39.79,0,1,0,20.77,10:44:00,1
STU02445,EEE,2026-01-14,60,10:05:00,10:45:00,2,1,0,30.86,52.77,30.08,1,2,4,0,63.96,1,1,1,27.31,10:43:00,1
STU02446,CSE,2026-02-04,120,10:09:00,11:02:00,1,0,0,36.72,38.57,44.49,0,2,2,2,44.46,1,1,1,34.68,10:59:00,1
STU02447,AIML,2026-02-04,90,09:07:00,10:26:00,11,1,1,75.73,92.8,86.83,4,11,23,5,82.84,5,5,2,106.52,10:26:00,1
STU02448,ECE,2026-01-19,60,10:05:00,10:36:00,3,1,1,56.14,65.34,66.82,4,3,5,1,74.04,2,2,2,59.08,10:36:00,1
STU02449,DS,2026-03-04,60,10:09:00,11:00:00,3,0,1,47.78,41.86,51.84,1,1,5,2,47.61,1,0,0,28.09,10:59:00,1
STU02450,IT,2026-03-02,120,09:10:00,09:57:00,7,1,1,66.27,59.53,59.11,2,3,9,2,63.61,2,0,1,73.28,09:54:00,1
STU02451,EEE,2026-01-03,90,09:00:00,09:37:00,10,1,1,73.04,96.11,80.63,6,11,18,7,86.44,3,3,4,122.51,09:34:00,1
STU02452,EEE,2026-03-26,90,14:06:00,15:21:00,0,1,1,18.86,10.56,5.91,0,1,1,0,30.52,0,0,0,60.32,15:19:00,0
STU02453,AIML,2026-02-05,90,09:01:00,10:21:00,3,0,1,20.13,47.8,32.98,0,1,5,1,44.33,0,1,0,61.33,10:18:00,1
STU02454,ECE,2026-02-01,90,09:02:00,09:57:00,3,0,0,26.47,51.65,49.54,1,0,4,1,43.94,1,0,1,76.17,09:57:00,1
STU02455,ECE,2026-03-01,60,10:01:00,10:56:00,1,0,1,21.11,25.03,11.48,0,1,2,1,36.98,0,0,0,56.78,10:55:00,0
STU02456,IT,2026-02-28,90,09:06:00,09:45:00,1,1,0,18.65,20.78,7.91,0,0,0,1,19.16,0,0,0,49.97,09:42:00,0
STU02457,EEE,2026-02-20,120,14:07:00,15:27:00,1,0,1,22.11,29.95,33.37,0,0,2,1,12.3,0,0,0,59.17,15:26:00,0
STU02458,AIML,2026-03-03,90,10:03:00,10:39:00,1,0,0,18.56,9.67,8.52,0,0,2,1,13.01,0,0,0,59.69,10:39:00,0
STU02459,CSE,2026-03-07,60,09:00:00,09:37:00,0,0,0,22.41,9.15,13.34,0,1,1,1,42.95,0,0,0,65.89,09:35:00,0
STU02460,CSE,2026-03-29,60,14:09:00,14:45:00,9,1,1,87.37,96.9,93.23,9,12,18,4,86.71,5,4,5,20.02,14:42:00,1
STU02461,IT,2026-02-11,120,14:00:00,15:30:00,0,0,0,17.5,13.6,30.07,0,1,0,1,29.33,0,0,0,29.37,15:27:00,0
STU02462,MECH,2026-03-06,90,10:01:00,10:40:00,6,1,1,66.78,78.89,61.51,2,1,8,3,75.7,0,0,1,45.3,10:39:00,1
STU02463,IT,2026-02-02,120,10:00:00,11:32:00,1,0,0,9.35,8.2,31.38,0,1,1,1,13.19,0,0,0,66.97,11:30:00,0
STU02464,CSE,2026-01-03,60,14:01:00,14:36:00,1,1,0,36.54,26.11,32.4,0,0,5,1,45.42,0,1,1,21.59,14:34:00,1
STU02465,MECH,2026-03-10,120,14:04:00,15:36:00,1,0,0,45.9,34.64,28.78,1,1,5,2,53.87,1,0,0,34.74,15:35:00,1
STU02466,CSE,2026-03-31,90,10:05:00,10:36:00,0,0,0,6.48,21.32,15.84,0,1,0,0,31.74,0,0,0,31.35,10:36:00,0
STU02467,EEE,2026-03-09,60,09:02:00,09:54:00,0,0,0,20.28,19.34,30.3,0,1,1,1,42.5,0,0,0,26.01,09:53:00,0
STU02468,EEE,2026-01-25,90,09:09:00,10:10:00,1,0,0,27.53,44.44,51.6,1,2,5,0,44.57,1,1,0,50.75,10:09:00,1
STU02469,EEE,2026-03-05,120,10:01:00,11:10:00,1,1,0,13.02,30.46,23.4,0,1,2,1,30.84,0,0,0,35.09,11:09:00,0
STU02470,AIML,2026-03-04,120,10:07:00,11:23:00,10,1,1,79.77,95.79,90.41,10,10,12,5,92.17,1,2,3,105.41,11:21:00,1
STU02471,IT,2026-01-05,60,10:03:00,10:46:00,0,0,0,17.82,6.93,6.85,0,1,1,0,29.72,0,0,0,55.87,10:43:00,0
STU02472,CSE,2026-01-23,60,10:00:00,10:43:00,0,0,0,22.35,8.71,33.6,0,1,1,0,13.92,0,0,0,55.08,10:42:00,0
STU02473,IT,2026-01-04,90,14:09:00,14:58:00,0,0,0,29.84,29.4,22.97,0,1,1,0,11.95,0,0,0,39.44,14:58:00,0
STU02474,IT,2026-02-19,120,14:07:00,14:51:00,1,0,0,23.97,25.69,36.37,1,0,5,2,56.5,1,1,0,19.74,14:48:00,1
STU02475,EEE,2026-03-25,60,09:10:00,09:52:00,10,0,1,88.11,98.33,90.51,5,10,22,7,96.45,2,2,1,56.7,09:51:00,1
STU02476,DS,2026-01-30,120,14:07:00,15:22:00,1,1,0,26.55,9.24,31.24,0,0,1,1,42.33,0,0,0,39.75,15:20:00,0
STU02477,MECH,2026-02-26,90,14:03:00,14:51:00,1,1,1,10.87,24.46,11.25,0,0,0,0,44.05,0,0,0,44.23,14:51:00,0
STU02478,MECH,2026-01-29,90,10:04:00,11:10:00,0,0,0,5.79,5.48,29.29,0,1,0,0,40.98,0,0,0,48.01,11:08:00,0
STU02479,EEE,2026-02-20,90,14:01:00,15:01:00,1,0,0,46.88,31.44,49.2,1,0,4,1,64.41,1,0,1,47.33,15:00:00,1
STU02480,EEE,2026-03-05,60,09:02:00,09:53:00,0,0,0,18.47,29.71,28.27,0,1,0,0,30.79,0,0,0,51.02,09:53:00,0
STU02481,IT,2026-03-31,90,09:00:00,10:21:00,0,0,1,26.96,13.27,18.71,0,1,1,0,37.67,0,0,0,37.78,10:21:00,0
STU02482,CIVIL,2026-03-15,60,10:04:00,10:48:00,4,1,0,40.01,68.55,73.87,1,2,9,3,69.45,1,0,0,10.52,10:48:00,1
STU02483,MECH,2026-01-29,60,10:10:00,10:57:00,1,0,0,41.62,34.0,46.06,1,0,2,0,52.69,0,0,0,39.78,10:54:00,0
STU02484,IT,2026-03-20,90,09:02:00,09:47:00,3,0,0,21.32,57.29,31.82,0,0,1,2,60.02,0,0,0,18.02,09:44:00,0
STU02485,IT,2026-02-24,120,14:04:00,15:41:00,3,1,1,26.24,38.85,27.84,1,0,1,0,64.02,1,1,0,66.85,15:40:00,1
STU02486,DS,2026-02-04,90,09:06:00,10:13:00,1,0,0,22.99,28.97,25.26,0,1,1,1,22.88,0,0,0,64.57,10:11:00,0
STU02487,AIML,2026-01-15,60,14:07:00,14:40:00,0,1,0,10.38,33.83,12.16,0,1,2,0,37.24,0,0,0,50.77,14:39:00,0
STU02488,CIVIL,2026-01-28,120,09:04:00,11:02:00,6,1,0,42.45,68.24,62.65,4,4,4,4,72.3,0,0,1,94.72,10:59:00,1
STU02489,CIVIL,2026-02-13,90,14:10:00,14:42:00,8,0,1,96.36,86.27,87.77,7,11,14,4,83.05,3,3,5,41.73,14:40:00,1
STU02490,ECE,2026-03-21,60,10:00:00,10:55:00,1,0,0,5.98,17.4,18.53,0,1,1,1,20.05,0,0,0,56.29,10:52:00,0
STU02491,IT,2026-01-23,90,09:04:00,09:52:00,3,0,1,71.0,73.65,56.51,2,3,10,2,69.28,0,2,0,94.85,09:49:00,1
STU02492,EEE,2026-03-03,120,09:01:00,09:48:00,1,0,0,11.34,5.16,27.85,0,0,1,0,12.81,0,0,0,41.87,09:47:00,0
STU02493,ECE,2026-01-05,60,09:09:00,10:09:00,0,0,1,23.94,26.39,21.95,0,1,1,1,12.65,0,0,0,64.69,10:09:00,0
STU02494,IT,2026-01-12,90,10:01:00,11:31:00,7,0,1,55.29,59.27,68.16,2,2,4,4,65.55,1,1,2,107.11,11:29:00,1
STU02495,DS,2026-02-07,60,14:07:00,14:58:00,1,0,0,24.11,27.34,45.21,1,0,4,2,58.54,1,1,1,26.7,14:58:00,1
STU02496,MECH,2026-03-21,60,14:01:00,14:35:00,9,1,1,68.32,98.31,84.99,9,6,13,6,83.39,1,5,4,56.11,14:32:00,1
STU02497,EEE,2026-01-13,120,14:10:00,14:40:00,1,0,0,18.49,21.56,10.4,0,1,2,1,26.28,0,0,0,51.96,14:40:00,0
STU02498,CIVIL,2026-01-21,120,10:02:00,10:47:00,2,1,0,39.24,56.45,38.64,0,0,4,2,41.64,0,0,0,77.23,10:45:00,1
STU02499,MECH,2026-03-12,60,10:05:00,10:46:00,0,0,0,16.01,8.53,10.79,0,1,0,1,34.76,0,0,0,43.62,10:43:00,0
STU02500,ECE,2026-03-27,120,09:06:00,09:43:00,2,1,1,31.41,50.27,45.66,0,2,2,0,60.2,1,1,0,22.94,09:41:00,1
STU02501,IT,2026-01-03,60,09:00:00,09:30:00,1,1,0,22.95,19.39,23.07,0,1,2,0,8.34,0,0,0,34.44,09:30:00,0
STU02502,EEE,2026-03-13,60,10:02:00,11:02:00,6,1,1,59.54,56.34,74.7,3,2,4,1,65.31,2,2,2,46.02,11:02:00,1
STU02503,CIVIL,2026-03-19,60,10:03:00,10:39:00,4,1,1,47.7,58.2,52.02,1,3,4,2,76.63,2,0,1,67.34,10:37:00,1
STU02504,MECH,2026-01-24,90,09:04:00,09:46:00,1,0,1,28.56,30.42,25.81,0,1,1,0,24.81,0,0,0,50.64,09:43:00,0
STU02505,CIVIL,2026-02-19,120,14:04:00,16:03:00,1,0,0,9.19,11.3,15.36,0,0,1,1,18.93,0,0,0,61.96,16:01:00,0
STU02506,CSE,2026-02-23,60,10:03:00,10:57:00,1,0,1,47.57,32.43,32.74,0,0,4,2,51.19,0,1,1,28.6,10:57:00,1
STU02507,DS,2026-02-05,120,14:09:00,15:17:00,0,1,1,13.82,34.39,13.27,0,1,0,1,31.06,0,0,0,37.95,15:17:00,1
STU02508,CIVIL,2026-03-31,90,09:08:00,10:00:00,0,1,0,19.08,15.36,16.06,0,0,2,1,41.86,0,0,0,58.65,09:57:00,0
STU02509,CSE,2026-03-06,90,09:08:00,10:10:00,11,1,1,84.17,96.73,77.86,9,4,17,2,80.75,1,4,1,95.55,10:10:00,1
STU02510,IT,2026-02-04,60,14:02:00,14:42:00,14,1,1,83.76,97.23,83.5,10,7,15,7,92.77,4,1,2,89.96,14:41:00,1
STU02511,ECE,2026-03-20,120,09:08:00,10:23:00,0,0,1,16.31,32.78,22.51,0,0,0,0,38.15,0,0,0,33.04,10:23:00,0
STU02512,MECH,2026-03-20,90,09:00:00,10:18:00,3,0,1,56.95,53.71,48.82,4,3,5,1,76.86,1,0,1,80.98,10:15:00,1
STU02513,AIML,2026-01-25,60,09:08:00,10:10:00,1,1,1,26.93,55.42,36.88,1,0,1,1,61.8,1,0,0,68.92,10:08:00,1
STU02514,EEE,2026-02-19,60,09:02:00,09:54:00,0,0,1,22.01,29.94,14.68,0,0,2,1,14.12,0,0,0,50.41,09:51:00,0
STU02515,MECH,2026-02-05,90,10:00:00,11:27:00,3,1,0,24.46,52.4,54.61,0,0,4,2,49.91,0,1,0,68.13,11:26:00,1
STU02516,IT,2026-03-04,120,14:10:00,15:11:00,9,1,1,79.85,79.7,91.33,8,11,17,5,91.47,2,5,4,23.94,15:09:00,1
STU02517,CSE,2026-03-22,60,14:07:00,14:50:00,1,1,0,25.93,29.14,30.43,0,0,1,0,23.07,0,0,0,29.68,14:48:00,0
STU02518,IT,2026-02-01,60,14:02:00,14:39:00,6,1,1,57.05,69.39,67.71,3,3,6,2,62.94,1,0,2,49.92,14:36:00,1
STU02519,IT,2026-02-24,90,09:10:00,10:12:00,12,1,1,82.31,86.02,84.39,6,8,11,7,90.9,2,4,4,68.41,10:12:00,1
STU02520,AIML,2026-03-20,90,09:07:00,09:43:00,0,0,0,23.14,11.47,21.87,0,0,2,0,41.58,0,0,0,68.11,09:42:00,0
STU02521,MECH,2026-01-07,120,14:05:00,15:07:00,3,0,1,31.17,40.01,38.6,1,1,4,2,64.53,0,1,1,33.72,15:05:00,1
STU02522,AIML,2026-01-23,90,10:09:00,10:52:00,0,1,0,15.09,22.52,19.55,0,1,2,0,31.41,0,0,0,67.29,10:49:00,0
STU02523,CIVIL,2026-02-11,60,10:08:00,10:55:00,0,1,0,6.22,26.4,26.04,0,0,1,1,26.68,0,0,0,44.68,10:52:00,0
STU02524,ECE,2026-02-26,90,14:00:00,14:58:00,0,0,0,14.08,23.62,23.05,0,1,1,0,27.36,0,0,0,26.67,14:57:00,0
STU02525,EEE,2026-02-19,90,10:08:00,11:12:00,1,0,0,12.37,23.19,7.53,0,0,0,1,36.88,0,0,0,36.53,11:10:00,0
STU02526,ECE,2026-02-16,90,14:08:00,15:00:00,1,0,0,16.5,8.23,7.72,0,1,0,1,10.8,0,0,0,35.39,15:00:00,0
STU02527,CIVIL,2026-02-04,120,09:10:00,10:56:00,2,0,0,39.3,55.17,37.57,1,2,5,2,52.64,1,0,1,34.48,10:53:00,1
STU02528,DS,2026-01-13,60,14:02:00,14:58:00,3,1,1,61.48,54.86,67.81,3,1,9,3,80.34,0,1,0,55.42,14:55:00,1
STU02529,AIML,2026-03-28,90,14:08:00,15:36:00,5,1,0,60.35,56.54,54.93,4,5,6,1,68.15,2,1,2,87.91,15:35:00,1
STU02530,ECE,2026-02-13,120,14:03:00,15:05:00,1,0,0,11.95,33.69,32.42,0,1,0,1,34.78,0,0,0,38.24,15:02:00,0
STU02531,ECE,2026-02-26,60,09:00:00,09:40:00,0,0,0,19.74,24.02,16.87,0,0,1,1,14.84,0,0,0,68.14,09:37:00,0
STU02532,CIVIL,2026-03-26,90,09:10:00,10:40:00,0,0,0,24.59,34.07,6.51,0,0,0,1,6.41,0,0,0,35.9,10:39:00,0
STU02533,IT,2026-01-24,60,09:07:00,09:41:00,5,0,0,40.3,51.82,64.19,1,1,10,2,82.5,1,2,0,77.12,09:39:00,1
STU02534,CSE,2026-03-16,120,09:08:00,09:45:00,0,0,0,7.41,20.11,29.55,0,1,0,1,10.27,0,0,0,26.36,09:42:00,0
STU02535,CSE,2026-02-22,120,09:02:00,10:13:00,0,0,1,5.01,17.35,6.4,0,0,0,1,12.94,0,0,0,64.65,10:13:00,0
STU02536,AIML,2026-03-20,60,14:05:00,14:58:00,1,1,1,9.1,31.93,26.33,0,1,0,0,12.61,0,0,0,32.9,14:57:00,0
STU02537,EEE,2026-02-21,120,10:07:00,10:42:00,0,1,1,10.7,15.22,29.78,0,0,0,1,28.67,0,0,0,60.63,10:42:00,0
STU02538,MECH,2026-03-29,60,14:09:00,14:58:00,1,0,1,24.32,12.21,12.32,0,0,1,0,23.35,0,0,0,56.35,14:55:00,0
STU02539,EEE,2026-02-18,90,09:10:00,10:24:00,1,0,1,5.36,13.37,15.32,0,1,1,1,20.51,0,0,0,49.75,10:22:00,0
STU02540,CSE,2026-03-09,60,14:08:00,14:57:00,3,0,1,45.67,26.23,26.26,0,0,3,1,44.69,1,1,1,81.0,14:54:00,1
STU02541,MECH,2026-01-23,120,10:05:00,11:46:00,3,0,0,32.95,39.74,37.07,1,2,4,0,42.76,0,1,0,38.86,11:44:00,1
STU02542,EEE,2026-03-07,60,10:03:00,10:59:00,6,1,0,66.69,54.83,72.43,3,5,7,2,72.42,1,2,0,55.97,10:57:00,1
STU02543,CIVIL,2026-03-01,120,09:08:00,10:01:00,5,1,0,58.94,50.51,75.45,3,5,7,1,79.95,0,2,2,80.49,09:59:00,1
STU02544,CIVIL,2026-02-14,120,10:03:00,11:30:00,7,1,1,45.05,52.66,72.42,3,3,6,1,83.18,0,1,1,73.34,11:28:00,1
STU02545,CSE,2026-02-27,90,09:09:00,09:53:00,0,0,0,24.71,14.9,30.83,0,0,0,1,40.2,0,0,0,29.1,09:51:00,0
STU02546,EEE,2026-02-05,60,10:04:00,10:48:00,1,0,0,16.26,16.29,13.07,0,1,2,1,10.61,0,0,0,52.84,10:46:00,0
STU02547,ECE,2026-01-26,90,14:09:00,14:55:00,6,0,1,44.27,62.48,77.55,2,1,5,4,69.03,1,0,0,67.08,14:53:00,1
STU02548,ECE,2026-03-18,90,10:07:00,11:25:00,1,0,0,14.04,8.62,22.89,0,1,2,1,23.38,0,0,0,38.79,11:22:00,0
STU02549,DS,2026-03-25,120,14:08:00,15:10:00,1,0,0,19.35,34.17,23.87,0,1,0,1,21.7,0,0,0,43.22,15:09:00,0
STU02550,CSE,2026-03-29,60,09:06:00,09:56:00,0,0,0,27.21,15.89,15.14,0,1,0,0,29.95,0,0,0,44.1,09:55:00,0
STU02551,DS,2026-02-06,90,09:09:00,10:34:00,3,1,1,65.08,54.06,56.96,4,3,6,3,66.18,1,0,2,80.29,10:33:00,1
STU02552,ECE,2026-01-01,60,09:01:00,09:55:00,0,1,0,5.78,9.98,29.5,0,1,0,0,36.7,0,0,0,33.96,09:55:00,0
STU02553,CIVIL,2026-03-28,90,14:00:00,15:01:00,0,0,0,14.82,19.57,5.51,0,1,0,1,14.98,0,0,0,54.37,15:01:00,0
STU02554,DS,2026-02-20,90,10:01:00,10:53:00,2,0,1,46.05,56.05,39.28,0,0,5,1,58.72,1,1,1,18.59,10:52:00,1
STU02555,MECH,2026-01-16,120,09:05:00,09:43:00,1,0,0,26.94,11.53,18.83,0,0,1,0,13.88,0,0,0,53.91,09:41:00,0
STU02556,CIVIL,2026-03-06,90,10:00:00,11:04:00,1,1,0,43.85,44.86,48.98,1,2,2,2,44.59,1,0,0,37.07,11:01:00,1
STU02557,ECE,2026-02-26,120,09:10:00,10:29:00,5,1,0,64.23,77.5,77.02,3,1,7,3,75.03,0,0,2,93.58,10:29:00,1
STU02558,CIVIL,2026-02-09,90,14:05:00,15:22:00,1,0,1,27.94,26.5,17.44,0,0,2,1,19.7,0,0,0,59.29,15:20:00,0
STU02559,AIML,2026-01-26,90,09:02:00,10:31:00,0,0,0,22.87,20.7,7.88,0,0,0,1,36.36,0,0,0,63.94,10:31:00,0
STU02560,CIVIL,2026-02-12,90,14:05:00,14:58:00,0,0,1,6.62,17.6,13.47,0,1,2,0,37.71,0,0,0,34.28,14:56:00,0
STU02561,CSE,2026-03-01,90,09:09:00,10:14:00,6,0,0,52.04,70.74,71.95,1,2,8,2,72.29,0,1,2,64.79,10:13:00,1
STU02562,CSE,2026-03-14,60,10:04:00,10:56:00,0,0,0,5.53,27.58,27.96,0,1,0,1,33.91,0,0,0,65.71,10:54:00,0
STU02563,IT,2026-02-21,90,10:01:00,11:12:00,4,1,1,60.69,53.66,64.48,1,4,5,1,70.55,2,0,1,52.14,11:11:00,1
STU02564,MECH,2026-03-25,90,09:04:00,09:42:00,7,1,1,70.4,59.9,72.8,1,4,7,1,69.05,0,0,0,25.33,09:41:00,1
STU02565,CSE,2026-01-26,60,09:04:00,09:50:00,1,0,0,20.34,54.42,31.42,1,1,5,2,63.82,1,1,0,79.93,09:47:00,1
STU02566,CIVIL,2026-01-15,120,09:00:00,09:50:00,1,0,1,27.1,9.68,18.6,0,0,2,1,22.13,0,0,0,62.33,09:49:00,0
STU02567,MECH,2026-02-04,60,09:07:00,09:58:00,0,1,1,15.07,32.68,11.88,0,1,1,1,13.76,0,0,0,29.99,09:56:00,0
STU02568,AIML,2026-02-12,60,10:00:00,10:43:00,1,1,0,13.56,34.63,23.5,0,0,1,0,38.6,0,0,0,41.86,10:41:00,0
STU02569,CSE,2026-03-23,60,09:07:00,10:09:00,3,0,0,31.37,32.2,36.23,1,0,1,1,52.8,1,0,0,76.67,10:07:00,0
STU02570,MECH,2026-01-26,60,14:05:00,15:05:00,1,1,0,6.54,20.7,7.07,0,0,0,0,28.22,0,0,0,57.98,15:02:00,0
STU02571,DS,2026-03-19,120,09:10:00,10:26:00,0,1,0,16.3,34.37,27.4,0,1,2,0,23.36,0,0,0,67.66,10:24:00,0
STU02572,MECH,2026-01-12,60,10:08:00,10:59:00,1,0,0,39.46,48.0,49.29,1,2,4,0,39.16,0,0,1,84.54,10:56:00,1
STU02573,DS,2026-01-17,90,14:00:00,14:34:00,0,0,0,8.15,28.8,28.75,0,0,0,1,30.15,0,0,0,26.31,14:34:00,0
STU02574,ECE,2026-02-18,60,14:04:00,14:42:00,3,0,0,25.79,48.41,38.32,1,0,4,0,53.77,0,0,0,19.01,14:41:00,0
STU02575,CIVIL,2026-03-22,120,10:08:00,11:32:00,1,0,0,12.16,25.06,13.06,0,1,1,0,10.48,0,0,0,27.82,11:31:00,0
STU02576,AIML,2026-01-29,60,10:01:00,11:00:00,1,0,0,25.25,32.45,17.51,0,1,0,1,28.57,0,0,0,61.74,11:00:00,0
STU02577,MECH,2026-02-14,60,10:05:00,10:57:00,0,0,1,26.61,17.53,12.92,0,0,1,0,43.18,0,0,0,40.42,10:57:00,0
STU02578,IT,2026-03-18,90,10:08:00,10:58:00,13,1,1,74.05,99.1,77.3,4,9,16,6,83.39,1,2,5,100.02,10:56:00,1
STU02579,CSE,2026-02-28,90,09:10:00,09:49:00,3,1,1,51.88,79.26,61.89,2,4,8,3,69.29,2,2,1,81.07,09:49:00,1
STU02580,IT,2026-02-08,90,09:01:00,09:41:00,2,0,1,41.14,48.65,35.63,1,1,1,0,58.05,0,0,1,59.35,09:41:00,1
STU02581,MECH,2026-03-28,60,14:04:00,14:57:00,13,1,1,89.72,92.14,88.54,9,5,21,5,82.76,3,3,5,107.94,14:57:00,1
STU02582,IT,2026-01-27,60,10:09:00,11:09:00,2,0,0,36.01,38.9,40.63,0,2,3,2,52.95,0,0,0,34.72,11:09:00,0
STU02583,ECE,2026-03-24,120,09:00:00,10:06:00,1,0,0,40.32,51.54,54.87,0,2,4,2,35.4,1,1,0,40.66,10:03:00,1
STU02584,MECH,2026-02-16,60,14:05:00,15:04:00,3,0,0,47.24,41.03,28.77,1,2,5,2,51.06,0,0,1,52.29,15:04:00,1
STU02585,DS,2026-01-27,60,14:02:00,14:58:00,1,0,0,39.34,47.94,51.02,0,1,4,0,51.27,1,1,0,29.14,14:56:00,1
STU02586,CIVIL,2026-01-03,90,10:06:00,11:23:00,3,0,0,43.61,25.21,53.08,0,2,1,0,55.75,1,0,0,50.93,11:21:00,1
STU02587,MECH,2026-02-12,90,10:08:00,11:15:00,1,0,0,21.55,5.94,14.37,0,0,1,1,34.23,0,0,0,51.58,11:12:00,0
STU02588,EEE,2026-03-13,60,09:09:00,09:59:00,0,0,1,8.87,16.55,33.0,0,0,1,1,9.3,0,0,0,29.98,09:59:00,0
STU02589,EEE,2026-03-06,120,14:07:00,14:48:00,0,0,0,16.48,24.57,23.18,0,1,2,1,8.89,0,0,0,29.65,14:46:00,0
STU02590,CSE,2026-03-21,120,14:02:00,14:36:00,0,1,0,28.32,18.05,25.06,0,0,0,1,36.5,0,0,0,32.77,14:36:00,0
STU02591,MECH,2026-02-05,60,10:00:00,10:44:00,4,1,0,47.2,63.05,67.12,2,4,6,4,61.71,1,2,0,55.62,10:44:00,1
STU02592,AIML,2026-03-28,60,09:08:00,10:09:00,0,0,1,11.27,15.29,6.2,0,1,2,0,33.97,0,0,0,42.52,10:06:00,0
STU02593,ECE,2026-03-18,120,09:08:00,09:51:00,1,0,0,34.34,26.7,46.45,0,1,1,2,42.84,0,0,0,36.91,09:48:00,0
STU02594,CIVIL,2026-01-26,90,14:00:00,14:34:00,0,0,0,8.59,15.3,30.96,0,0,1,1,26.37,0,0,0,35.98,14:34:00,0
STU02595,IT,2026-02-03,60,14:08:00,14:53:00,3,1,0,41.71,53.88,42.24,0,1,5,0,39.0,1,0,1,30.51,14:50:00,1
STU02596,EEE,2026-01-21,60,09:05:00,09:38:00,7,0,1,57.05,79.07,77.75,2,1,6,3,83.83,1,0,2,29.61,09:38:00,1
STU02597,ECE,2026-02-24,120,14:00:00,14:51:00,6,1,1,69.63,57.43,77.56,1,1,6,1,81.21,0,1,0,49.62,14:50:00,1
STU02598,ECE,2026-03-20,60,14:10:00,14:58:00,13,1,1,76.73,88.92,83.0,7,7,12,7,80.89,5,1,2,49.25,14:57:00,1
STU02599,ECE,2026-01-12,60,10:05:00,10:48:00,3,0,0,29.02,28.62,40.28,1,1,2,0,49.4,0,0,0,72.64,10:48:00,0
STU02600,MECH,2026-01-19,60,09:09:00,10:02:00,1,0,1,7.45,25.85,8.31,0,0,1,1,39.69,0,0,0,41.35,10:01:00,0
STU02601,EEE,2026-02-12,120,09:03:00,09:40:00,3,0,0,36.37,33.93,28.96,0,1,3,2,55.91,0,0,1,33.22,09:39:00,1
STU02602,AIML,2026-03-14,60,09:09:00,10:00:00,6,1,1,52.5,60.96,62.1,2,5,8,1,67.73,1,0,0,99.68,09:59:00,1
STU02603,DS,2026-03-20,60,09:05:00,09:38:00,1,0,1,30.34,28.07,53.2,0,2,3,2,46.41,1,0,1,72.06,09:36:00,1
STU02604,CIVIL,2026-01-24,120,10:00:00,11:59:00,1,0,0,14.96,13.59,30.77,0,1,2,1,6.74,0,0,0,39.02,11:59:00,0
STU02605,CSE,2026-01-24,120,09:02:00,10:27:00,3,0,0,47.11,54.61,42.87,1,2,3,2,44.4,1,1,1,24.38,10:26:00,1
STU02606,ECE,2026-02-27,90,10:09:00,11:35:00,0,0,0,11.14,21.64,13.74,0,1,0,0,20.22,0,0,0,69.61,11:34:00,0
STU02607,EEE,2026-01-14,90,10:01:00,10:40:00,3,0,1,20.27,42.73,53.06,0,0,5,0,56.48,0,0,1,34.83,10:37:00,1
STU02608,ECE,2026-03-16,90,10:08:00,11:34:00,3,0,0,43.83,29.96,53.23,1,0,5,2,51.6,1,1,1,67.76,11:31:00,1
STU02609,IT,2026-01-23,60,14:04:00,14:53:00,3,1,1,61.34,77.94,72.58,1,2,4,1,64.92,0,2,1,44.4,14:51:00,1
STU02610,ECE,2026-01-22,60,09:06:00,10:08:00,1,0,0,12.49,13.68,25.67,0,1,2,1,30.31,0,0,0,64.21,10:06:00,0
STU02611,IT,2026-02-22,120,14:02:00,15:17:00,0,0,0,22.87,13.35,20.04,0,1,0,1,33.25,0,0,0,45.7,15:15:00,0
STU02612,AIML,2026-02-28,90,10:09:00,10:42:00,0,0,0,26.76,16.72,11.43,0,0,1,1,36.45,0,0,0,29.23,10:39:00,0
STU02613,CIVIL,2026-02-21,120,10:10:00,11:15:00,1,1,0,7.48,6.21,5.34,0,0,0,0,29.42,0,0,0,59.06,11:14:00,0
STU02614,AIML,2026-03-02,120,10:06:00,10:58:00,1,0,0,5.73,10.61,12.37,0,0,1,0,25.66,0,0,0,59.55,10:55:00,0
STU02615,EEE,2026-01-23,60,09:09:00,09:45:00,0,0,0,10.23,34.01,18.06,0,0,1,1,17.3,0,0,0,57.08,09:42:00,0
STU02616,EEE,2026-01-05,90,09:01:00,09:37:00,11,0,1,71.0,82.91,84.66,4,9,10,6,85.08,1,2,1,55.85,09:35:00,1
STU02617,DS,2026-02-28,120,14:10:00,15:10:00,1,1,1,27.59,32.6,29.69,0,1,0,1,10.93,0,0,0,49.04,15:07:00,1
STU02618,MECH,2026-03-22,90,14:06:00,14:46:00,0,1,0,27.82,21.39,9.72,0,1,2,1,29.51,0,0,0,25.62,14:45:00,0
STU02619,EEE,2026-02-04,90,10:03:00,11:01:00,1,0,1,12.13,31.87,32.31,0,0,1,1,44.08,0,0,0,32.97,10:59:00,0
STU02620,DS,2026-01-17,60,10:07:00,11:04:00,0,0,1,5.09,20.3,34.14,0,0,1,1,39.28,0,0,0,51.62,11:02:00,0
STU02621,DS,2026-02-26,120,10:10:00,12:05:00,1,0,0,25.99,26.18,6.64,0,1,2,0,32.38,0,0,0,39.37,12:04:00,0
STU02622,EEE,2026-03-17,90,14:06:00,14:46:00,1,0,0,21.15,28.11,37.18,0,0,3,2,59.2,1,1,1,67.68,14:44:00,1
STU02623,CIVIL,2026-01-07,60,14:06:00,14:52:00,2,1,1,44.08,41.13,40.61,0,2,2,0,35.01,1,0,0,56.15,14:50:00,1
STU02624,DS,2026-01-11,120,10:08:00,11:59:00,7,1,1,54.57,74.12,51.86,1,3,5,1,67.82,0,2,0,69.82,11:57:00,1
STU02625,MECH,2026-01-07,60,14:06:00,14:49:00,2,0,0,27.46,44.5,40.98,0,1,3,0,47.01,1,1,1,47.65,14:48:00,1
STU02626,DS,2026-01-14,90,14:09:00,15:31:00,0,0,0,29.69,20.97,8.75,0,1,0,0,44.86,0,0,0,35.62,15:31:00,0
STU02627,MECH,2026-02-10,90,09:09:00,10:16:00,15,1,1,76.46,79.64,90.77,8,9,21,4,89.68,3,4,3,61.16,10:13:00,1
STU02628,DS,2026-02-22,90,09:07:00,10:25:00,1,0,0,18.82,19.74,24.92,0,1,1,1,15.45,0,0,0,65.55,10:22:00,0
STU02629,IT,2026-03-11,120,14:05:00,15:05:00,6,1,0,43.52,69.14,60.23,2,1,8,1,78.53,0,2,1,36.25,15:03:00,1
STU02630,DS,2026-02-17,60,10:06:00,10:51:00,0,0,0,14.31,26.85,32.45,0,1,0,1,20.68,0,0,0,59.25,10:51:00,0
STU02631,MECH,2026-03-23,90,09:04:00,09:40:00,17,0,0,82.12,90.97,90.3,7,10,14,6,97.04,2,4,1,57.62,09:40:00,1
STU02632,IT,2026-02-03,60,10:02:00,10:55:00,1,1,0,29.41,30.42,13.79,0,1,0,1,44.07,0,0,0,25.13,10:52:00,0
STU02633,CIVIL,2026-01-19,120,14:09:00,16:09:00,1,0,0,21.81,29.66,9.15,0,0,0,0,19.1,0,0,0,39.39,16:06:00,0
STU02634,CSE,2026-03-29,60,09:01:00,09:37:00,17,1,1,68.92,82.84,93.52,5,10,25,2,89.19,4,3,4,55.84,09:34:00,1
STU02635,EEE,2026-02-28,60,09:01:00,09:43:00,1,0,0,13.57,32.12,31.97,0,0,1,1,24.32,0,0,0,49.98,09:43:00,0
STU02636,CSE,2026-03-01,90,09:01:00,09:47:00,7,0,1,83.72,79.2,98.53,5,10,22,2,97.04,4,1,3,94.97,09:47:00,1
STU02637,IT,2026-01-01,120,10:00:00,10:51:00,3,1,0,48.24,68.91,67.91,3,4,6,2,80.92,1,0,0,63.13,10:51:00,1
STU02638,DS,2026-03-19,120,14:08:00,14:42:00,3,0,1,20.7,54.9,31.87,1,0,1,0,39.2,0,1,1,35.49,14:42:00,1
STU02639,AIML,2026-01-28,60,10:04:00,10:42:00,0,0,0,18.08,29.87,29.1,0,1,1,1,15.51,0,0,0,48.13,10:41:00,0
STU02640,IT,2026-03-31,60,10:05:00,10:55:00,1,0,0,13.9,5.44,19.83,0,0,2,0,36.02,0,0,0,59.12,10:53:00,0
STU02641,CIVIL,2026-01-28,120,10:04:00,11:53:00,0,0,0,13.53,11.17,13.76,0,0,2,0,43.1,0,0,0,26.45,11:52:00,0
STU02642,ECE,2026-01-06,90,14:03:00,15:01:00,4,1,1,58.19,69.73,72.21,2,1,5,2,65.29,2,2,2,60.92,14:59:00,1
STU02643,EEE,2026-03-21,90,10:06:00,11:17:00,0,0,1,22.23,13.45,17.96,0,0,1,0,23.03,0,0,0,40.8,11:14:00,0
STU02644,MECH,2026-01-16,90,09:06:00,09:54:00,3,0,0,21.05,31.2,54.04,0,0,3,1,58.15,0,0,1,75.15,09:54:00,0
STU02645,CIVIL,2026-02-13,90,14:10:00,14:47:00,1,1,0,46.84,49.63,42.76,0,0,2,1,43.99,1,0,1,27.2,14:45:00,1
STU02646,CIVIL,2026-01-24,120,14:05:00,15:01:00,1,0,1,18.54,9.35,14.27,0,1,1,1,25.27,0,0,0,63.25,14:59:00,0
STU02647,ECE,2026-01-04,60,14:06:00,14:39:00,1,0,0,5.99,14.43,6.79,0,1,1,0,12.07,0,0,0,56.03,14:37:00,0
STU02648,ECE,2026-01-25,60,14:00:00,14:53:00,1,0,1,39.65,26.35,44.49,0,2,3,0,55.82,0,0,0,69.84,14:53:00,1
STU02649,MECH,2026-02-05,120,09:03:00,10:31:00,3,0,1,36.12,41.61,25.98,0,2,5,2,61.54,1,0,1,54.49,10:30:00,1
STU02650,CSE,2026-01-10,90,14:05:00,15:04:00,0,1,1,16.46,12.74,16.17,0,0,0,0,19.69,0,0,0,59.98,15:02:00,0
STU02651,CSE,2026-02-15,120,14:04:00,16:00:00,2,0,1,35.21,57.03,45.19,0,1,4,1,55.17,0,0,1,40.19,15:57:00,1
STU02652,AIML,2026-03-26,120,09:06:00,09:46:00,0,0,0,5.45,9.01,30.42,0,0,2,1,17.2,0,0,0,31.68,09:45:00,0
STU02653,AIML,2026-01-28,120,09:01:00,09:34:00,0,0,0,24.1,10.76,29.22,0,0,0,0,8.07,0,0,0,58.42,09:33:00,0
STU02654,CIVIL,2026-03-31,90,09:07:00,09:42:00,1,1,1,7.1,16.81,13.12,0,1,2,1,14.09,0,0,0,47.71,09:40:00,0
STU02655,EEE,2026-02-16,60,10:08:00,10:48:00,2,0,0,30.54,41.27,35.12,0,0,4,0,42.53,1,1,0,24.47,10:48:00,0
STU02656,IT,2026-01-26,120,09:08:00,09:47:00,0,0,0,22.38,11.59,12.13,0,1,0,1,22.56,0,0,0,31.23,09:46:00,0
STU02657,ECE,2026-01-20,120,09:02:00,09:35:00,5,0,1,55.9,76.41,66.65,2,5,8,1,68.06,2,2,2,56.13,09:35:00,1
STU02658,EEE,2026-03-14,90,09:03:00,10:36:00,6,1,0,43.06,64.14,68.33,1,2,4,3,62.04,2,1,0,58.78,10:33:00,1
STU02659,MECH,2026-01-28,60,14:04:00,14:52:00,2,0,1,31.1,50.77,44.12,1,1,1,2,36.36,0,0,0,83.11,14:52:00,1
STU02660,AIML,2026-02-23,120,10:07:00,11:20:00,13,1,1,69.47,85.5,80.34,3,4,22,8,92.85,5,2,3,8.0,11:19:00,1
STU02661,EEE,2026-03-31,90,09:10:00,10:37:00,2,0,1,35.67,27.47,43.48,1,2,4,0,39.81,0,0,0,64.32,10:34:00,1
STU02662,CIVIL,2026-03-31,60,10:06:00,10:48:00,0,0,0,15.67,25.62,32.84,0,1,2,1,26.33,0,0,0,32.05,10:46:00,0
STU02663,CIVIL,2026-03-26,120,10:01:00,11:44:00,0,0,0,7.76,7.83,14.42,0,0,1,0,24.85,0,0,0,42.67,11:41:00,0
STU02664,AIML,2026-02-14,120,09:05:00,09:49:00,1,1,0,16.24,26.26,14.38,0,0,1,1,11.64,0,0,0,64.79,09:49:00,0
STU02665,AIML,2026-03-18,120,10:07:00,10:54:00,14,0,1,80.1,91.92,95.87,6,5,11,6,96.27,2,5,1,102.32,10:53:00,1
STU02666,IT,2026-03-09,60,09:06:00,10:05:00,1,1,0,28.95,55.28,25.2,1,2,5,0,35.13,0,0,1,24.46,10:04:00,1
STU02667,CSE,2026-02-08,60,09:01:00,09:35:00,1,0,0,6.15,23.57,7.67,0,1,0,0,26.36,0,0,0,60.1,09:33:00,0
STU02668,ECE,2026-02-10,120,09:06:00,10:45:00,1,0,0,29.27,19.65,32.91,0,1,2,0,5.67,0,0,0,41.04,10:42:00,0
STU02669,DS,2026-02-07,60,10:02:00,10:48:00,0,0,0,21.59,33.17,32.91,0,0,1,1,38.46,0,0,0,32.93,10:45:00,0
STU02670,AIML,2026-01-23,90,09:08:00,09:44:00,0,0,0,23.4,34.83,25.39,0,1,2,1,24.9,0,0,0,50.75,09:42:00,0
STU02671,AIML,2026-03-30,90,10:07:00,11:26:00,1,0,0,47.75,42.25,38.35,0,1,4,1,39.23,1,0,1,52.06,11:24:00,1
STU02672,IT,2026-03-24,60,10:01:00,10:38:00,7,1,1,52.44,68.9,70.86,3,2,9,2,76.03,0,1,2,30.76,10:37:00,1
STU02673,DS,2026-01-28,90,10:07:00,11:04:00,0,0,0,9.94,14.58,22.28,0,1,1,0,17.12,0,0,0,64.53,11:04:00,0
STU02674,MECH,2026-01-25,60,10:08:00,11:09:00,3,0,0,22.53,45.72,38.59,0,1,5,1,43.82,0,0,1,78.15,11:06:00,1
STU02675,ECE,2026-02-23,60,09:03:00,09:52:00,0,0,0,12.06,14.52,15.21,0,0,0,0,43.18,0,0,0,26.89,09:50:00,0
STU02676,EEE,2026-01-20,90,10:06:00,11:02:00,3,0,0,39.94,29.32,37.81,1,2,1,0,45.36,0,0,0,70.76,11:01:00,0
STU02677,AIML,2026-01-15,90,14:07:00,14:58:00,1,0,0,23.26,46.57,48.33,0,1,4,2,49.59,0,1,1,25.24,14:57:00,1
STU02678,EEE,2026-03-18,90,10:05:00,11:36:00,3,0,0,33.4,37.78,43.76,1,1,5,0,47.74,1,1,0,54.71,11:35:00,1
STU02679,AIML,2026-03-03,60,14:09:00,14:46:00,1,0,0,21.45,19.74,15.84,0,0,2,0,44.1,0,0,0,34.04,14:43:00,0
STU02680,ECE,2026-03-16,90,10:07:00,11:10:00,1,0,0,23.5,25.75,21.0,0,0,0,0,38.4,0,0,0,52.0,11:08:00,0
STU02681,DS,2026-03-13,120,10:10:00,11:38:00,3,0,1,24.24,57.55,31.96,0,1,3,0,57.35,0,0,1,21.91,11:37:00,1
STU02682,MECH,2026-01-10,60,10:00:00,10:33:00,1,0,0,7.18,34.94,13.49,0,0,2,1,9.05,0,0,0,45.43,10:32:00,0
STU02683,CIVIL,2026-01-24,60,14:04:00,14:39:00,0,0,0,21.58,20.59,13.34,0,1,1,0,42.34,0,0,0,50.98,14:38:00,0
STU02684,MECH,2026-02-26,120,10:05:00,11:07:00,3,0,1,35.31,46.82,46.6,1,0,2,2,55.74,0,1,0,74.95,11:06:00,1
STU02685,EEE,2026-01-01,60,10:02:00,11:03:00,1,0,0,9.46,25.79,5.01,0,1,2,0,36.43,0,0,0,64.64,11:01:00,0
STU02686,CSE,2026-01-28,90,14:09:00,15:14:00,18,1,1,84.37,86.62,90.76,7,5,13,2,89.2,5,5,2,115.8,15:14:00,1
STU02687,CIVIL,2026-03-17,120,14:09:00,15:12:00,5,0,1,40.38,51.87,76.13,3,3,8,4,63.31,1,2,0,97.28,15:09:00,1
STU02688,AIML,2026-03-04,60,14:10:00,14:59:00,1,0,1,29.15,12.3,15.4,0,1,2,1,14.49,0,0,0,55.04,14:56:00,0
STU02689,ECE,2026-03-30,120,09:10:00,10:32:00,7,1,1,65.93,57.38,53.13,2,1,8,2,71.55,0,0,1,32.11,10:30:00,1
STU02690,MECH,2026-02-11,60,14:07:00,14:56:00,1,1,0,21.24,10.58,7.01,0,1,0,0,17.67,0,0,0,63.19,14:54:00,0
STU02691,MECH,2026-03-09,90,10:02:00,10:50:00,13,1,1,81.02,78.59,96.27,10,5,15,8,97.77,3,3,1,104.69,10:48:00,1
STU02692,EEE,2026-03-19,120,10:08:00,11:37:00,1,1,0,12.18,22.56,10.81,0,1,1,1,36.73,0,0,0,50.15,11:37:00,0
STU02693,CIVIL,2026-02-17,60,14:08:00,15:05:00,0,0,0,20.76,10.67,34.77,0,0,1,0,17.83,0,0,0,58.17,15:02:00,0
STU02694,CSE,2026-01-08,90,14:05:00,15:12:00,1,0,0,31.89,31.32,27.74,0,2,4,0,43.03,1,0,1,29.74,15:12:00,1
STU02695,EEE,2026-01-29,60,10:09:00,11:08:00,0,0,0,6.42,18.65,5.42,0,1,2,1,13.17,0,0,0,62.15,11:07:00,0
STU02696,EEE,2026-03-18,90,14:06:00,15:23:00,0,1,0,26.34,13.38,19.71,0,0,1,1,22.41,0,0,0,42.03,15:20:00,0
STU02697,CIVIL,2026-01-04,90,10:03:00,10:46:00,2,0,1,33.67,28.99,25.82,1,1,3,1,45.64,0,1,0,42.8,10:46:00,1
STU02698,MECH,2026-01-06,120,09:08:00,11:03:00,1,0,0,23.92,26.88,31.35,0,0,5,0,60.17,1,0,0,76.82,11:02:00,0
STU02699,CSE,2026-01-23,90,10:06:00,11:05:00,1,0,0,10.91,12.41,15.88,0,0,0,0,26.54,0,0,0,25.17,11:05:00,0
STU02700,CSE,2026-01-13,90,14:08:00,15:00:00,0,0,0,12.41,7.09,26.93,0,1,0,0,25.09,0,0,0,30.23,14:59:00,0
STU02701,IT,2026-03-25,120,10:01:00,11:48:00,1,0,0,29.13,52.82,47.48,0,1,1,1,58.73,1,0,0,30.02,11:45:00,0
STU02702,DS,2026-02-14,60,14:04:00,15:05:00,4,1,0,70.99,71.35,66.39,2,2,6,4,60.59,0,2,2,82.37,15:03:00,1
STU02703,ECE,2026-01-18,120,14:00:00,15:33:00,6,0,0,60.66,52.39,72.15,4,5,7,4,65.27,2,0,0,32.77,15:33:00,1
STU02704,AIML,2026-01-20,60,14:00:00,14:49:00,3,0,0,34.64,47.91,37.01,1,2,1,2,59.75,0,1,1,63.79,14:46:00,1
STU02705,CSE,2026-02-07,90,09:03:00,09:57:00,0,1,0,21.31,31.6,9.66,0,1,1,1,13.62,0,0,0,34.0,09:55:00,0
STU02706,IT,2026-02-01,90,14:01:00,14:41:00,3,1,0,33.83,55.93,35.78,1,1,4,0,61.74,0,1,1,54.9,14:38:00,1
STU02707,MECH,2026-03-31,60,09:06:00,09:54:00,1,1,0,22.48,39.77,25.65,1,2,2,0,49.94,1,1,0,70.06,09:52:00,1
STU02708,CIVIL,2026-01-22,60,09:00:00,09:54:00,0,0,1,7.23,20.3,20.56,0,0,0,0,38.45,0,0,0,36.48,09:51:00,0
STU02709,CSE,2026-02-12,90,10:01:00,11:32:00,1,0,0,21.94,6.95,31.24,0,1,0,0,35.52,0,0,0,58.67,11:31:00,0
STU02710,EEE,2026-04-01,60,09:09:00,10:08:00,1,0,0,40.55,49.82,28.59,1,2,2,2,42.17,1,1,0,24.09,10:06:00,1
STU02711,AIML,2026-01-04,60,10:10:00,10:42:00,1,0,0,45.21,43.08,53.38,1,1,2,1,57.72,1,0,1,62.99,10:42:00,1
STU02712,EEE,2026-02-16,60,10:08:00,10:46:00,7,1,1,40.95,78.38,65.8,1,1,8,2,66.14,2,2,1,57.37,10:45:00,1
STU02713,CIVIL,2026-01-04,60,14:04:00,14:57:00,8,1,0,66.31,75.0,83.75,7,9,23,3,88.99,1,2,5,111.48,14:57:00,1
STU02714,DS,2026-03-05,60,14:04:00,14:41:00,0,1,1,26.13,30.13,9.09,0,0,0,0,15.46,0,0,0,65.05,14:40:00,0
STU02715,DS,2026-01-01,60,09:04:00,09:54:00,0,0,0,6.21,24.63,25.96,0,1,0,1,17.01,0,0,0,50.3,09:54:00,0
STU02716,ECE,2026-01-13,90,09:04:00,10:25:00,1,0,0,19.19,26.83,23.32,0,1,2,0,16.2,0,0,0,62.55,10:22:00,0
STU02717,IT,2026-01-20,60,10:01:00,10:42:00,0,0,0,18.41,16.08,10.96,0,0,2,0,14.85,0,0,0,64.65,10:40:00,0
STU02718,ECE,2026-03-05,60,14:01:00,14:53:00,18,1,1,80.54,85.36,91.88,4,10,20,3,94.88,5,2,1,58.7,14:53:00,1
STU02719,IT,2026-03-30,90,10:08:00,10:52:00,0,1,0,18.49,8.0,7.52,0,1,0,1,35.72,0,0,0,43.06,10:52:00,0
STU02720,ECE,2026-01-20,60,14:00:00,14:52:00,0,0,0,20.67,18.91,34.65,0,0,0,1,24.27,0,0,0,50.7,14:51:00,0
STU02721,IT,2026-01-08,60,10:04:00,10:50:00,2,0,0,21.75,28.92,51.06,0,1,4,2,63.22,0,0,0,55.36,10:48:00,0
STU02722,IT,2026-03-31,60,14:05:00,14:39:00,3,0,0,37.61,53.8,48.65,1,1,2,2,58.52,1,1,0,18.01,14:39:00,1
STU02723,MECH,2026-03-12,60,09:05:00,09:58:00,4,1,1,66.95,74.24,52.37,1,1,4,2,70.79,2,2,0,105.04,09:57:00,1
STU02724,ECE,2026-03-03,120,14:01:00,14:57:00,1,0,0,11.03,29.46,34.0,0,1,0,0,25.36,0,0,0,37.61,14:55:00,0
STU02725,CSE,2026-03-02,60,09:06:00,09:56:00,1,0,0,14.26,22.63,24.33,0,1,2,1,6.32,0,0,0,34.23,09:53:00,0
STU02726,MECH,2026-02-20,120,09:09:00,10:04:00,9,1,1,94.42,77.58,78.74,3,12,9,6,93.86,3,1,4,50.03,10:01:00,1
STU02727,CIVIL,2026-03-12,120,09:04:00,10:15:00,1,0,0,27.87,10.24,32.76,0,1,2,1,19.14,0,0,0,26.15,10:14:00,0
STU02728,CIVIL,2026-02-14,90,10:02:00,11:07:00,1,0,0,12.09,18.24,33.68,0,1,0,1,9.82,0,0,0,45.11,11:05:00,0
STU02729,IT,2026-02-03,60,09:02:00,10:02:00,0,1,1,6.23,30.86,26.95,0,1,2,1,22.41,0,0,0,58.23,10:02:00,1
STU02730,CIVIL,2026-02-17,120,14:02:00,14:49:00,1,1,1,17.6,10.55,9.6,0,0,1,0,26.95,0,0,0,56.74,14:46:00,0
STU02731,DS,2026-01-08,120,10:01:00,11:15:00,1,0,0,27.09,29.44,7.78,0,0,1,0,38.63,0,0,0,55.38,11:15:00,0
STU02732,MECH,2026-02-03,60,09:03:00,09:57:00,4,1,1,43.84,50.09,75.48,3,1,4,3,67.86,2,2,1,57.16,09:54:00,1
STU02733,ECE,2026-01-24,120,09:08:00,10:47:00,1,0,0,12.4,25.53,16.33,0,1,0,0,13.77,0,0,0,26.86,10:46:00,0
STU02734,IT,2026-03-27,120,09:06:00,10:14:00,0,0,0,26.3,12.89,14.98,0,0,1,0,38.87,0,0,0,59.23,10:14:00,0
STU02735,EEE,2026-03-07,120,09:03:00,10:46:00,3,0,0,32.96,40.08,38.03,1,0,3,1,59.43,1,1,1,40.07,10:43:00,1
STU02736,CSE,2026-01-29,90,09:03:00,10:29:00,1,0,0,12.98,17.64,33.34,0,1,1,0,7.54,0,0,0,63.64,10:26:00,0
STU02737,IT,2026-01-24,90,10:07:00,11:21:00,1,0,0,12.81,23.26,28.14,0,1,2,1,40.42,0,0,0,61.57,11:21:00,0
STU02738,CSE,2026-03-16,60,09:00:00,09:55:00,1,0,1,27.81,23.94,32.04,0,0,0,1,25.25,0,0,0,59.05,09:54:00,0
STU02739,CSE,2026-02-04,120,14:09:00,15:46:00,1,0,0,9.4,31.54,34.99,0,1,1,0,17.59,0,0,0,25.63,15:44:00,0
STU02740,AIML,2026-03-19,60,14:06:00,14:55:00,1,1,0,20.5,56.47,40.74,0,1,3,2,37.0,0,1,1,50.79,14:53:00,1
STU02741,EEE,2026-02-03,90,14:01:00,15:24:00,0,0,1,10.57,6.16,13.13,0,1,2,1,18.37,0,0,0,50.82,15:24:00,0
STU02742,AIML,2026-03-26,60,14:06:00,14:55:00,1,0,0,41.2,42.72,54.1,0,2,4,2,51.99,0,1,1,57.44,14:55:00,1
STU02743,CIVIL,2026-01-09,60,09:05:00,09:56:00,1,1,0,9.11,13.43,26.05,0,0,0,1,30.68,0,0,0,65.45,09:55:00,0
STU02744,DS,2026-03-29,60,10:03:00,10:40:00,1,0,0,19.67,28.58,13.56,0,1,1,1,42.41,0,0,0,63.73,10:40:00,0
STU02745,CSE,2026-03-23,60,14:07:00,14:50:00,4,1,1,44.52,70.74,76.74,4,3,7,2,71.95,2,1,0,81.96,14:47:00,1
STU02746,CIVIL,2026-02-17,90,10:00:00,10:34:00,3,1,1,40.45,69.06,56.46,1,4,5,2,80.2,1,0,2,58.81,10:32:00,1
STU02747,EEE,2026-03-01,60,09:09:00,10:02:00,0,0,1,20.29,32.47,12.9,0,1,0,0,16.9,0,0,0,40.36,10:02:00,0
STU02748,CSE,2026-02-15,120,09:10:00,09:57:00,1,0,0,10.76,11.41,25.34,0,1,1,1,37.61,0,0,0,35.36,09:54:00,0
STU02749,CSE,2026-01-06,60,14:02:00,14:47:00,1,0,0,38.81,50.43,49.69,1,2,1,0,56.26,1,1,0,82.89,14:46:00,1
STU02750,MECH,2026-01-16,90,14:06:00,15:03:00,3,0,0,40.36,57.28,49.21,1,0,5,1,45.71,0,0,0,46.3,15:00:00,1
STU02751,MECH,2026-03-21,90,10:04:00,10:44:00,1,0,0,41.96,56.88,40.61,1,1,3,1,36.28,0,0,0,69.69,10:43:00,0
STU02752,CIVIL,2026-03-12,60,09:06:00,09:53:00,5,1,1,51.17,72.33,70.73,2,3,4,4,74.1,0,2,0,96.94,09:50:00,1
STU02753,IT,2026-03-26,120,09:01:00,09:44:00,10,1,1,93.73,81.19,87.87,4,7,21,4,97.95,4,4,1,50.64,09:44:00,1
STU02754,CSE,2026-02-20,60,10:02:00,10:44:00,1,0,0,23.89,32.43,24.77,0,0,2,0,13.59,0,0,0,65.6,10:43:00,0
STU02755,DS,2026-02-05,90,09:08:00,10:14:00,0,0,0,5.13,6.66,6.59,0,0,2,0,19.75,0,0,0,31.47,10:14:00,0
STU02756,IT,2026-03-19,90,09:02:00,09:43:00,1,0,0,20.17,14.61,21.21,0,0,0,1,7.0,0,0,0,56.26,09:40:00,0
STU02757,CSE,2026-02-03,60,14:01:00,14:46:00,0,0,0,14.4,5.65,8.18,0,1,1,0,36.24,0,0,0,43.74,14:46:00,0
STU02758,DS,2026-02-03,60,09:09:00,09:43:00,9,0,1,74.07,84.4,80.0,7,6,22,2,88.56,4,4,3,42.83,09:43:00,1
STU02759,MECH,2026-03-15,60,14:00:00,14:49:00,1,0,0,11.68,27.11,8.98,0,1,0,1,41.84,0,0,0,45.48,14:49:00,0
STU02760,ECE,2026-01-28,90,09:06:00,10:21:00,7,1,1,42.87,50.98,60.56,3,5,8,2,78.14,1,1,0,83.29,10:21:00,1
STU02761,EEE,2026-01-16,60,14:10:00,14:51:00,13,1,1,69.35,92.4,78.48,4,12,12,5,89.14,4,1,3,79.68,14:49:00,1
STU02762,CSE,2026-01-03,60,09:06:00,09:40:00,1,1,0,13.78,33.84,16.05,0,1,1,0,32.63,0,0,0,51.05,09:37:00,0
STU02763,MECH,2026-01-26,90,14:04:00,14:59:00,0,0,0,25.83,17.54,29.43,0,0,2,0,34.62,0,0,0,41.59,14:59:00,0
STU02764,IT,2026-01-26,60,10:01:00,10:51:00,1,0,1,25.57,24.38,26.45,0,0,0,0,26.91,0,0,0,45.27,10:48:00,0
STU02765,ECE,2026-01-14,90,14:03:00,15:34:00,0,0,0,21.76,21.33,33.23,0,1,1,0,12.58,0,0,0,44.3,15:31:00,0
STU02766,CSE,2026-03-11,120,09:03:00,10:47:00,10,0,1,97.23,79.81,85.09,4,12,9,5,81.59,5,2,1,102.25,10:45:00,1
STU02767,MECH,2026-03-23,60,14:05:00,14:46:00,1,0,0,19.63,26.24,17.54,0,0,1,0,27.7,0,0,0,53.77,14:44:00,0
STU02768,CSE,2026-02-15,90,14:10:00,14:49:00,2,0,0,30.26,53.81,46.35,1,0,1,0,64.27,1,1,0,81.58,14:46:00,1
STU02769,AIML,2026-01-26,120,14:08:00,16:06:00,15,1,0,94.22,91.74,75.02,10,8,8,3,90.88,2,1,1,14.67,16:03:00,1
STU02770,AIML,2026-02-09,60,10:10:00,11:08:00,5,1,1,50.55,70.22,57.57,1,3,10,3,83.41,1,1,2,31.86,11:06:00,1
STU02771,ECE,2026-01-07,90,14:00:00,15:28:00,0,0,1,11.29,34.07,30.72,0,1,2,1,12.1,0,0,0,58.31,15:26:00,0
STU02772,DS,2026-03-27,120,09:07:00,10:17:00,1,0,1,26.71,28.45,23.4,0,1,1,1,39.43,0,0,0,41.44,10:17:00,0
STU02773,IT,2026-02-06,60,09:10:00,10:01:00,0,0,0,27.61,7.42,17.47,0,0,1,1,19.65,0,0,0,33.08,09:59:00,0
STU02774,DS,2026-01-25,120,14:02:00,15:45:00,1,0,0,26.26,20.15,23.7,0,0,1,0,8.67,0,0,0,62.2,15:45:00,0
STU02775,IT,2026-03-27,60,09:09:00,09:48:00,1,0,1,17.64,32.64,18.67,0,1,2,1,19.02,0,0,0,33.63,09:47:00,0
STU02776,CSE,2026-02-02,60,10:03:00,10:38:00,0,0,0,6.26,14.25,15.05,0,1,0,1,44.24,0,0,0,35.6,10:38:00,0
STU02777,AIML,2026-03-30,90,14:10:00,14:51:00,1,0,1,21.5,52.14,41.2,0,2,3,2,42.76,0,1,0,49.2,14:51:00,1
STU02778,CSE,2026-01-26,120,10:07:00,11:04:00,0,1,1,20.9,11.82,10.54,0,1,0,1,29.33,0,0,0,66.51,11:01:00,0
STU02779,MECH,2026-03-23,120,10:09:00,12:10:00,0,0,0,22.35,34.62,21.98,0,1,0,0,31.01,0,0,0,44.12,12:07:00,0
STU02780,IT,2026-03-21,120,14:03:00,15:08:00,1,0,1,13.26,13.17,33.25,0,0,0,1,21.33,0,0,0,69.17,15:07:00,0
STU02781,MECH,2026-03-31,90,09:03:00,10:18:00,2,1,0,29.55,52.14,25.3,1,0,5,1,44.13,0,1,0,20.49,10:18:00,1
STU02782,IT,2026-03-02,60,09:07:00,09:45:00,0,1,0,24.65,17.49,16.36,0,0,1,1,44.87,0,0,0,33.13,09:43:00,0
STU02783,ECE,2026-02-20,120,14:01:00,15:48:00,0,0,1,23.79,8.35,32.87,0,0,0,0,27.78,0,0,0,54.8,15:46:00,0
STU02784,IT,2026-02-17,120,10:07:00,11:25:00,1,0,0,8.21,33.96,21.41,0,1,1,1,40.49,0,0,0,33.91,11:23:00,0
STU02785,CIVIL,2026-03-21,60,14:02:00,14:42:00,2,0,0,23.99,33.05,36.76,0,0,4,0,56.38,1,0,0,24.0,14:41:00,0
STU02786,AIML,2026-01-01,90,14:07:00,14:45:00,3,0,0,55.21,73.06,76.17,3,3,5,3,81.5,0,0,1,27.41,14:42:00,1
STU02787,MECH,2026-01-16,120,14:07:00,15:41:00,0,0,0,28.45,34.41,27.08,0,0,0,1,14.56,0,0,0,35.47,15:40:00,0
STU02788,EEE,2026-01-26,60,09:08:00,09:55:00,1,1,0,8.46,19.49,33.48,0,1,1,1,31.14,0,0,0,64.62,09:55:00,0
STU02789,AIML,2026-03-02,120,14:08:00,15:30:00,1,0,0,15.42,20.46,29.61,0,0,2,1,25.98,0,0,0,34.3,15:28:00,0
STU02790,AIML,2026-03-09,90,09:06:00,09:58:00,4,0,0,70.16,74.25,52.99,3,4,10,2,61.59,0,0,0,63.19,09:57:00,1
STU02791,CSE,2026-03-22,90,10:00:00,11:18:00,0,0,1,28.66,13.07,15.72,0,1,0,1,14.83,0,0,0,58.54,11:15:00,0
STU02792,CSE,2026-03-05,60,09:02:00,10:00:00,6,0,0,55.24,73.33,59.81,3,1,10,2,69.28,1,1,0,95.31,10:00:00,1
STU02793,AIML,2026-01-28,60,09:07:00,10:09:00,3,1,1,42.84,63.13,57.0,1,3,4,3,62.17,1,1,0,98.11,10:06:00,1
STU02794,DS,2026-03-23,90,09:02:00,10:00:00,1,0,0,32.97,57.59,37.75,0,0,1,0,52.93,0,1,1,80.47,09:58:00,0
STU02795,DS,2026-01-28,120,14:04:00,15:12:00,3,1,0,37.57,36.69,52.32,0,0,4,1,50.13,0,0,0,75.46,15:10:00,1
STU02796,AIML,2026-01-05,120,09:03:00,09:45:00,5,1,1,65.17,73.43,52.23,4,2,10,4,63.51,0,1,2,102.4,09:42:00,1
STU02797,DS,2026-02-12,120,14:02:00,15:55:00,0,0,0,19.9,15.61,16.87,0,1,1,1,25.49,0,0,0,58.83,15:54:00,0
STU02798,ECE,2026-01-29,60,14:10:00,15:01:00,1,0,0,43.26,33.08,48.02,1,0,5,0,39.16,0,0,1,32.84,15:00:00,0
STU02799,MECH,2026-03-29,60,14:02:00,14:50:00,0,1,0,14.57,13.44,22.01,0,0,0,1,14.65,0,0,0,68.59,14:50:00,0
STU02800,CIVIL,2026-01-01,120,14:05:00,15:09:00,0,0,0,17.66,9.53,32.91,0,0,2,0,44.15,0,0,0,63.9,15:07:00,0
STU02801,CSE,2026-02-01,120,14:05:00,15:02:00,12,1,1,93.39,93.28,81.01,3,7,24,3,96.49,5,2,5,38.02,14:59:00,1
STU02802,ECE,2026-03-23,60,14:00:00,15:00:00,1,0,0,23.07,25.02,27.64,1,2,4,2,62.22,1,1,1,61.48,14:59:00,1
STU02803,DS,2026-01-19,90,14:06:00,14:53:00,1,1,0,5.18,14.4,22.34,0,1,0,0,21.89,0,0,0,44.56,14:52:00,0
STU02804,EEE,2026-02-20,90,09:04:00,10:00:00,3,1,1,46.18,72.5,69.73,2,2,8,2,76.3,1,0,2,55.55,09:59:00,1
STU02805,AIML,2026-01-04,90,09:04:00,10:18:00,1,1,0,24.81,39.65,31.04,1,0,2,0,49.64,0,1,1,57.8,10:16:00,1
STU02806,ECE,2026-03-12,90,14:08:00,15:25:00,1,0,0,18.8,31.64,34.03,0,1,0,0,7.87,0,0,0,28.84,15:25:00,0
STU02807,ECE,2026-01-09,60,10:04:00,10:51:00,7,0,1,43.37,64.04,50.78,2,3,7,3,65.4,0,2,2,39.41,10:48:00,1
STU02808,EEE,2026-02-18,90,10:05:00,10:56:00,1,0,0,18.18,12.5,34.45,0,1,2,1,21.4,0,0,0,49.68,10:54:00,0
STU02809,CSE,2026-03-06,60,09:05:00,10:01:00,6,1,0,68.75,71.7,59.09,3,1,4,2,72.23,0,2,2,88.46,09:59:00,1
STU02810,EEE,2026-02-18,90,09:00:00,09:48:00,0,0,0,25.93,23.6,20.91,0,0,2,1,18.85,0,0,0,34.31,09:48:00,0
STU02811,MECH,2026-01-21,120,09:00:00,09:47:00,3,0,1,34.54,26.06,26.54,0,1,1,0,47.84,1,0,0,66.41,09:46:00,1
STU02812,IT,2026-03-28,120,14:09:00,14:57:00,1,0,0,6.8,26.69,25.3,0,1,1,1,22.82,0,0,0,35.85,14:55:00,0
STU02813,MECH,2026-01-03,60,10:05:00,10:44:00,2,0,0,44.25,26.48,45.15,0,1,5,0,60.35,1,0,0,81.94,10:44:00,1
STU02814,CIVIL,2026-01-16,60,10:04:00,11:02:00,1,0,0,22.96,25.4,32.9,0,0,2,1,23.56,0,0,0,51.91,11:02:00,0
STU02815,DS,2026-02-08,60,14:05:00,14:41:00,1,0,1,13.98,28.72,30.45,0,1,2,0,39.52,0,0,0,36.1,14:40:00,0
STU02816,AIML,2026-03-23,120,10:02:00,11:20:00,0,0,0,29.81,25.28,15.0,0,1,0,1,14.49,0,0,0,45.54,11:18:00,0
STU02817,CIVIL,2026-03-05,90,09:03:00,10:32:00,0,0,1,29.78,15.37,23.83,0,1,1,0,40.45,0,0,0,61.65,10:31:00,0
STU02818,CIVIL,2026-03-05,120,09:06:00,09:37:00,0,1,0,17.84,10.99,22.61,0,1,0,0,18.71,0,0,0,37.25,09:36:00,0
STU02819,EEE,2026-03-11,60,10:00:00,10:30:00,1,0,0,6.0,20.61,23.29,0,1,2,1,30.3,0,0,0,48.51,10:30:00,0
STU02820,AIML,2026-01-14,120,14:02:00,15:58:00,1,0,1,42.09,55.5,44.07,1,0,5,0,48.13,0,1,0,46.94,15:55:00,1
STU02821,ECE,2026-02-19,120,09:03:00,10:40:00,1,1,0,26.89,57.91,26.9,0,1,1,2,55.14,0,0,1,42.96,10:39:00,1
STU02822,IT,2026-02-21,90,14:04:00,15:09:00,0,0,0,22.42,34.67,18.7,0,0,1,1,12.84,0,0,0,30.82,15:08:00,0
STU02823,CIVIL,2026-03-03,90,10:01:00,10:45:00,2,0,0,22.52,38.93,31.0,1,1,5,2,60.71,1,1,0,29.96,10:44:00,1
STU02824,CIVIL,2026-01-26,60,14:07:00,14:44:00,0,0,0,20.2,33.06,13.56,0,1,0,1,21.78,0,0,0,56.87,14:41:00,0
STU02825,ECE,2026-03-25,60,09:01:00,10:04:00,1,0,0,7.77,19.9,11.94,0,0,2,1,5.12,0,0,0,54.54,10:01:00,0
STU02826,IT,2026-01-12,90,10:01:00,11:24:00,1,0,0,27.42,28.95,36.14,1,2,1,0,51.87,0,1,1,46.83,11:22:00,1
STU02827,AIML,2026-01-18,90,14:00:00,15:21:00,0,0,1,12.73,24.2,29.98,0,1,1,0,34.31,0,0,0,43.87,15:21:00,0
STU02828,MECH,2026-03-27,60,09:05:00,09:50:00,3,0,1,34.09,36.05,45.34,0,2,5,1,43.76,0,1,1,31.61,09:47:00,1
STU02829,EEE,2026-01-31,120,10:01:00,11:29:00,9,1,1,79.02,83.69,85.52,3,7,22,2,86.86,5,3,3,31.22,11:27:00,1
STU02830,DS,2026-02-13,60,10:10:00,10:51:00,3,0,0,33.44,45.82,30.26,1,0,2,0,38.73,1,1,1,77.32,10:49:00,1
STU02831,EEE,2026-03-24,60,09:01:00,09:55:00,0,0,0,16.86,34.97,23.09,0,1,2,1,11.76,0,0,0,60.14,09:52:00,0
STU02832,EEE,2026-01-02,120,10:02:00,11:51:00,0,0,1,8.85,11.45,16.68,0,1,1,1,27.66,0,0,0,49.51,11:49:00,0
STU02833,CSE,2026-02-27,120,10:05:00,11:57:00,3,0,0,43.14,54.18,30.8,1,2,3,2,63.39,1,0,0,41.52,11:55:00,1
STU02834,IT,2026-03-04,120,14:02:00,15:13:00,0,0,0,19.53,18.18,28.58,0,1,2,1,36.86,0,0,0,53.26,15:10:00,0
STU02835,CIVIL,2026-03-22,120,09:04:00,10:23:00,0,0,0,11.13,6.5,13.12,0,0,1,1,40.5,0,0,0,52.34,10:22:00,0
STU02836,CIVIL,2026-03-12,120,09:08:00,10:01:00,6,0,1,59.78,67.14,53.66,3,1,10,1,74.2,2,1,0,31.96,10:01:00,1
STU02837,AIML,2026-02-13,120,10:02:00,11:43:00,0,0,0,11.03,15.14,34.55,0,1,2,1,20.02,0,0,0,65.18,11:43:00,0
STU02838,MECH,2026-03-14,60,09:08:00,09:44:00,2,0,1,38.81,42.57,51.3,0,1,3,0,49.71,1,0,1,71.47,09:44:00,1
STU02839,AIML,2026-03-07,60,09:05:00,09:58:00,0,1,0,9.52,31.68,17.28,0,1,1,0,42.32,0,0,0,33.83,09:57:00,0
STU02840,CIVIL,2026-01-13,90,09:05:00,10:14:00,1,1,0,32.74,42.52,26.43,1,1,5,1,40.37,0,0,1,36.79,10:13:00,1
STU02841,IT,2026-02-27,60,09:03:00,09:58:00,1,0,0,9.77,21.28,12.86,0,1,0,0,40.1,0,0,0,45.47,09:55:00,0
STU02842,ECE,2026-03-25,90,09:02:00,10:11:00,1,1,0,26.48,35.26,51.57,0,1,5,1,55.74,0,0,0,80.56,10:11:00,1
STU02843,EEE,2026-01-02,90,10:03:00,11:06:00,1,0,1,5.75,13.34,11.61,0,1,0,1,31.99,0,0,0,53.86,11:06:00,0
STU02844,CIVIL,2026-02-09,90,14:04:00,15:27:00,1,0,1,7.93,14.54,12.24,0,1,0,1,13.17,0,0,0,68.13,15:25:00,0
STU02845,ECE,2026-01-28,60,10:00:00,10:48:00,1,0,1,6.61,22.18,26.91,0,0,2,1,21.18,0,0,0,48.89,10:45:00,0
STU02846,ECE,2026-03-16,60,14:01:00,14:58:00,0,0,0,19.23,33.51,12.36,0,0,2,1,7.25,0,0,0,59.33,14:58:00,0
STU02847,AIML,2026-02-10,120,14:02:00,14:54:00,0,1,1,22.42,9.69,23.16,0,1,0,1,39.45,0,0,0,62.91,14:51:00,1
STU02848,DS,2026-02-11,60,09:08:00,10:06:00,0,1,1,17.04,23.81,18.11,0,0,2,0,27.35,0,0,0,68.99,10:04:00,0
STU02849,ECE,2026-01-05,120,09:07:00,09:41:00,0,0,0,12.44,17.85,13.73,0,0,2,0,24.52,0,0,0,28.33,09:41:00,0
STU02850,MECH,2026-01-04,90,10:09:00,11:40:00,1,0,1,40.15,39.7,51.94,1,2,4,0,59.29,1,1,1,72.91,11:37:00,1
STU02851,IT,2026-02-08,60,09:09:00,09:46:00,0,0,0,13.2,34.72,10.67,0,1,1,0,14.94,0,0,0,61.87,09:45:00,0
STU02852,CIVIL,2026-03-14,60,09:01:00,10:00:00,0,1,0,22.14,5.64,18.22,0,1,2,1,35.22,0,0,0,57.86,09:58:00,0
STU02853,ECE,2026-02-27,120,09:08:00,10:54:00,3,0,0,45.83,51.89,42.72,1,0,5,1,64.91,1,0,0,35.67,10:54:00,1
STU02854,CSE,2026-03-16,60,10:01:00,10:46:00,1,0,0,8.41,32.64,23.1,0,0,0,1,14.16,0,0,0,67.12,10:44:00,0
STU02855,CSE,2026-02-09,60,09:06:00,10:03:00,4,1,1,62.73,68.28,68.11,3,4,4,2,64.15,0,0,1,36.14,10:03:00,1
STU02856,DS,2026-03-02,90,14:10:00,15:00:00,1,1,0,16.18,6.59,5.83,0,0,0,0,16.25,0,0,0,25.18,14:57:00,0
STU02857,AIML,2026-01-02,120,14:10:00,15:20:00,1,0,1,11.9,22.14,14.49,0,1,1,0,16.53,0,0,0,35.21,15:18:00,0
STU02858,ECE,2026-01-08,60,14:08:00,14:50:00,1,0,0,28.69,17.58,11.59,0,1,1,0,13.74,0,0,0,58.93,14:50:00,0
STU02859,DS,2026-03-10,60,10:04:00,11:05:00,1,0,0,11.53,17.36,8.09,0,1,0,1,19.56,0,0,0,54.75,11:03:00,0
STU02860,DS,2026-03-08,60,09:02:00,09:37:00,0,0,1,10.36,29.9,32.33,0,1,2,1,21.02,0,0,0,46.95,09:36:00,0
STU02861,CIVIL,2026-02-03,60,10:00:00,10:42:00,1,0,0,19.42,16.85,18.24,0,0,2,1,19.64,0,0,0,31.74,10:40:00,0
STU02862,EEE,2026-02-07,120,14:03:00,14:33:00,12,0,0,87.78,86.59,85.47,5,12,23,5,81.42,4,5,3,73.93,14:33:00,1
STU02863,ECE,2026-02-17,60,14:10:00,14:50:00,3,1,1,57.0,75.8,72.89,1,4,7,1,64.9,0,0,0,25.36,14:47:00,1
STU02864,EEE,2026-02-19,90,09:10:00,10:26:00,1,0,0,26.06,32.28,27.9,0,0,2,0,13.03,0,0,0,50.67,10:26:00,0
STU02865,ECE,2026-01-21,60,09:02:00,09:38:00,0,1,1,13.05,11.2,30.38,0,1,2,0,38.54,0,0,0,66.98,09:38:00,1
STU02866,CSE,2026-02-22,60,09:10:00,09:54:00,0,0,0,25.76,34.44,24.3,0,0,2,0,22.38,0,0,0,29.97,09:53:00,0
STU02867,DS,2026-01-16,120,09:10:00,10:51:00,10,0,1,86.3,95.39,81.85,3,6,17,7,89.65,3,2,4,95.8,10:49:00,1
STU02868,DS,2026-01-12,90,09:07:00,10:28:00,1,1,0,11.7,25.74,16.69,0,0,2,1,30.64,0,0,0,39.36,10:26:00,0
STU02869,CIVIL,2026-02-15,60,10:08:00,10:48:00,2,0,1,41.05,47.15,47.76,0,2,5,1,43.42,0,1,1,48.74,10:48:00,1
STU02870,AIML,2026-01-21,60,09:00:00,09:43:00,3,1,1,55.48,62.93,63.22,1,2,9,1,68.23,2,1,1,73.49,09:40:00,1
STU02871,ECE,2026-03-21,90,09:09:00,10:17:00,1,0,0,7.47,28.46,28.99,0,0,1,1,28.02,0,0,0,34.44,10:17:00,0
STU02872,CIVIL,2026-02-15,60,14:03:00,14:51:00,1,0,0,14.07,11.44,30.0,0,0,1,1,23.3,0,0,0,42.83,14:48:00,0
STU02873,EEE,2026-01-12,60,09:02:00,09:58:00,1,0,0,21.44,22.51,25.88,0,1,1,1,16.54,0,0,0,42.28,09:57:00,0
STU02874,EEE,2026-02-23,120,14:00:00,15:39:00,1,0,0,20.92,10.58,5.05,0,0,1,0,29.01,0,0,0,60.21,15:36:00,0
STU02875,EEE,2026-01-04,120,14:00:00,15:50:00,4,1,1,54.27,74.11,61.81,2,3,8,4,73.05,0,1,2,100.45,15:50:00,1
STU02876,CIVIL,2026-01-12,90,10:10:00,10:47:00,3,0,0,31.49,43.94,30.46,1,0,3,0,55.75,1,0,1,22.54,10:46:00,1
STU02877,MECH,2026-01-07,120,09:03:00,10:19:00,1,0,0,12.63,32.92,18.5,0,0,2,1,41.01,0,0,0,35.68,10:18:00,0
STU02878,CSE,2026-03-29,60,10:05:00,10:38:00,1,0,0,7.34,17.39,31.62,0,1,2,0,20.71,0,0,0,64.0,10:38:00,0
STU02879,AIML,2026-02-23,90,09:05:00,09:59:00,1,0,0,21.18,39.06,45.41,1,1,3,1,61.67,1,1,0,38.89,09:57:00,1
STU02880,CSE,2026-02-04,90,14:00:00,15:24:00,9,1,1,66.33,81.63,86.59,10,5,22,4,84.28,2,5,5,61.3,15:22:00,1
STU02881,ECE,2026-01-26,120,09:06:00,11:04:00,5,0,0,51.58,64.03,55.53,2,3,4,2,77.54,2,2,2,67.25,11:02:00,1
STU02882,ECE,2026-02-14,60,09:10:00,09:48:00,17,1,0,71.48,86.7,90.68,4,7,10,6,94.06,1,5,5,21.97,09:46:00,1
STU02883,ECE,2026-03-25,90,14:05:00,14:57:00,10,0,1,88.46,88.86,81.25,9,7,21,2,81.35,2,2,3,25.17,14:54:00,1
STU02884,IT,2026-03-13,90,14:04:00,15:12:00,3,1,0,38.96,28.69,48.18,1,2,4,2,53.57,0,1,0,57.34,15:12:00,1
STU02885,EEE,2026-02-15,120,10:08:00,12:09:00,1,0,0,25.14,7.03,24.29,0,1,1,0,43.66,0,0,0,56.41,12:06:00,0
STU02886,DS,2026-01-06,60,10:02:00,10:39:00,2,0,1,45.47,39.48,46.96,1,0,4,0,53.62,1,1,1,74.64,10:38:00,1
STU02887,CSE,2026-01-13,90,14:01:00,14:35:00,1,0,0,18.65,30.0,14.43,0,0,2,0,28.87,0,0,0,62.59,14:33:00,0
STU02888,MECH,2026-01-31,120,09:07:00,09:41:00,3,0,1,40.9,37.13,50.7,1,2,5,2,53.21,0,1,1,72.5,09:39:00,1
STU02889,EEE,2026-03-27,120,10:06:00,12:08:00,1,0,1,42.4,49.29,47.24,0,1,5,2,61.77,1,0,0,27.52,12:06:00,1
STU02890,AIML,2026-01-23,120,09:07:00,09:47:00,0,0,1,29.62,7.5,31.82,0,1,2,0,40.65,0,0,0,53.18,09:45:00,0
STU02891,CSE,2026-03-28,90,10:00:00,10:57:00,0,0,0,13.19,25.03,8.89,0,0,1,1,5.65,0,0,0,53.49,10:56:00,0
STU02892,CIVIL,2026-01-07,120,10:08:00,10:48:00,1,1,0,20.32,9.67,10.91,0,0,1,0,33.36,0,0,0,36.61,10:47:00,0
STU02893,EEE,2026-01-03,60,14:02:00,14:37:00,0,0,0,25.28,29.16,25.34,0,0,2,1,27.26,0,0,0,32.28,14:36:00,0
STU02894,DS,2026-02-05,60,10:05:00,11:07:00,1,0,0,10.87,23.81,18.81,0,1,2,0,25.82,0,0,0,26.71,11:05:00,0
STU02895,ECE,2026-01-10,90,09:08:00,10:20:00,7,0,1,60.61,67.36,52.45,1,3,7,1,78.65,0,0,1,35.9,10:19:00,1
STU02896,CSE,2026-01-08,60,10:01:00,11:00:00,1,0,0,46.23,54.23,25.06,0,1,1,1,63.75,1,1,0,18.31,10:59:00,1
STU02897,EEE,2026-01-19,90,10:06:00,10:51:00,1,0,0,29.03,33.76,12.27,0,1,0,0,20.51,0,0,0,40.8,10:50:00,0
STU02898,CIVIL,2026-03-03,90,09:03:00,10:03:00,1,0,0,9.29,27.89,22.66,0,1,1,0,37.48,0,0,0,25.96,10:00:00,0
STU02899,CSE,2026-02-19,90,14:06:00,14:43:00,1,0,0,12.24,32.01,21.65,0,1,0,1,31.46,0,0,0,69.07,14:43:00,0
STU02900,ECE,2026-02-21,90,09:01:00,09:34:00,4,1,0,51.8,61.22,48.44,3,5,5,3,67.64,1,1,0,106.16,09:34:00,1
STU02901,CIVIL,2026-02-28,90,10:03:00,11:27:00,1,0,0,43.21,29.3,42.41,1,0,2,2,50.84,0,1,0,73.2,11:26:00,0
STU02902,IT,2026-01-03,60,14:05:00,14:55:00,3,0,0,27.15,25.43,45.94,1,0,5,1,52.85,0,1,1,49.55,14:53:00,1
STU02903,EEE,2026-01-21,120,10:06:00,11:14:00,0,0,0,26.01,20.17,5.97,0,1,2,0,19.33,0,0,0,32.89,11:11:00,0
STU02904,MECH,2026-03-14,90,09:08:00,09:52:00,1,0,1,27.31,6.66,26.89,0,0,2,1,35.78,0,0,0,57.71,09:51:00,0
STU02905,CSE,2026-01-15,90,14:05:00,14:36:00,1,0,0,42.3,41.02,33.25,0,2,4,0,35.69,1,0,0,76.3,14:35:00,0
STU02906,CIVIL,2026-01-19,60,09:02:00,09:44:00,0,0,0,17.63,17.32,23.96,0,1,1,0,20.85,0,0,0,41.12,09:43:00,0
STU02907,AIML,2026-03-10,90,09:04:00,09:50:00,0,0,1,15.12,20.09,5.2,0,0,0,0,42.36,0,0,0,63.75,09:47:00,0
STU02908,CSE,2026-01-13,120,09:05:00,10:18:00,3,0,0,36.32,49.63,54.19,1,2,1,1,48.3,1,0,0,55.07,10:16:00,1
STU02909,CSE,2026-03-15,90,14:08:00,15:08:00,0,1,0,15.57,26.75,33.85,0,1,2,0,12.47,0,0,0,28.5,15:05:00,0
STU02910,MECH,2026-02-18,120,10:07:00,10:46:00,2,0,0,34.07,27.74,52.56,1,0,5,1,62.22,1,1,0,38.11,10:45:00,1
STU02911,AIML,2026-02-28,60,10:10:00,10:43:00,0,0,1,5.67,28.25,19.17,0,0,0,1,22.84,0,0,0,43.12,10:41:00,0
STU02912,ECE,2026-01-29,60,14:04:00,14:51:00,1,0,0,37.13,26.48,54.33,0,1,5,1,63.5,0,0,0,49.97,14:49:00,0
STU02913,AIML,2026-01-02,90,09:08:00,10:32:00,1,1,0,10.36,19.65,27.4,0,0,1,1,14.11,0,0,0,33.33,10:31:00,0
STU02914,AIML,2026-02-03,90,10:09:00,11:16:00,0,1,0,20.98,7.52,11.22,0,0,0,1,36.01,0,0,0,31.21,11:16:00,0
STU02915,AIML,2026-01-03,60,10:01:00,10:58:00,1,0,0,20.32,16.45,29.63,0,1,0,0,41.87,0,0,0,55.56,10:56:00,0
STU02916,ECE,2026-02-17,90,14:09:00,15:24:00,1,0,1,17.33,33.33,13.05,0,0,0,1,30.03,0,0,0,44.61,15:21:00,0
STU02917,EEE,2026-03-10,120,09:01:00,10:35:00,1,1,0,16.84,23.4,28.77,0,0,0,0,36.88,0,0,0,40.73,10:33:00,0
STU02918,DS,2026-03-23,120,10:06:00,12:01:00,1,1,0,22.66,13.28,9.3,0,0,2,1,24.79,0,0,0,56.95,11:59:00,0
STU02919,CIVIL,2026-02-05,120,14:00:00,15:10:00,1,0,1,24.04,19.67,5.9,0,1,1,0,9.02,0,0,0,44.94,15:09:00,0
STU02920,DS,2026-02-11,90,14:10:00,14:50:00,0,0,0,21.22,33.16,29.66,0,1,1,1,40.87,0,0,0,36.27,14:47:00,0
STU02921,DS,2026-01-03,90,09:00:00,09:49:00,12,1,0,66.86,92.02,82.82,4,10,18,7,81.68,3,4,3,94.37,09:47:00,1
STU02922,EEE,2026-01-29,120,10:08:00,11:29:00,1,0,0,27.57,8.95,6.64,0,1,2,1,38.67,0,0,0,53.58,11:29:00,0
STU02923,AIML,2026-01-14,90,10:06:00,11:38:00,1,0,0,23.98,23.92,26.16,0,1,0,0,26.91,0,0,0,62.15,11:36:00,0
STU02924,CIVIL,2026-01-26,90,10:02:00,10:38:00,1,0,0,15.05,19.03,33.13,0,1,2,1,6.07,0,0,0,58.54,10:36:00,0
STU02925,EEE,2026-01-09,60,10:09:00,10:49:00,0,0,0,9.04,7.36,26.02,0,1,2,1,8.89,0,0,0,59.61,10:46:00,0
STU02926,MECH,2026-02-15,90,14:05:00,14:44:00,1,0,1,12.36,13.83,9.32,0,1,2,0,27.88,0,0,0,51.9,14:41:00,0
STU02927,DS,2026-01-22,60,14:08:00,14:49:00,1,0,0,25.84,32.76,24.9,0,0,2,0,6.33,0,0,0,58.98,14:46:00,0
STU02928,EEE,2026-01-19,90,10:10:00,11:25:00,1,0,0,22.21,12.11,12.79,0,1,2,1,33.02,0,0,0,54.39,11:24:00,0
STU02929,EEE,2026-03-07,60,09:09:00,09:52:00,3,0,0,42.45,26.91,30.55,1,0,2,0,57.55,1,0,0,65.73,09:49:00,0
STU02930,MECH,2026-04-01,120,14:08:00,15:58:00,4,1,1,53.43,68.03,65.75,3,4,6,3,72.48,2,2,1,16.43,15:57:00,1
STU02931,CSE,2026-02-07,90,14:05:00,15:37:00,7,1,0,44.42,71.64,53.38,3,5,5,4,72.59,1,2,0,39.52,15:34:00,1
STU02932,ECE,2026-01-09,60,09:09:00,10:00:00,0,1,1,18.23,18.26,33.45,0,0,0,1,6.45,0,0,0,43.01,10:00:00,0
STU02933,AIML,2026-01-01,120,10:09:00,11:50:00,1,0,0,14.48,31.0,16.59,0,0,1,0,28.93,0,0,0,26.63,11:48:00,0
STU02934,EEE,2026-03-20,60,09:03:00,09:48:00,2,0,0,21.36,38.68,31.49,1,1,4,2,50.12,1,0,0,59.88,09:46:00,1
STU02935,DS,2026-01-04,120,09:09:00,10:15:00,1,0,0,31.74,48.51,36.62,0,0,3,1,50.58,1,0,0,69.7,10:12:00,0
STU02936,AIML,2026-02-13,90,09:03:00,10:09:00,1,0,0,47.44,26.03,51.78,0,2,4,2,35.72,1,1,1,16.41,10:08:00,1
STU02937,ECE,2026-02-20,90,14:09:00,15:37:00,1,0,0,15.31,17.31,11.71,0,0,2,1,9.53,0,0,0,44.77,15:36:00,0
STU02938,CSE,2026-02-16,90,10:03:00,10:46:00,0,0,0,20.89,26.66,31.99,0,0,1,0,8.65,0,0,0,61.57,10:44:00,0
STU02939,ECE,2026-02-13,60,09:09:00,09:52:00,1,0,1,26.99,27.02,23.3,0,0,0,1,29.87,0,0,0,63.35,09:51:00,0
STU02940,EEE,2026-03-14,120,09:03:00,09:46:00,0,0,1,13.68,21.84,8.38,0,0,2,0,33.37,0,0,0,32.66,09:43:00,0
STU02941,IT,2026-03-13,120,09:00:00,10:43:00,1,0,0,25.27,17.43,29.91,0,0,1,0,13.8,0,0,0,52.53,10:41:00,0
STU02942,AIML,2026-02-17,120,14:00:00,15:12:00,1,0,1,9.35,6.82,26.92,0,0,1,1,32.04,0,0,0,34.29,15:10:00,0
STU02943,DS,2026-01-14,60,10:01:00,10:49:00,3,0,1,38.81,33.42,38.49,1,1,2,2,60.17,1,0,0,57.87,10:46:00,1
STU02944,MECH,2026-01-30,90,14:08:00,15:09:00,1,0,0,13.14,34.31,18.24,0,1,0,0,6.81,0,0,0,54.47,15:07:00,0
STU02945,DS,2026-03-07,90,09:02:00,09:36:00,3,1,1,40.92,57.13,29.01,1,0,1,0,39.18,1,0,0,40.3,09:35:00,1
STU02946,EEE,2026-03-18,120,09:08:00,10:23:00,5,0,0,69.95,76.36,65.52,2,5,6,3,75.59,0,0,2,34.62,10:21:00,1
STU02947,DS,2026-02-23,120,09:01:00,10:03:00,2,0,0,46.75,46.88,41.39,0,2,4,1,35.01,1,1,0,53.76,10:02:00,1
STU02948,DS,2026-01-05,120,14:10:00,15:27:00,3,1,0,36.44,35.04,31.57,1,1,5,2,63.01,0,1,1,51.64,15:27:00,1
STU02949,DS,2026-01-17,60,14:02:00,14:50:00,0,0,0,29.82,34.55,20.78,0,0,2,1,15.12,0,0,0,68.36,14:50:00,0
STU02950,AIML,2026-03-13,120,09:08:00,10:16:00,2,1,0,40.01,26.4,34.24,1,0,1,0,39.97,0,1,1,32.64,10:13:00,1
STU02951,MECH,2026-03-27,120,14:04:00,15:24:00,1,0,0,44.45,49.06,28.31,0,0,4,1,61.83,1,0,0,45.96,15:21:00,0
STU02952,MECH,2026-02-18,120,10:05:00,11:53:00,0,0,0,5.39,21.58,11.49,0,1,1,0,35.36,0,0,0,42.61,11:53:00,0
STU02953,CIVIL,2026-02-02,120,09:05:00,10:15:00,7,0,1,51.96,58.33,50.14,4,1,10,2,64.97,1,1,2,97.31,10:15:00,1
STU02954,ECE,2026-01-11,60,10:07:00,11:02:00,0,1,0,5.42,17.33,16.5,0,0,0,1,23.64,0,0,0,43.46,11:00:00,0
STU02955,DS,2026-04-01,60,10:03:00,10:46:00,5,0,1,42.34,59.26,76.72,4,4,4,1,78.84,0,0,2,36.0,10:45:00,1
STU02956,IT,2026-03-09,120,10:08:00,12:02:00,6,1,1,69.76,54.3,51.34,1,4,7,4,72.26,2,0,2,106.95,12:02:00,1
STU02957,CIVIL,2026-02-23,60,09:10:00,09:56:00,0,0,0,9.65,16.03,17.65,0,0,0,0,14.65,0,0,0,64.02,09:53:00,0
STU02958,CSE,2026-03-21,90,14:10:00,14:53:00,0,0,1,10.4,23.03,9.68,0,1,2,0,7.49,0,0,0,33.33,14:51:00,0
STU02959,AIML,2026-02-10,120,09:09:00,11:08:00,2,0,0,31.29,37.32,42.46,0,1,5,0,37.6,0,1,1,56.79,11:06:00,1
STU02960,DS,2026-02-28,90,09:07:00,09:50:00,3,0,1,35.55,56.6,33.21,1,2,5,1,62.42,1,0,0,41.59,09:50:00,1
STU02961,MECH,2026-03-10,120,10:10:00,11:10:00,2,0,1,36.17,25.23,49.42,0,0,2,1,51.69,0,0,0,72.3,11:07:00,1
STU02962,MECH,2026-01-19,60,10:02:00,11:02:00,3,1,1,56.53,76.09,72.26,2,5,10,3,70.5,1,1,0,55.7,11:01:00,1
STU02963,IT,2026-02-11,60,14:07:00,15:10:00,3,0,0,21.61,54.89,44.33,1,1,3,0,41.19,0,0,0,49.25,15:07:00,0
STU02964,EEE,2026-02-14,120,14:01:00,16:02:00,1,0,0,15.68,7.19,31.15,0,0,0,1,44.05,0,0,0,43.71,15:59:00,0
STU02965,ECE,2026-03-26,60,10:04:00,10:46:00,1,0,0,8.41,8.11,11.54,0,1,0,1,29.86,0,0,0,57.71,10:46:00,0
STU02966,IT,2026-02-14,60,14:06:00,14:44:00,1,0,1,14.28,30.45,33.44,0,1,2,0,14.17,0,0,0,50.35,14:42:00,0
STU02967,IT,2026-03-03,120,09:08:00,10:43:00,0,0,0,23.91,30.97,20.07,0,1,0,1,24.39,0,0,0,51.84,10:42:00,0
STU02968,EEE,2026-02-08,60,14:03:00,14:49:00,1,0,0,8.38,32.84,17.81,0,1,2,1,17.17,0,0,0,39.7,14:46:00,0
STU02969,DS,2026-03-06,90,09:05:00,10:09:00,0,0,0,15.85,11.16,32.77,0,1,2,1,26.76,0,0,0,32.63,10:09:00,0
STU02970,CSE,2026-01-20,120,10:05:00,10:48:00,1,0,1,25.32,16.62,22.38,0,1,1,1,39.74,0,0,0,30.79,10:45:00,0
STU02971,CIVIL,2026-03-26,90,10:02:00,11:10:00,0,0,0,11.11,17.92,8.88,0,0,1,0,10.25,0,0,0,63.75,11:08:00,0
STU02972,IT,2026-02-20,90,14:09:00,15:31:00,1,0,0,14.85,29.58,32.82,0,0,0,1,41.28,0,0,0,54.5,15:29:00,0
STU02973,IT,2026-01-26,120,14:03:00,15:56:00,2,0,0,47.42,38.68,41.6,0,0,2,0,48.26,1,1,1,32.61,15:55:00,1
STU02974,ECE,2026-03-01,90,14:04:00,15:34:00,1,0,0,28.45,31.03,11.2,0,1,1,0,7.0,0,0,0,42.46,15:31:00,0
STU02975,AIML,2026-02-02,60,09:00:00,09:43:00,1,0,0,23.96,20.82,18.48,0,1,2,1,10.59,0,0,0,56.89,09:41:00,0
STU02976,MECH,2026-01-27,60,09:06:00,09:45:00,2,1,0,26.96,42.04,26.23,1,1,1,1,41.82,0,1,0,83.07,09:45:00,1
STU02977,EEE,2026-03-31,120,09:03:00,10:57:00,6,1,0,46.82,69.38,61.7,4,2,5,1,69.11,2,0,1,37.9,10:57:00,1
STU02978,AIML,2026-02-15,90,09:10:00,10:32:00,1,0,0,25.96,30.49,14.14,0,0,2,0,33.56,0,0,0,60.46,10:31:00,0
STU02979,IT,2026-01-06,60,14:03:00,14:51:00,0,0,1,19.93,12.29,5.46,0,0,2,1,44.53,0,0,0,52.92,14:48:00,0
STU02980,IT,2026-03-24,120,14:00:00,15:16:00,0,0,0,10.11,16.17,15.02,0,0,1,1,26.15,0,0,0,35.27,15:14:00,0
STU02981,AIML,2026-02-25,60,14:00:00,14:32:00,15,1,1,89.11,79.82,86.66,8,8,12,3,84.1,4,3,4,35.59,14:32:00,1
STU02982,ECE,2026-01-28,60,10:05:00,10:53:00,0,0,0,7.29,24.0,23.28,0,1,2,1,28.9,0,0,0,65.1,10:52:00,0
STU02983,CIVIL,2026-02-13,60,09:08:00,09:55:00,0,0,0,29.27,28.7,24.39,0,0,1,1,37.9,0,0,0,30.48,09:53:00,0
STU02984,AIML,2026-02-12,90,14:06:00,15:25:00,1,0,0,22.35,35.89,54.54,1,0,1,1,54.19,1,0,1,84.24,15:23:00,1
STU02985,DS,2026-01-23,90,14:06:00,14:58:00,1,0,0,24.21,15.57,25.79,0,1,1,1,13.07,0,0,0,43.51,14:56:00,0
STU02986,EEE,2026-01-14,60,14:02:00,14:59:00,1,0,0,14.72,11.84,11.02,0,1,0,0,5.82,0,0,0,41.18,14:58:00,0
STU02987,CSE,2026-01-25,60,14:10:00,14:57:00,3,0,0,39.43,29.1,46.63,1,1,3,1,49.45,0,1,1,48.83,14:54:00,1
STU02988,AIML,2026-02-27,90,14:02:00,14:41:00,0,0,0,11.43,26.02,27.26,0,0,0,0,44.38,0,0,0,43.93,14:38:00,0
STU02989,EEE,2026-01-11,60,09:10:00,09:46:00,2,0,0,23.39,49.79,48.95,1,2,2,1,62.11,1,0,1,34.83,09:44:00,1
STU02990,CSE,2026-03-29,90,09:03:00,09:41:00,0,0,0,24.38,7.91,24.16,0,1,1,1,7.43,0,0,0,32.41,09:38:00,0
STU02991,EEE,2026-01-27,120,10:01:00,11:29:00,0,0,0,7.04,21.53,27.59,0,1,1,1,16.51,0,0,0,25.52,11:29:00,0
STU02992,AIML,2026-03-25,90,09:03:00,09:43:00,3,1,1,56.75,61.32,66.74,4,1,6,3,76.42,2,0,2,45.66,09:40:00,1
STU02993,EEE,2026-01-25,90,10:10:00,11:32:00,0,1,0,14.04,9.13,9.12,0,1,2,1,29.61,0,0,0,46.29,11:31:00,0
STU02994,CSE,2026-01-05,60,14:02:00,15:01:00,1,0,0,46.35,37.33,31.57,1,2,5,2,60.22,1,1,1,65.3,14:58:00,1
STU02995,AIML,2026-03-20,120,09:09:00,09:59:00,1,0,0,45.45,53.06,43.47,0,0,5,0,64.74,0,0,0,58.29,09:58:00,0
STU02996,DS,2026-02-21,60,10:01:00,10:45:00,7,1,1,58.15,72.24,76.89,1,1,10,4,74.54,0,2,1,101.44,10:42:00,1
STU02997,ECE,2026-02-15,120,09:07:00,10:44:00,6,1,1,59.85,73.1,62.28,3,1,7,4,77.37,0,1,1,37.94,10:44:00,1
STU02998,MECH,2026-03-02,90,09:02:00,10:05:00,1,0,1,26.29,25.06,15.57,0,1,1,1,34.24,0,0,0,69.66,10:05:00,0
STU02999,MECH,2026-01-29,90,14:04:00,15:27:00,2,0,0,36.85,42.38,29.08,0,2,1,2,47.57,0,0,0,52.76,15:24:00,0
STU03000,AIML,2026-01-14,90,10:06:00,10:50:00,2,0,1,40.5,29.28,43.35,0,1,4,2,39.05,1,0,0,34.08,10:49:00,1
STU03001,ECE,2026-01-07,90,10:09:00,11:38:00,3,0,0,44.09,46.89,52.24,0,0,2,2,52.58,1,1,0,47.73,11:36:00,1
STU03002,MECH,2026-03-06,60,14:07:00,15:00:00,1,0,0,21.73,53.19,27.96,1,2,3,1,48.86,0,0,0,23.66,14:57:00,0
STU03003,CIVIL,2026-01-16,90,14:07:00,15:04:00,0,0,0,23.92,31.12,23.83,0,1,0,1,34.94,0,0,0,37.11,15:02:00,0
STU03004,EEE,2026-03-29,120,10:07:00,10:52:00,6,1,1,42.63,50.29,48.28,1,5,5,1,67.7,2,2,1,59.92,10:52:00,1
STU03005,CIVIL,2026-01-13,90,09:06:00,09:41:00,0,0,0,11.23,18.92,29.49,0,0,0,1,6.96,0,0,0,47.74,09:38:00,0
STU03006,DS,2026-01-07,60,10:06:00,11:01:00,2,0,0,47.53,46.21,29.01,1,1,2,1,40.76,0,1,1,38.98,11:01:00,1
STU03007,ECE,2026-01-01,60,14:10:00,14:47:00,0,1,0,21.65,23.46,19.37,0,0,1,0,40.55,0,0,0,32.73,14:45:00,0
STU03008,AIML,2026-03-29,90,10:06:00,11:31:00,3,0,0,27.51,46.34,32.54,0,1,4,0,48.33,1,1,0,79.78,11:30:00,1
STU03009,CIVIL,2026-01-22,60,09:00:00,09:57:00,1,1,0,23.54,12.93,7.38,0,1,2,1,10.87,0,0,0,58.72,09:54:00,0
STU03010,CIVIL,2026-02-24,120,10:08:00,11:14:00,6,1,0,71.22,53.93,70.35,1,5,10,3,71.79,2,2,1,77.78,11:12:00,1
STU03011,ECE,2026-01-05,120,09:07:00,10:38:00,0,0,0,5.65,13.41,11.07,0,1,2,0,43.31,0,0,0,65.44,10:38:00,0
STU03012,IT,2026-02-11,60,09:07:00,09:42:00,1,0,0,46.94,36.87,49.75,1,1,1,2,55.52,1,0,1,59.91,09:40:00,1
STU03013,EEE,2026-01-03,60,14:01:00,14:46:00,0,0,0,24.48,13.37,18.4,0,1,1,0,23.83,0,0,0,62.35,14:46:00,0
STU03014,EEE,2026-01-05,120,14:01:00,15:23:00,1,0,0,29.56,18.93,24.5,0,0,1,0,29.12,0,0,0,42.09,15:22:00,0
STU03015,DS,2026-02-28,90,10:06:00,10:48:00,2,0,0,23.87,30.56,32.71,0,0,3,1,59.14,0,0,0,74.61,10:46:00,0
STU03016,MECH,2026-03-08,60,14:08:00,14:52:00,1,0,0,18.18,34.5,30.15,0,1,1,1,12.79,0,0,0,66.48,14:51:00,0
STU03017,ECE,2026-03-07,60,09:04:00,10:03:00,1,0,1,9.55,6.75,29.4,0,0,1,0,19.69,0,0,0,35.13,10:00:00,0
STU03018,MECH,2026-01-19,90,14:09:00,15:13:00,1,0,0,17.72,8.52,24.61,0,0,1,1,20.04,0,0,0,40.7,15:13:00,0
STU03019,IT,2026-03-09,120,10:03:00,11:39:00,1,0,0,13.72,9.35,12.53,0,0,2,1,26.11,0,0,0,53.02,11:37:00,0
STU03020,CIVIL,2026-02-24,120,09:00:00,09:56:00,2,0,0,44.38,30.4,33.28,1,1,1,0,56.97,1,1,1,27.36,09:53:00,1
STU03021,MECH,2026-03-10,60,10:04:00,10:37:00,1,1,1,21.0,25.96,13.07,0,0,1,0,12.46,0,0,0,25.52,10:37:00,0
STU03022,CSE,2026-01-11,60,14:08:00,14:56:00,12,1,1,81.15,89.24,93.0,7,11,15,5,89.73,2,1,4,80.8,14:53:00,1
STU03023,DS,2026-01-16,120,10:10:00,11:23:00,1,1,0,14.04,14.0,5.47,0,0,2,0,36.12,0,0,0,55.14,11:20:00,0
STU03024,CIVIL,2026-03-01,120,14:07:00,15:50:00,0,0,0,26.33,32.24,32.97,0,1,2,0,34.09,0,0,0,32.53,15:50:00,0
STU03025,EEE,2026-03-27,60,09:03:00,09:50:00,4,0,0,61.98,63.82,71.82,4,3,9,2,70.92,0,2,1,49.24,09:50:00,1
STU03026,EEE,2026-01-03,60,10:04:00,10:53:00,3,0,0,30.13,45.88,47.72,1,1,5,1,52.58,1,0,1,48.04,10:51:00,1
STU03027,EEE,2026-03-22,60,14:04:00,14:44:00,3,0,0,34.4,28.55,50.78,1,2,5,2,35.34,1,0,1,33.31,14:43:00,1
STU03028,CSE,2026-02-27,60,10:10:00,10:45:00,1,1,0,20.59,19.07,19.25,0,1,1,1,12.16,0,0,0,51.22,10:45:00,0
STU03029,CIVIL,2026-02-10,90,10:02:00,11:18:00,2,0,1,42.85,35.78,45.15,1,1,1,0,38.52,0,0,1,81.26,11:18:00,1
STU03030,ECE,2026-02-09,120,10:06:00,10:46:00,1,0,0,17.42,19.14,16.88,0,1,0,0,26.15,0,0,0,32.69,10:45:00,0
STU03031,CIVIL,2026-02-22,60,10:04:00,10:35:00,7,1,1,46.79,64.48,76.37,4,3,4,2,76.29,0,1,0,27.99,10:35:00,1
STU03032,MECH,2026-02-09,90,10:09:00,11:18:00,3,1,0,32.01,32.19,54.93,1,0,5,1,54.85,0,0,0,59.74,11:15:00,1
STU03033,CSE,2026-02-07,120,09:07:00,10:11:00,0,0,0,26.48,9.04,14.56,0,1,1,0,44.07,0,0,0,31.53,10:08:00,0
STU03034,EEE,2026-03-30,90,09:04:00,09:44:00,0,0,0,7.75,16.28,25.4,0,0,1,1,23.82,0,0,0,51.38,09:43:00,0
STU03035,CSE,2026-03-11,90,14:06:00,14:58:00,5,0,1,50.83,53.71,66.71,4,5,6,4,72.57,0,0,0,31.97,14:58:00,1
STU03036,EEE,2026-01-24,90,09:03:00,10:15:00,7,1,1,74.68,92.65,89.13,7,11,11,7,88.73,1,5,2,83.88,10:12:00,1
STU03037,AIML,2026-02-08,60,14:04:00,14:51:00,7,1,0,69.51,73.0,73.27,3,3,9,1,70.09,0,0,1,40.51,14:48:00,1
STU03038,ECE,2026-03-07,60,14:09:00,15:01:00,0,0,0,26.57,24.33,5.91,0,0,2,1,43.26,0,0,0,57.93,14:59:00,0
STU03039,DS,2026-02-14,120,10:05:00,10:53:00,1,0,0,29.68,23.4,11.52,0,0,1,1,28.91,0,0,0,64.64,10:51:00,0
STU03040,CIVIL,2026-02-28,120,09:09:00,10:31:00,14,1,1,66.63,79.55,77.92,6,7,14,2,89.97,3,5,2,38.65,10:31:00,1
STU03041,ECE,2026-03-08,60,10:04:00,10:47:00,1,0,0,8.77,27.84,26.18,0,1,1,0,27.33,0,0,0,52.6,10:45:00,0
STU03042,MECH,2026-02-13,90,14:03:00,14:41:00,1,1,0,32.92,32.97,39.66,0,2,2,0,55.54,0,0,0,29.56,14:41:00,1
STU03043,AIML,2026-01-14,90,14:07:00,14:38:00,7,0,0,44.59,59.85,70.09,2,3,5,2,71.65,1,2,2,93.67,14:38:00,1
STU03044,ECE,2026-01-08,120,14:02:00,15:05:00,3,0,0,37.18,53.21,48.27,1,2,3,1,57.47,0,0,0,82.08,15:05:00,1
STU03045,IT,2026-02-24,120,14:04:00,15:53:00,1,0,0,24.99,17.1,5.38,0,1,2,1,27.71,0,0,0,66.03,15:50:00,0
STU03046,MECH,2026-01-12,60,10:10:00,10:47:00,2,1,0,41.17,47.98,48.81,1,1,1,1,50.14,1,1,0,60.81,10:45:00,1
STU03047,IT,2026-02-24,120,09:09:00,10:43:00,1,0,0,12.75,19.41,21.63,0,0,1,1,6.72,0,0,0,53.03,10:41:00,0
STU03048,EEE,2026-02-12,90,10:10:00,10:59:00,0,0,1,11.41,12.37,10.51,0,0,2,1,44.43,0,0,0,64.94,10:59:00,0
STU03049,EEE,2026-02-22,60,14:06:00,15:07:00,0,0,0,15.76,24.42,10.39,0,1,1,0,26.6,0,0,0,25.73,15:06:00,0
STU03050,EEE,2026-03-16,90,09:06:00,10:31:00,0,0,0,15.01,15.36,6.51,0,0,1,0,20.68,0,0,0,29.54,10:31:00,0
STU03051,DS,2026-01-15,90,14:08:00,15:34:00,1,1,0,19.74,21.43,24.17,0,0,1,1,20.37,0,0,0,62.68,15:33:00,0
STU03052,CSE,2026-03-24,90,09:05:00,10:37:00,1,0,0,12.26,14.76,26.81,0,0,0,1,16.79,0,0,0,28.24,10:34:00,0
STU03053,CIVIL,2026-01-31,60,09:01:00,09:56:00,1,0,0,14.2,21.13,8.16,0,1,2,0,7.34,0,0,0,55.32,09:56:00,0
STU03054,MECH,2026-02-10,60,09:06:00,09:52:00,2,0,1,38.77,43.31,26.09,0,2,5,1,54.78,0,1,0,67.21,09:51:00,1
STU03055,DS,2026-03-31,120,09:01:00,10:48:00,0,0,0,22.36,18.94,32.35,0,1,0,0,30.43,0,0,0,51.62,10:47:00,0
STU03056,CIVIL,2026-02-21,60,09:09:00,09:43:00,0,0,1,10.18,7.87,13.8,0,0,2,0,14.96,0,0,0,37.19,09:43:00,0
STU03057,AIML,2026-02-13,90,10:09:00,11:40:00,0,0,0,14.7,20.85,27.63,0,0,0,0,28.13,0,0,0,40.95,11:39:00,0
STU03058,CSE,2026-04-01,90,10:10:00,11:13:00,1,0,0,36.5,46.41,50.82,0,2,2,1,50.45,0,1,0,34.77,11:10:00,1
STU03059,IT,2026-03-14,60,10:02:00,10:54:00,1,0,1,9.25,29.63,26.25,0,0,1,1,7.41,0,0,0,39.07,10:51:00,0
STU03060,CSE,2026-02-18,90,10:04:00,10:46:00,1,1,0,9.33,27.41,27.14,0,1,0,0,39.31,0,0,0,58.48,10:45:00,0
STU03061,CSE,2026-02-14,90,09:03:00,10:19:00,1,0,1,19.37,17.87,11.14,0,0,2,1,28.64,0,0,0,55.57,10:18:00,0
STU03062,DS,2026-03-16,90,09:10:00,10:13:00,0,0,0,22.41,9.14,6.58,0,1,2,0,24.43,0,0,0,25.48,10:12:00,0
STU03063,IT,2026-01-13,60,14:01:00,14:49:00,0,0,1,23.18,24.82,17.31,0,0,0,1,32.09,0,0,0,30.42,14:47:00,0
STU03064,ECE,2026-01-13,90,09:02:00,10:20:00,2,0,0,34.91,48.93,36.11,0,0,1,1,43.43,0,0,0,48.35,10:19:00,0
STU03065,IT,2026-02-25,60,09:07:00,10:06:00,5,0,1,48.69,71.47,54.08,3,5,4,1,79.28,1,0,2,25.57,10:06:00,1
STU03066,ECE,2026-02-09,120,09:07:00,10:39:00,1,1,0,38.36,25.01,50.55,0,2,4,1,47.3,1,0,0,51.96,10:36:00,1
STU03067,MECH,2026-03-02,120,09:09:00,10:01:00,18,1,0,82.93,91.64,88.17,8,7,8,5,82.49,3,2,2,78.27,09:58:00,1
STU03068,MECH,2026-01-10,60,09:03:00,09:42:00,2,1,0,24.66,39.56,51.16,1,0,4,1,62.65,0,1,0,33.02,09:41:00,1
STU03069,DS,2026-02-24,60,14:00:00,14:49:00,2,1,0,35.03,31.95,27.61,0,0,4,2,48.82,1,1,1,39.3,14:49:00,1
STU03070,EEE,2026-01-14,90,10:06:00,11:32:00,3,0,0,45.51,26.58,53.55,1,1,2,2,53.71,1,0,1,27.45,11:32:00,1
STU03071,CSE,2026-01-01,90,09:00:00,09:58:00,1,0,0,18.09,21.17,5.57,0,1,1,0,24.84,0,0,0,29.64,09:56:00,0
STU03072,EEE,2026-01-15,60,14:09:00,14:51:00,0,0,0,22.78,18.82,17.05,0,1,0,0,34.16,0,0,0,35.1,14:48:00,0
STU03073,CIVIL,2026-02-19,90,14:03:00,15:23:00,0,0,0,22.48,31.57,29.36,0,1,1,0,17.18,0,0,0,58.97,15:20:00,0
STU03074,IT,2026-02-06,120,10:02:00,11:00:00,0,1,1,18.5,29.73,31.53,0,0,0,1,9.87,0,0,0,60.21,10:57:00,0
STU03075,CIVIL,2026-02-25,60,09:05:00,09:50:00,0,0,0,6.27,30.28,23.29,0,0,1,0,5.34,0,0,0,49.85,09:49:00,0
STU03076,EEE,2026-02-11,120,09:00:00,10:05:00,1,0,0,21.42,54.03,32.48,1,2,1,0,45.62,1,0,1,63.56,10:03:00,1
STU03077,AIML,2026-02-27,120,09:02:00,09:42:00,5,0,1,65.65,51.57,49.39,2,3,5,2,63.39,1,2,2,22.29,09:42:00,1
STU03078,IT,2026-02-13,90,14:06:00,15:38:00,1,0,0,7.55,26.1,31.8,0,0,2,0,33.83,0,0,0,27.3,15:35:00,0
STU03079,AIML,2026-01-27,60,14:03:00,15:00:00,0,0,1,27.03,11.8,17.46,0,1,2,1,34.35,0,0,0,58.54,14:59:00,0
STU03080,ECE,2026-03-19,90,09:10:00,10:29:00,0,0,0,19.8,28.99,31.18,0,1,1,0,34.01,0,0,0,35.82,10:27:00,0
STU03081,EEE,2026-01-27,60,09:04:00,09:39:00,0,0,0,5.52,17.63,29.15,0,0,2,0,20.95,0,0,0,62.6,09:36:00,0
STU03082,MECH,2026-01-14,60,14:02:00,14:39:00,2,0,0,37.01,46.57,37.7,0,0,3,1,60.26,1,0,0,33.15,14:39:00,0
STU03083,DS,2026-03-10,60,09:00:00,09:51:00,7,1,0,70.04,78.22,50.04,3,2,7,3,76.21,0,1,0,90.64,09:50:00,1
STU03084,DS,2026-01-23,60,10:08:00,10:45:00,1,0,0,28.61,54.69,36.91,0,2,3,2,60.92,1,0,0,52.15,10:44:00,1
STU03085,CIVIL,2026-03-06,60,09:02:00,10:02:00,3,1,0,39.25,48.6,50.13,1,2,2,1,57.31,0,1,0,72.86,10:00:00,1
STU03086,CSE,2026-01-03,90,14:08:00,14:57:00,7,1,0,69.81,86.64,93.46,5,9,17,3,94.74,4,5,3,121.85,14:56:00,1
STU03087,CSE,2026-01-28,90,09:02:00,10:33:00,1,0,1,36.26,50.54,44.9,0,2,5,1,42.38,1,1,1,61.34,10:30:00,1
STU03088,CIVIL,2026-01-01,120,09:03:00,09:48:00,1,0,0,44.51,38.04,29.21,1,1,4,0,63.59,0,1,0,61.67,09:45:00,1
STU03089,CSE,2026-03-29,90,14:07:00,14:38:00,7,0,1,70.87,58.65,66.5,1,3,4,1,78.85,0,2,2,36.48,14:38:00,1
STU03090,IT,2026-01-06,90,10:04:00,11:16:00,1,0,0,27.14,15.12,23.88,0,0,0,0,17.07,0,0,0,65.0,11:15:00,0
STU03091,CIVIL,2026-01-29,60,10:06:00,10:45:00,10,1,0,89.87,92.18,75.48,4,9,16,5,95.04,3,4,1,107.06,10:45:00,1
STU03092,ECE,2026-01-08,60,10:10:00,11:01:00,0,1,0,22.15,15.48,19.24,0,0,1,0,42.27,0,0,0,45.59,11:01:00,0
STU03093,EEE,2026-01-30,60,14:01:00,14:58:00,2,1,0,29.54,37.15,30.82,0,1,3,1,37.13,1,1,1,53.63,14:58:00,1
STU03094,IT,2026-01-28,60,10:09:00,10:50:00,1,0,0,27.93,5.93,5.13,0,0,0,1,43.7,0,0,0,31.56,10:47:00,0
STU03095,IT,2026-01-26,120,14:07:00,15:49:00,0,0,1,26.47,34.09,11.64,0,1,0,0,40.02,0,0,0,60.45,15:47:00,0
STU03096,AIML,2026-01-22,90,14:02:00,14:41:00,0,0,0,22.69,7.34,34.29,0,0,2,1,8.09,0,0,0,28.73,14:41:00,0
STU03097,CSE,2026-03-07,60,10:10:00,11:06:00,0,0,0,29.89,26.24,6.18,0,0,1,0,28.15,0,0,0,38.7,11:03:00,0
STU03098,ECE,2026-03-27,90,09:03:00,10:36:00,0,0,0,23.56,8.02,17.64,0,0,1,0,20.63,0,0,0,52.26,10:33:00,0
STU03099,AIML,2026-02-01,120,14:01:00,14:34:00,3,0,0,39.44,54.45,53.09,0,1,2,2,38.97,0,1,1,33.54,14:34:00,1
STU03100,CIVIL,2026-03-01,60,10:00:00,10:46:00,0,0,0,5.62,29.35,32.51,0,0,0,0,20.82,0,0,0,52.63,10:44:00,0
STU03101,CIVIL,2026-02-18,120,09:01:00,10:21:00,0,1,0,10.63,21.75,13.27,0,1,2,0,20.21,0,0,0,61.99,10:21:00,0
STU03102,AIML,2026-02-02,90,14:06:00,15:21:00,0,0,0,23.47,11.77,33.99,0,0,2,1,16.9,0,0,0,56.62,15:21:00,0
STU03103,MECH,2026-02-21,60,10:02:00,10:47:00,3,1,0,71.51,62.72,60.85,4,4,4,2,82.2,0,0,1,23.57,10:47:00,1
STU03104,CSE,2026-01-24,120,10:10:00,11:34:00,7,0,1,64.24,70.3,51.21,1,4,9,4,74.57,0,0,0,91.35,11:33:00,1
STU03105,CIVIL,2026-02-08,90,14:07:00,15:07:00,1,0,0,45.91,51.83,44.68,0,1,5,0,58.46,1,0,0,57.4,15:04:00,1
STU03106,IT,2026-02-09,90,14:01:00,14:35:00,0,0,0,15.51,15.74,25.82,0,1,2,1,32.96,0,0,0,61.5,14:33:00,0
STU03107,EEE,2026-01-08,60,14:05:00,14:43:00,1,0,0,22.99,22.68,32.84,0,0,0,0,41.41,0,0,0,56.8,14:43:00,0
STU03108,ECE,2026-02-04,60,10:01:00,10:48:00,0,1,0,5.56,15.92,16.83,0,1,1,0,32.51,0,0,0,44.48,10:47:00,0
STU03109,ECE,2026-03-10,90,09:01:00,09:35:00,1,0,0,36.59,47.15,27.33,0,1,4,0,44.99,0,0,1,68.41,09:34:00,0
STU03110,EEE,2026-01-13,90,10:09:00,11:01:00,1,0,0,22.86,30.4,14.13,0,1,0,1,8.45,0,0,0,56.8,11:00:00,0
STU03111,IT,2026-02-27,60,14:03:00,14:51:00,0,1,0,10.75,29.06,16.69,0,0,2,0,29.68,0,0,0,33.29,14:48:00,0
STU03112,AIML,2026-01-28,120,10:06:00,11:17:00,1,0,0,18.4,20.75,11.07,0,0,1,1,28.91,0,0,0,40.78,11:16:00,0
STU03113,ECE,2026-03-16,90,09:06:00,10:04:00,0,0,0,26.05,27.4,27.31,0,0,0,1,36.99,0,0,0,65.15,10:04:00,0
STU03114,DS,2026-01-14,90,09:00:00,10:20:00,1,0,1,16.54,8.86,21.82,0,0,1,1,12.72,0,0,0,34.06,10:18:00,0
STU03115,ECE,2026-01-27,60,14:10:00,15:02:00,0,0,1,16.43,33.62,24.87,0,1,1,0,26.34,0,0,0,49.78,14:59:00,0
STU03116,IT,2026-02-15,60,14:08:00,15:04:00,1,0,1,18.0,10.46,27.42,0,0,2,0,28.65,0,0,0,67.95,15:04:00,0
STU03117,IT,2026-03-15,60,10:07:00,10:55:00,5,1,1,53.49,51.92,50.49,2,3,7,4,81.43,0,2,2,109.42,10:53:00,1
STU03118,IT,2026-03-18,60,14:07:00,15:07:00,0,0,0,15.52,31.68,13.24,0,1,1,1,20.66,0,0,0,66.78,15:07:00,0
STU03119,MECH,2026-01-07,120,09:09:00,10:04:00,1,0,0,27.13,29.24,30.45,0,0,0,0,25.73,0,0,0,41.78,10:04:00,0
STU03120,CIVIL,2026-03-24,90,09:02:00,10:17:00,0,0,0,28.74,11.94,12.95,0,1,1,1,40.73,0,0,0,35.27,10:17:00,0
STU03121,MECH,2026-03-10,120,09:10:00,10:55:00,0,0,0,5.78,19.39,8.51,0,0,0,0,26.13,0,0,0,29.74,10:55:00,0
STU03122,IT,2026-03-18,90,09:03:00,10:01:00,1,0,0,21.83,15.31,13.12,0,0,2,1,34.78,0,0,0,69.48,10:00:00,0
STU03123,DS,2026-02-17,90,14:05:00,15:04:00,0,1,1,9.0,6.81,9.07,0,1,0,1,42.89,0,0,0,43.92,15:03:00,0
STU03124,EEE,2026-03-05,90,14:09:00,14:51:00,1,0,0,7.69,29.58,20.1,0,1,1,1,21.82,0,0,0,31.29,14:49:00,0
STU03125,CSE,2026-03-04,90,14:03:00,15:02:00,0,1,0,20.38,33.3,7.27,0,0,1,0,34.39,0,0,0,63.73,15:01:00,0
STU03126,CSE,2026-03-21,120,09:03:00,10:16:00,0,0,1,7.98,21.42,20.84,0,1,2,0,21.37,0,0,0,68.68,10:14:00,0
STU03127,CSE,2026-02-09,60,09:09:00,10:05:00,1,0,0,13.07,11.26,13.94,0,1,1,0,37.15,0,0,0,42.57,10:04:00,0
STU03128,IT,2026-02-06,90,14:01:00,15:14:00,12,0,1,96.97,86.06,98.16,10,9,13,4,98.76,1,2,5,30.02,15:13:00,1
STU03129,MECH,2026-03-21,60,10:05:00,10:58:00,1,1,0,23.03,44.75,40.75,0,2,4,1,47.94,1,1,0,20.52,10:57:00,1
STU03130,AIML,2026-02-28,90,14:08:00,15:12:00,2,1,0,40.86,35.51,48.15,1,2,1,0,55.36,1,0,0,16.7,15:10:00,1
STU03131,ECE,2026-03-08,60,09:08:00,10:07:00,1,1,0,21.97,44.6,48.86,1,0,5,0,39.02,0,0,1,16.45,10:04:00,1
STU03132,DS,2026-01-10,60,14:07:00,14:58:00,1,0,1,22.19,33.59,5.18,0,0,1,1,35.0,0,0,0,56.62,14:57:00,0
STU03133,CIVIL,2026-01-05,120,10:01:00,11:36:00,1,0,0,29.16,19.69,18.09,0,0,1,0,36.02,0,0,0,32.57,11:36:00,0
STU03134,EEE,2026-01-11,120,09:10:00,09:58:00,0,0,0,12.84,12.39,8.57,0,0,1,1,13.65,0,0,0,29.41,09:55:00,0
STU03135,MECH,2026-03-23,120,10:09:00,10:59:00,5,0,1,50.38,72.94,77.08,3,2,5,4,82.51,1,1,0,76.9,10:59:00,1
STU03136,AIML,2026-01-27,60,14:09:00,15:07:00,1,0,0,32.07,48.48,44.94,1,1,3,1,57.77,0,1,1,19.32,15:07:00,1
STU03137,AIML,2026-03-11,90,10:09:00,11:22:00,7,1,1,71.53,58.5,63.83,4,1,4,4,65.27,2,2,2,81.65,11:19:00,1
STU03138,EEE,2026-03-08,120,09:10:00,09:50:00,1,1,0,24.52,19.81,8.57,0,1,2,1,25.31,0,0,0,30.56,09:48:00,0
STU03139,IT,2026-03-19,90,10:05:00,11:08:00,1,0,1,27.58,32.65,17.91,0,1,1,1,18.68,0,0,0,47.38,11:05:00,0
STU03140,AIML,2026-03-02,90,09:08:00,10:04:00,1,1,1,7.03,29.3,15.84,0,1,0,0,9.25,0,0,0,44.62,10:02:00,0
STU03141,AIML,2026-02-02,120,09:07:00,10:03:00,0,0,0,20.7,14.21,10.57,0,1,1,0,6.49,0,0,0,32.22,10:00:00,0
STU03142,EEE,2026-02-23,60,10:03:00,10:36:00,12,1,1,84.55,84.97,85.04,9,7,12,7,83.02,1,3,1,15.92,10:33:00,1
STU03143,AIML,2026-02-27,120,09:09:00,10:49:00,0,0,0,23.66,11.13,8.95,0,1,1,0,8.65,0,0,0,63.52,10:46:00,0
STU03144,IT,2026-01-28,90,09:03:00,10:03:00,3,1,1,40.96,70.07,51.69,1,3,7,1,74.68,0,0,1,77.88,10:00:00,1
STU03145,CSE,2026-01-08,60,14:07:00,15:00:00,1,0,0,28.81,24.36,10.39,0,0,0,0,27.21,0,0,0,63.43,14:57:00,0
STU03146,CSE,2026-03-27,120,10:04:00,11:10:00,0,0,0,8.3,33.57,17.81,0,1,1,1,29.53,0,0,0,29.43,11:10:00,0
STU03147,DS,2026-01-15,120,14:04:00,14:46:00,3,1,0,44.13,37.31,42.67,0,0,5,1,40.66,0,1,0,24.84,14:44:00,1
STU03148,MECH,2026-03-04,120,10:03:00,12:04:00,1,1,0,29.84,29.27,11.08,0,0,0,0,21.93,0,0,0,61.8,12:01:00,0
STU03149,CSE,2026-01-13,60,10:06:00,10:50:00,3,0,1,61.8,56.07,66.01,1,3,6,1,82.44,2,1,1,49.35,10:47:00,1
STU03150,AIML,2026-01-23,120,14:03:00,14:54:00,1,0,0,15.14,8.49,10.64,0,0,1,1,15.45,0,0,0,53.39,14:52:00,0
STU03151,AIML,2026-02-03,60,10:09:00,10:43:00,2,0,0,35.43,50.71,38.43,1,1,4,2,64.41,1,0,1,33.1,10:40:00,1
STU03152,ECE,2026-02-21,90,14:03:00,14:36:00,1,0,0,21.82,11.05,32.58,0,0,1,1,40.89,0,0,0,56.4,14:34:00,0
STU03153,AIML,2026-01-10,120,09:04:00,09:46:00,0,0,1,26.74,11.41,31.05,0,1,1,0,40.92,0,0,0,36.32,09:46:00,0
STU03154,DS,2026-03-18,60,09:01:00,09:56:00,4,0,0,48.42,76.33,77.35,1,2,9,4,76.41,2,1,1,67.98,09:54:00,1
STU03155,CIVIL,2026-02-05,60,09:08:00,09:49:00,0,0,0,6.63,12.91,8.51,0,1,2,0,42.09,0,0,0,63.33,09:48:00,0
STU03156,IT,2026-02-23,120,14:10:00,15:22:00,3,0,0,47.58,34.3,39.74,0,2,2,2,56.84,1,1,1,47.79,15:20:00,1
STU03157,CSE,2026-01-14,120,09:05:00,09:54:00,1,0,0,16.34,10.67,33.69,0,1,2,0,24.65,0,0,0,46.0,09:51:00,0
STU03158,EEE,2026-03-12,120,14:04:00,15:23:00,1,0,0,20.1,11.93,11.2,0,0,1,0,18.87,0,0,0,30.84,15:20:00,0
STU03159,EEE,2026-03-11,120,09:00:00,09:35:00,3,1,1,46.88,54.91,72.11,2,5,6,4,68.47,2,1,1,28.51,09:33:00,1
STU03160,MECH,2026-02-18,120,09:09:00,09:43:00,6,1,1,55.42,53.1,48.77,1,5,7,4,77.21,0,1,2,20.46,09:42:00,1
STU03161,CIVIL,2026-01-25,60,14:06:00,14:43:00,3,0,1,31.53,50.86,47.23,1,2,5,0,59.25,0,1,0,28.95,14:43:00,1
STU03162,ECE,2026-03-26,120,10:01:00,10:45:00,3,0,0,36.79,33.59,38.52,0,2,1,1,35.32,0,0,1,35.95,10:42:00,0
STU03163,ECE,2026-01-20,60,10:04:00,11:04:00,1,1,0,28.23,16.62,23.04,0,1,1,0,20.69,0,0,0,66.9,11:02:00,0
STU03164,EEE,2026-03-09,90,14:06:00,14:39:00,1,1,0,42.92,31.65,45.38,0,0,2,1,54.34,1,0,1,82.36,14:39:00,1
STU03165,DS,2026-02-23,120,10:06:00,11:35:00,5,1,1,49.89,58.88,64.07,4,1,8,4,60.91,1,1,1,57.42,11:33:00,1
STU03166,MECH,2026-01-14,60,14:10:00,14:52:00,5,1,0,67.81,54.02,71.99,2,4,6,4,68.69,2,2,1,93.26,14:50:00,1
STU03167,IT,2026-03-02,120,14:07:00,14:44:00,1,0,0,11.7,25.24,16.94,0,1,2,0,42.27,0,0,0,46.01,14:42:00,0
STU03168,AIML,2026-02-13,120,14:06:00,15:33:00,0,0,0,14.17,32.94,23.24,0,1,1,1,12.92,0,0,0,69.45,15:31:00,0
STU03169,IT,2026-02-07,120,09:02:00,10:02:00,0,0,1,5.26,24.19,9.36,0,0,0,1,42.34,0,0,0,45.85,09:59:00,0
STU03170,EEE,2026-01-01,90,09:01:00,09:34:00,1,0,0,25.68,16.29,12.38,0,1,2,0,8.12,0,0,0,29.0,09:31:00,0
STU03171,AIML,2026-02-12,90,14:02:00,15:11:00,3,0,0,34.34,29.15,40.41,1,0,5,0,35.93,0,1,0,51.19,15:10:00,1
STU03172,CSE,2026-01-19,120,10:10:00,12:02:00,0,0,0,21.68,20.41,27.14,0,1,2,0,6.76,0,0,0,50.16,12:01:00,0
STU03173,DS,2026-02-22,90,09:02:00,10:02:00,1,0,1,21.6,34.36,18.05,0,0,2,0,16.23,0,0,0,57.55,10:02:00,0
STU03174,MECH,2026-01-06,120,09:09:00,09:44:00,1,0,0,16.08,11.34,15.93,0,0,1,1,21.49,0,0,0,46.17,09:43:00,0
STU03175,CIVIL,2026-01-31,120,09:10:00,10:17:00,2,0,0,36.65,27.86,31.73,0,1,2,1,52.71,0,1,1,75.81,10:16:00,1
STU03176,IT,2026-01-01,90,14:00:00,14:40:00,0,0,0,8.13,28.84,7.55,0,1,1,0,30.63,0,0,0,48.5,14:38:00,0
STU03177,ECE,2026-02-16,60,09:04:00,09:42:00,0,0,1,9.02,32.44,5.28,0,1,2,1,38.21,0,0,0,49.84,09:42:00,0
STU03178,MECH,2026-03-16,120,10:10:00,11:18:00,0,0,0,14.97,26.52,23.95,0,0,0,1,13.45,0,0,0,26.68,11:15:00,0
STU03179,ECE,2026-01-23,120,09:05:00,10:08:00,2,0,1,43.7,32.9,32.85,1,2,2,0,47.63,0,1,1,52.24,10:06:00,1
STU03180,AIML,2026-01-12,90,10:06:00,11:11:00,7,0,1,65.55,55.85,59.49,2,5,8,1,81.04,1,1,0,89.49,11:10:00,1
STU03181,DS,2026-01-23,90,14:05:00,15:02:00,7,1,1,64.35,54.17,48.86,1,5,10,1,61.7,0,2,2,23.28,15:01:00,1
STU03182,CIVIL,2026-01-11,120,10:07:00,11:24:00,1,0,0,27.16,9.48,27.22,0,1,2,0,20.55,0,0,0,57.21,11:24:00,0
STU03183,ECE,2026-01-08,120,10:01:00,11:26:00,1,0,0,25.71,45.81,25.15,0,0,3,0,36.42,1,1,1,59.78,11:23:00,0
STU03184,CIVIL,2026-02-07,60,10:06:00,10:57:00,0,0,1,21.53,15.87,18.78,0,0,1,0,16.3,0,0,0,36.49,10:55:00,0
STU03185,AIML,2026-01-20,90,09:10:00,09:44:00,4,0,1,47.13,59.91,55.27,1,4,8,4,80.77,0,1,1,21.68,09:42:00,1
STU03186,MECH,2026-02-22,90,10:01:00,10:54:00,0,0,0,7.15,8.87,6.13,0,0,0,0,26.8,0,0,0,40.82,10:54:00,0
STU03187,ECE,2026-02-16,90,14:09:00,15:37:00,5,1,0,65.55,69.45,56.26,2,4,5,1,70.18,2,2,2,94.1,15:34:00,1
STU03188,DS,2026-01-31,90,14:02:00,14:43:00,1,0,0,24.26,17.16,13.09,0,1,2,0,15.16,0,0,0,50.96,14:42:00,0
STU03189,MECH,2026-01-21,60,09:00:00,09:54:00,0,0,0,14.5,10.23,22.69,0,1,0,1,34.59,0,0,0,35.64,09:53:00,0
STU03190,AIML,2026-03-15,90,14:06:00,15:04:00,5,1,1,64.08,76.47,67.2,4,1,7,4,64.55,2,1,2,59.84,15:04:00,1
STU03191,MECH,2026-01-27,120,09:08:00,10:08:00,2,1,1,26.7,26.95,26.55,1,2,3,0,45.28,0,1,0,77.6,10:06:00,1
STU03192,CIVIL,2026-02-01,60,14:09:00,14:43:00,3,0,1,28.61,31.01,28.29,0,1,4,0,63.5,1,0,1,53.77,14:42:00,1
STU03193,EEE,2026-02-20,120,09:01:00,10:12:00,1,0,1,8.67,12.87,14.13,0,0,0,1,5.5,0,0,0,51.37,10:09:00,0
STU03194,CSE,2026-03-15,120,09:04:00,09:49:00,7,0,1,50.78,79.12,62.58,3,3,4,1,76.75,2,2,2,26.98,09:49:00,1
STU03195,AIML,2026-02-13,60,09:08:00,09:41:00,3,1,0,21.76,55.2,29.95,0,1,2,2,37.03,1,0,1,48.27,09:38:00,1
STU03196,DS,2026-01-18,120,09:06:00,10:37:00,7,0,1,40.83,66.93,61.07,2,4,4,2,68.41,2,2,2,16.2,10:35:00,1
STU03197,EEE,2026-03-15,90,14:05:00,15:08:00,0,0,0,29.62,27.1,8.82,0,0,2,0,18.0,0,0,0,53.98,15:06:00,0
STU03198,IT,2026-01-03,60,09:10:00,09:49:00,1,1,0,15.56,26.42,23.29,0,0,2,0,29.85,0,0,0,44.25,09:48:00,0
STU03199,IT,2026-02-25,120,14:03:00,15:46:00,8,1,0,80.52,89.44,84.88,10,11,8,4,84.91,3,3,5,47.4,15:46:00,1
STU03200,CSE,2026-01-30,60,14:09:00,14:49:00,2,0,0,44.29,35.46,41.41,0,2,1,0,39.38,0,1,0,48.61,14:49:00,0
STU03201,CIVIL,2026-01-23,90,14:01:00,15:19:00,17,1,1,66.94,82.32,94.88,5,5,18,5,83.05,1,5,1,39.52,15:16:00,1
STU03202,AIML,2026-01-07,90,10:01:00,11:29:00,1,0,0,22.83,7.56,20.82,0,1,2,1,11.29,0,0,0,52.22,11:29:00,0
STU03203,AIML,2026-02-01,120,14:09:00,15:37:00,0,0,0,10.76,5.42,28.75,0,0,0,0,43.56,0,0,0,46.98,15:34:00,0
STU03204,EEE,2026-02-12,60,09:00:00,09:57:00,12,1,1,70.11,78.34,88.06,6,9,21,7,82.22,3,2,3,65.07,09:56:00,1
STU03205,EEE,2026-03-04,60,14:06:00,14:56:00,1,0,0,36.71,38.71,40.2,0,1,5,1,40.44,1,1,0,68.88,14:54:00,1
STU03206,CIVIL,2026-03-22,120,10:00:00,11:21:00,0,0,0,24.14,33.06,8.17,0,0,1,1,40.99,0,0,0,41.11,11:20:00,0
STU03207,IT,2026-01-14,60,14:02:00,14:57:00,1,0,0,16.97,26.11,21.83,0,0,1,0,36.01,0,0,0,27.27,14:54:00,0
STU03208,ECE,2026-01-24,60,10:03:00,10:39:00,1,0,0,22.73,33.28,6.85,0,0,0,0,44.71,0,0,0,58.16,10:37:00,0
STU03209,DS,2026-02-12,90,14:07:00,15:21:00,3,0,0,35.2,39.35,53.46,0,1,1,0,46.8,0,1,1,76.71,15:19:00,1
STU03210,CIVIL,2026-03-22,90,14:02:00,14:43:00,0,0,0,26.34,30.38,28.16,0,0,1,1,15.27,0,0,0,52.01,14:41:00,0
STU03211,DS,2026-01-22,90,09:04:00,10:20:00,1,1,0,36.69,27.81,45.8,0,2,1,1,46.93,1,0,0,82.82,10:17:00,1
STU03212,CSE,2026-03-04,120,09:01:00,10:55:00,9,1,1,76.46,79.26,93.69,6,8,11,4,81.08,4,3,1,79.63,10:53:00,1
STU03213,IT,2026-03-14,120,10:09:00,10:49:00,1,1,0,22.88,25.1,10.31,0,1,1,1,11.55,0,0,0,66.35,10:47:00,0
STU03214,EEE,2026-01-21,90,10:01:00,11:07:00,11,0,0,87.7,77.98,86.65,4,4,14,5,94.2,1,4,1,18.9,11:06:00,1
STU03215,DS,2026-01-25,120,09:10:00,09:54:00,1,0,0,30.46,50.32,34.3,1,1,2,0,48.05,1,0,1,19.8,09:53:00,1
STU03216,IT,2026-02-28,120,09:05:00,09:54:00,3,1,1,40.52,65.63,67.93,4,4,8,1,60.01,2,0,2,53.33,09:54:00,1
STU03217,CIVIL,2026-03-26,120,14:08:00,15:11:00,4,1,1,44.16,52.72,63.03,3,1,7,2,62.09,0,0,2,64.14,15:08:00,1
STU03218,CSE,2026-02-24,60,10:01:00,10:41:00,0,0,0,23.94,18.55,14.68,0,0,2,1,38.02,0,0,0,53.64,10:41:00,0
STU03219,DS,2026-04-01,90,10:03:00,10:48:00,0,0,0,27.86,22.96,27.9,0,1,0,1,13.79,0,0,0,53.39,10:46:00,0
STU03220,MECH,2026-03-16,60,14:06:00,15:03:00,5,1,1,71.35,58.93,66.93,3,4,6,1,79.42,0,1,2,57.12,15:00:00,1
STU03221,DS,2026-01-29,60,14:10:00,14:42:00,2,1,0,39.23,37.68,51.72,1,0,1,1,57.75,1,1,0,81.66,14:42:00,1
STU03222,DS,2026-03-31,90,09:03:00,10:28:00,0,1,0,19.38,34.44,27.91,0,0,0,0,14.17,0,0,0,53.0,10:26:00,0
STU03223,DS,2026-02-07,120,09:07:00,10:03:00,1,0,1,18.78,9.61,17.0,0,0,0,0,32.6,0,0,0,54.86,10:03:00,0
STU03224,CIVIL,2026-03-20,60,09:01:00,09:54:00,5,1,0,63.53,79.43,55.68,2,3,10,1,77.95,2,2,1,97.26,09:52:00,1
STU03225,EEE,2026-02-11,90,14:04:00,15:07:00,7,0,1,69.9,52.16,64.82,1,5,10,4,72.33,1,2,0,29.66,15:04:00,1
STU03226,CSE,2026-02-08,90,14:08:00,14:43:00,2,1,1,22.55,48.86,46.22,1,0,2,0,48.57,0,0,0,26.49,14:40:00,1
STU03227,EEE,2026-03-06,90,14:05:00,14:46:00,1,0,0,17.46,28.98,34.56,0,1,1,0,28.71,0,0,0,31.94,14:44:00,0
STU03228,CIVIL,2026-02-12,60,10:08:00,10:50:00,1,0,0,20.31,31.0,26.17,0,0,1,0,21.41,0,0,0,58.83,10:50:00,0
STU03229,AIML,2026-03-22,90,10:09:00,11:00:00,2,0,0,21.68,53.32,39.3,1,0,3,1,62.78,0,0,1,57.55,11:00:00,1
STU03230,MECH,2026-02-22,90,09:03:00,09:36:00,1,0,1,29.59,26.38,7.88,0,0,1,0,18.37,0,0,0,49.54,09:33:00,0
STU03231,CIVIL,2026-03-02,60,09:07:00,09:51:00,1,0,0,14.99,17.32,11.9,0,0,0,1,29.01,0,0,0,45.42,09:48:00,0
STU03232,CIVIL,2026-01-04,90,09:09:00,09:53:00,0,0,1,8.92,34.26,27.64,0,1,2,0,6.76,0,0,0,42.05,09:50:00,0
STU03233,CSE,2026-01-29,90,10:02:00,10:58:00,0,0,0,21.7,11.27,19.16,0,0,0,0,31.1,0,0,0,59.94,10:55:00,0
STU03234,CSE,2026-02-17,120,14:08:00,15:30:00,0,1,0,16.89,32.97,34.28,0,1,1,1,37.21,0,0,0,36.42,15:27:00,0
STU03235,CSE,2026-03-21,60,10:05:00,11:05:00,1,0,1,30.85,43.26,51.3,0,0,3,1,39.92,1,1,0,78.72,11:02:00,1
STU03236,MECH,2026-03-21,90,14:00:00,14:59:00,0,0,0,23.48,12.84,28.33,0,1,2,1,36.18,0,0,0,51.71,14:57:00,0
STU03237,DS,2026-01-14,90,14:08:00,15:25:00,1,0,0,40.69,48.99,39.49,0,1,2,1,59.22,0,1,0,78.27,15:25:00,0
STU03238,AIML,2026-02-15,90,14:00:00,15:03:00,2,0,0,28.45,43.18,27.22,1,1,3,1,60.07,0,0,0,43.44,15:00:00,0
STU03239,AIML,2026-01-03,120,10:06:00,10:58:00,1,0,0,27.23,26.37,12.21,0,0,1,1,7.8,0,0,0,63.49,10:56:00,0
STU03240,IT,2026-02-02,90,10:06:00,10:47:00,0,0,0,14.28,22.29,34.52,0,0,1,0,10.29,0,0,0,43.7,10:44:00,0
STU03241,DS,2026-01-05,60,14:08:00,14:41:00,4,1,0,52.38,56.65,59.53,2,2,9,2,65.11,0,0,2,24.12,14:40:00,1
STU03242,IT,2026-01-11,120,09:07:00,09:52:00,0,0,0,26.82,18.35,26.35,0,0,1,1,11.16,0,0,0,38.91,09:49:00,0
STU03243,IT,2026-02-05,90,14:05:00,15:13:00,1,0,0,27.58,17.82,16.53,0,1,2,1,11.92,0,0,0,27.67,15:12:00,0
STU03244,AIML,2026-02-25,120,09:03:00,10:56:00,1,0,0,13.18,28.11,9.65,0,0,1,0,19.53,0,0,0,29.94,10:53:00,0
STU03245,CIVIL,2026-02-18,60,14:01:00,14:39:00,1,0,0,5.56,15.05,5.23,0,1,0,1,18.57,0,0,0,44.34,14:39:00,0
STU03246,MECH,2026-02-21,90,14:10:00,15:03:00,1,0,0,14.17,12.19,10.17,0,0,1,0,37.9,0,0,0,33.24,15:03:00,0
STU03247,ECE,2026-02-07,60,14:06:00,14:46:00,1,0,1,29.09,13.29,31.87,0,0,0,0,23.11,0,0,0,43.28,14:44:00,0
STU03248,DS,2026-02-19,90,14:05:00,14:42:00,1,0,0,18.1,5.39,30.18,0,0,0,0,22.18,0,0,0,56.51,14:39:00,0
STU03249,MECH,2026-02-25,120,10:01:00,12:00:00,1,0,0,47.97,32.17,42.21,1,0,5,1,57.67,1,0,0,23.95,11:57:00,1
STU03250,CSE,2026-02-06,60,14:08:00,14:51:00,7,0,1,63.55,52.88,62.06,3,4,6,4,69.49,2,1,2,19.22,14:48:00,1
STU03251,ECE,2026-02-19,90,09:10:00,10:39:00,8,0,1,69.09,87.29,88.08,9,10,17,7,80.02,5,5,4,24.7,10:36:00,1
STU03252,EEE,2026-03-07,120,09:01:00,09:35:00,0,0,0,5.9,12.78,20.11,0,1,0,0,12.32,0,0,0,69.08,09:32:00,0
STU03253,CSE,2026-03-14,60,09:09:00,09:55:00,1,0,0,5.64,23.98,16.0,0,0,1,0,36.78,0,0,0,47.24,09:53:00,0
STU03254,ECE,2026-01-03,120,14:04:00,14:37:00,1,0,0,29.1,26.99,35.54,1,2,5,1,54.69,0,1,1,16.42,14:37:00,1
STU03255,IT,2026-02-13,90,14:09:00,15:31:00,0,0,0,9.99,20.78,23.37,0,0,2,0,35.16,0,0,0,65.81,15:31:00,0
STU03256,MECH,2026-01-26,120,09:04:00,10:46:00,6,0,1,52.2,66.09,53.78,4,4,4,1,66.18,2,1,0,92.06,10:44:00,1
STU03257,MECH,2026-03-19,60,09:03:00,09:52:00,8,0,1,94.88,85.64,85.36,7,5,17,7,96.63,3,4,4,8.58,09:49:00,1
STU03258,EEE,2026-03-03,120,09:09:00,11:03:00,0,0,0,23.55,8.31,30.31,0,1,1,0,15.22,0,0,0,58.68,11:01:00,0
STU03259,CIVIL,2026-03-18,60,14:07:00,15:07:00,2,0,0,46.32,48.2,48.32,0,1,2,2,59.69,0,1,1,53.11,15:06:00,1
STU03260,DS,2026-01-10,60,14:00:00,14:36:00,0,1,0,13.72,30.07,28.19,0,0,2,0,30.51,0,0,0,45.24,14:34:00,0
STU03261,DS,2026-01-14,90,14:03:00,14:49:00,1,1,0,26.88,47.92,45.91,1,0,3,2,59.79,0,0,0,79.73,14:46:00,1
STU03262,CIVIL,2026-02-26,60,09:00:00,09:36:00,6,1,1,70.06,71.81,65.76,4,3,4,2,80.97,0,2,1,91.43,09:35:00,1
STU03263,CIVIL,2026-03-13,60,09:05:00,09:58:00,3,1,0,57.17,77.61,49.54,2,1,9,3,67.95,2,1,1,61.48,09:55:00,1
STU03264,EEE,2026-01-15,60,14:03:00,14:36:00,0,0,0,9.54,27.29,24.35,0,0,0,0,28.65,0,0,0,67.9,14:35:00,0
STU03265,EEE,2026-01-07,90,09:06:00,09:56:00,1,0,0,25.63,16.02,30.48,0,1,1,1,15.67,0,0,0,51.1,09:55:00,0
STU03266,AIML,2026-03-09,120,14:07:00,16:05:00,1,1,0,34.54,27.99,29.29,1,0,5,1,54.93,0,1,1,54.17,16:02:00,1
STU03267,AIML,2026-03-19,90,10:08:00,11:13:00,1,0,0,27.16,12.87,8.76,0,0,1,0,31.93,0,0,0,67.29,11:13:00,0
STU03268,EEE,2026-01-30,120,14:08:00,15:04:00,1,0,0,28.76,19.67,28.61,0,1,2,0,8.82,0,0,0,30.07,15:04:00,0
STU03269,CSE,2026-02-26,60,14:06:00,15:00:00,3,0,1,42.81,51.55,41.87,0,2,5,1,35.77,0,1,1,49.07,14:57:00,1
STU03270,MECH,2026-03-12,90,09:06:00,10:36:00,0,0,0,17.64,29.29,8.96,0,1,0,0,29.44,0,0,0,36.18,10:34:00,0
STU03271,EEE,2026-01-08,90,10:00:00,10:39:00,1,0,1,24.08,24.32,17.53,0,0,0,0,23.67,0,0,0,37.64,10:39:00,0
STU03272,CSE,2026-03-08,60,14:08:00,14:48:00,1,0,0,43.71,44.51,42.41,0,1,2,1,53.8,0,1,1,23.18,14:45:00,1
STU03273,ECE,2026-03-08,120,14:03:00,15:57:00,0,1,0,21.78,30.76,14.67,0,1,1,1,19.47,0,0,0,40.42,15:55:00,0
STU03274,EEE,2026-03-25,120,09:03:00,09:41:00,0,1,0,17.89,29.68,23.16,0,1,1,1,37.99,0,0,0,56.38,09:41:00,0
STU03275,IT,2026-02-19,120,09:00:00,09:57:00,1,1,1,28.43,11.55,19.43,0,1,0,1,19.88,0,0,0,27.66,09:55:00,1
STU03276,IT,2026-01-20,90,10:10:00,11:36:00,3,0,0,32.19,29.92,43.7,0,0,2,0,37.26,1,0,1,61.73,11:35:00,0
STU03277,EEE,2026-01-26,60,14:04:00,15:05:00,7,1,1,85.13,84.28,87.05,9,11,9,2,94.32,2,1,1,107.06,15:04:00,1
STU03278,IT,2026-01-19,60,14:08:00,14:47:00,3,0,0,36.5,52.17,48.7,1,0,4,1,35.9,0,0,0,48.07,14:47:00,0
STU03279,IT,2026-01-02,120,14:05:00,15:22:00,2,0,0,35.91,25.84,28.39,0,0,2,0,64.48,1,0,0,76.09,15:21:00,0
STU03280,ECE,2026-02-23,60,14:02:00,14:43:00,3,1,1,54.31,52.35,77.87,1,3,5,4,62.08,2,2,1,38.72,14:43:00,1
STU03281,CIVIL,2026-03-22,120,09:09:00,10:39:00,0,1,0,13.49,30.6,13.56,0,1,0,0,15.18,0,0,0,48.53,10:38:00,0
STU03282,AIML,2026-02-08,60,14:02:00,14:41:00,1,0,0,15.44,27.5,24.33,0,0,0,0,36.99,0,0,0,64.45,14:39:00,0
STU03283,DS,2026-02-15,60,14:07:00,14:38:00,0,1,0,6.19,21.52,34.5,0,1,0,0,14.6,0,0,0,42.2,14:37:00,0
STU03284,CIVIL,2026-03-01,60,14:03:00,14:56:00,3,0,0,43.71,43.13,31.11,0,0,3,1,48.29,0,0,1,81.21,14:54:00,0
STU03285,CIVIL,2026-01-26,120,14:09:00,15:34:00,1,0,0,16.78,21.99,10.35,0,0,0,1,40.36,0,0,0,37.86,15:33:00,0
STU03286,ECE,2026-03-13,60,14:07:00,15:05:00,0,0,0,22.41,17.65,21.42,0,0,0,1,23.2,0,0,0,54.7,15:05:00,0
STU03287,AIML,2026-03-11,90,09:08:00,09:43:00,0,0,0,26.49,26.91,7.08,0,0,2,0,16.36,0,0,0,26.69,09:42:00,0
STU03288,CSE,2026-01-31,60,10:09:00,10:45:00,1,1,0,27.57,27.44,7.23,0,0,1,0,36.15,0,0,0,29.55,10:43:00,0
STU03289,MECH,2026-01-13,60,14:03:00,14:47:00,1,0,0,29.46,27.68,12.95,0,0,2,0,20.56,0,0,0,55.79,14:46:00,0
STU03290,EEE,2026-02-28,120,09:03:00,10:52:00,1,0,0,8.87,6.14,27.86,0,0,2,1,17.56,0,0,0,35.41,10:52:00,0
STU03291,AIML,2026-01-25,60,10:05:00,10:41:00,6,1,0,57.34,55.26,63.67,2,4,8,4,76.64,2,1,0,103.29,10:39:00,1
STU03292,CSE,2026-03-01,120,10:04:00,11:00:00,1,0,1,47.3,42.73,42.64,1,0,3,2,53.83,1,1,1,30.42,10:59:00,1
STU03293,IT,2026-02-17,90,14:02:00,15:02:00,0,1,1,25.82,24.92,16.43,0,0,2,1,13.49,0,0,0,60.62,15:01:00,0
STU03294,ECE,2026-02-20,90,10:04:00,10:57:00,0,0,1,25.24,24.34,25.26,0,1,1,0,5.27,0,0,0,27.01,10:55:00,0
STU03295,DS,2026-02-11,60,09:02:00,09:46:00,0,0,1,7.17,5.03,7.65,0,1,2,0,39.39,0,0,0,65.95,09:45:00,0
STU03296,CSE,2026-03-25,60,10:07:00,10:43:00,1,0,1,16.68,10.14,15.4,0,1,1,0,5.34,0,0,0,37.06,10:41:00,0
STU03297,AIML,2026-02-14,120,09:09:00,10:01:00,1,0,0,24.88,30.01,34.71,0,0,0,0,35.76,0,0,0,29.74,09:58:00,0
STU03298,EEE,2026-01-20,60,10:00:00,10:34:00,1,0,0,17.76,5.37,24.48,0,1,1,1,18.42,0,0,0,65.62,10:34:00,0
STU03299,DS,2026-03-01,90,09:10:00,10:20:00,3,0,0,40.77,61.47,76.0,2,4,10,1,65.95,2,2,1,68.01,10:17:00,1
STU03300,DS,2026-02-27,120,09:01:00,09:59:00,0,1,1,9.33,10.71,15.47,0,1,0,0,34.37,0,0,0,46.08,09:56:00,0
STU03301,DS,2026-02-15,90,14:00:00,14:59:00,0,1,1,19.37,32.71,27.27,0,1,0,0,37.33,0,0,0,27.47,14:57:00,1
STU03302,AIML,2026-02-02,120,10:06:00,10:45:00,7,1,1,54.64,68.32,49.57,2,5,7,2,82.11,0,1,0,9.48,10:45:00,1
STU03303,AIML,2026-03-25,90,10:07:00,10:41:00,3,0,0,45.24,51.44,28.05,0,0,1,2,52.72,0,0,0,68.25,10:38:00,0
STU03304,MECH,2026-02-14,90,09:07:00,10:21:00,1,1,0,27.78,29.07,54.64,0,1,1,2,44.05,1,1,1,41.43,10:18:00,1
STU03305,EEE,2026-01-03,120,10:05:00,11:35:00,1,0,0,25.25,33.88,5.89,0,0,1,1,29.69,0,0,0,55.37,11:33:00,0
STU03306,MECH,2026-04-01,90,09:00:00,09:41:00,4,1,1,47.42,76.31,58.3,1,5,7,3,65.86,1,1,1,37.44,09:40:00,1
STU03307,CSE,2026-01-22,90,09:00:00,10:30:00,4,1,0,51.7,73.58,52.55,3,3,8,2,66.53,0,1,0,100.76,10:30:00,1
STU03308,ECE,2026-01-09,90,09:02:00,10:18:00,1,0,1,40.52,56.73,46.98,1,0,3,1,56.95,1,0,1,41.75,10:17:00,1
STU03309,EEE,2026-03-10,90,09:01:00,09:41:00,13,1,1,75.44,95.87,92.4,4,11,8,4,84.28,3,5,2,46.72,09:40:00,1
STU03310,CSE,2026-01-19,60,09:08:00,09:50:00,0,0,0,25.5,13.68,13.1,0,1,0,0,42.68,0,0,0,38.89,09:47:00,0
STU03311,ECE,2026-01-09,60,10:05:00,10:47:00,0,0,0,10.61,9.44,21.82,0,1,0,1,25.39,0,0,0,36.77,10:47:00,0
STU03312,IT,2026-03-21,120,09:05:00,10:52:00,1,0,0,16.55,26.8,19.48,0,0,1,1,7.81,0,0,0,55.93,10:50:00,0
STU03313,CSE,2026-03-16,120,10:10:00,11:06:00,2,0,0,34.54,50.06,40.43,0,1,1,2,51.36,1,1,1,68.07,11:03:00,1
STU03314,MECH,2026-01-29,90,09:09:00,10:37:00,1,1,1,35.35,25.32,35.51,1,1,1,2,44.7,1,1,1,81.26,10:34:00,1
STU03315,CSE,2026-03-13,120,10:00:00,11:02:00,6,1,1,59.62,64.02,75.42,4,1,8,2,80.13,1,0,0,10.36,11:00:00,1
STU03316,CSE,2026-03-11,90,10:10:00,11:23:00,1,1,0,31.47,47.77,37.0,0,2,2,2,43.96,0,0,1,33.94,11:23:00,1
STU03317,CIVIL,2026-01-30,120,10:03:00,11:11:00,5,1,1,66.74,56.38,74.71,3,4,7,1,66.87,2,1,2,93.84,11:11:00,1
STU03318,IT,2026-03-30,120,09:01:00,09:51:00,3,1,1,42.15,44.61,40.57,1,2,3,2,43.14,0,0,0,59.53,09:48:00,1
STU03319,EEE,2026-03-17,120,10:01:00,10:44:00,0,1,0,15.66,9.73,9.56,0,0,2,1,28.53,0,0,0,47.11,10:43:00,0
STU03320,MECH,2026-02-04,120,09:01:00,10:37:00,1,0,0,41.73,29.04,43.43,1,1,5,1,63.22,1,1,1,26.78,10:36:00,1
STU03321,CIVIL,2026-03-17,60,14:08:00,14:54:00,3,0,0,23.89,35.16,33.21,1,0,2,0,43.83,0,0,1,61.25,14:54:00,0
STU03322,EEE,2026-01-11,60,09:07:00,09:39:00,1,0,0,34.27,45.65,30.66,0,0,2,1,64.67,1,0,1,84.58,09:39:00,0
STU03323,CIVIL,2026-01-15,120,09:05:00,10:24:00,3,1,0,56.63,61.87,72.95,3,4,4,3,67.49,2,1,1,39.59,10:24:00,1
STU03324,CIVIL,2026-02-18,90,14:00:00,14:40:00,1,1,0,37.28,30.63,31.15,0,1,3,1,45.27,0,0,1,74.15,14:40:00,1
STU03325,ECE,2026-02-08,90,10:04:00,11:11:00,1,1,0,13.65,13.69,21.99,0,0,0,0,28.34,0,0,0,52.36,11:08:00,0
STU03326,MECH,2026-02-27,120,14:06:00,15:21:00,10,1,1,72.56,76.31,82.97,9,6,18,3,89.2,5,5,2,49.68,15:21:00,1
STU03327,MECH,2026-01-29,120,10:05:00,10:45:00,0,0,0,23.5,17.54,18.13,0,0,0,0,41.73,0,0,0,63.43,10:44:00,0
STU03328,MECH,2026-03-18,60,10:05:00,10:41:00,6,1,1,49.33,53.02,71.43,4,1,7,2,77.43,0,0,2,54.32,10:38:00,1
STU03329,ECE,2026-02-25,90,10:02:00,11:27:00,1,1,0,23.42,16.51,16.07,0,0,1,1,14.55,0,0,0,69.42,11:24:00,0
STU03330,MECH,2026-03-22,90,10:05:00,10:41:00,18,1,1,76.3,88.24,93.04,6,10,12,8,98.19,5,5,1,15.61,10:38:00,1
STU03331,IT,2026-03-12,120,14:00:00,15:20:00,1,0,0,26.1,7.23,14.74,0,0,0,0,36.18,0,0,0,51.24,15:20:00,0
STU03332,MECH,2026-03-08,90,10:00:00,10:45:00,1,0,0,32.39,36.71,26.2,1,2,5,0,40.97,0,0,1,33.53,10:43:00,1
STU03333,CIVIL,2026-03-23,90,14:09:00,15:22:00,0,0,0,12.53,21.78,17.24,0,1,2,0,19.41,0,0,0,53.99,15:20:00,0
STU03334,AIML,2026-01-21,90,10:02:00,11:09:00,7,1,0,71.83,79.31,50.09,1,1,10,3,80.57,2,2,2,78.18,11:09:00,1
STU03335,CIVIL,2026-02-09,60,14:10:00,14:59:00,1,1,0,12.77,31.4,10.53,0,1,1,1,28.94,0,0,0,35.69,14:57:00,0
STU03336,EEE,2026-03-23,120,09:06:00,10:31:00,5,1,0,57.68,59.98,65.1,3,2,6,3,83.69,0,0,2,43.48,10:30:00,1
STU03337,MECH,2026-01-11,90,10:05:00,10:44:00,0,0,0,9.41,31.89,16.26,0,1,0,0,14.44,0,0,0,58.29,10:43:00,0
STU03338,ECE,2026-01-18,90,10:00:00,11:27:00,0,0,0,22.25,7.4,26.26,0,1,2,0,27.11,0,0,0,55.11,11:26:00,0
STU03339,EEE,2026-01-26,60,14:00:00,14:44:00,0,0,0,25.8,19.82,25.52,0,1,0,1,13.54,0,0,0,58.21,14:43:00,0
STU03340,IT,2026-02-05,60,10:06:00,10:41:00,0,1,1,14.62,24.24,17.59,0,0,0,1,9.54,0,0,0,46.58,10:38:00,0
STU03341,DS,2026-02-24,60,09:03:00,10:06:00,6,1,0,70.83,67.44,77.32,2,4,10,2,64.33,1,2,1,11.24,10:03:00,1
STU03342,MECH,2026-03-09,60,10:04:00,10:43:00,0,0,0,9.7,12.42,34.01,0,1,1,1,35.79,0,0,0,48.69,10:40:00,0
STU03343,CSE,2026-01-25,60,09:07:00,09:41:00,1,0,0,20.94,21.54,23.13,0,1,0,1,39.23,0,0,0,29.18,09:40:00,0
STU03344,DS,2026-03-07,90,14:09:00,15:06:00,0,0,0,5.53,18.13,25.83,0,0,2,0,35.79,0,0,0,53.73,15:06:00,0
STU03345,IT,2026-01-01,120,14:10:00,14:42:00,0,0,0,22.77,12.26,27.21,0,0,1,1,14.77,0,0,0,57.94,14:42:00,0
STU03346,ECE,2026-03-22,90,14:02:00,15:30:00,1,0,0,26.44,33.33,26.81,1,1,5,0,54.32,1,1,0,18.66,15:29:00,1
STU03347,CSE,2026-02-04,60,10:04:00,10:45:00,3,1,1,71.42,63.98,73.35,2,2,10,1,62.37,2,0,2,91.32,10:45:00,1
STU03348,CIVIL,2026-01-31,90,14:10:00,14:53:00,0,0,0,17.04,14.34,24.28,0,0,0,1,9.23,0,0,0,54.43,14:52:00,0
STU03349,IT,2026-03-28,60,10:09:00,11:08:00,0,0,0,24.03,9.45,32.79,0,1,2,1,28.16,0,0,0,35.24,11:08:00,0
STU03350,AIML,2026-02-11,120,14:01:00,15:46:00,2,0,0,30.37,42.85,49.65,1,0,5,1,55.52,0,0,1,81.03,15:46:00,1
STU03351,ECE,2026-01-18,120,10:10:00,11:10:00,1,0,0,21.01,12.32,7.06,0,1,0,1,33.9,0,0,0,57.19,11:07:00,0
STU03352,IT,2026-01-24,60,14:08:00,14:51:00,5,0,1,48.64,62.11,64.87,3,4,6,2,83.29,2,0,0,75.52,14:50:00,1
STU03353,ECE,2026-02-25,90,09:04:00,09:51:00,0,0,0,21.27,30.18,5.86,0,1,0,0,28.44,0,0,0,32.41,09:49:00,0
STU03354,CIVIL,2026-01-14,60,10:00:00,10:37:00,1,0,0,7.15,16.8,18.84,0,1,2,1,28.69,0,0,0,49.45,10:37:00,0
STU03355,CSE,2026-03-05,90,10:04:00,10:39:00,0,0,1,20.81,26.17,24.97,0,1,1,1,31.73,0,0,0,45.0,10:36:00,0
STU03356,IT,2026-03-09,90,10:07:00,11:24:00,0,0,0,19.61,32.67,11.91,0,1,1,1,14.08,0,0,0,49.34,11:23:00,0
STU03357,ECE,2026-01-03,90,10:04:00,11:20:00,1,1,0,7.83,6.9,10.87,0,0,1,1,32.67,0,0,0,25.93,11:17:00,0
STU03358,CSE,2026-01-19,60,09:06:00,09:43:00,1,1,0,16.33,18.43,31.51,0,0,1,1,26.98,0,0,0,50.19,09:42:00,0
STU03359,IT,2026-03-12,90,09:05:00,10:22:00,2,0,0,29.72,39.1,32.05,0,1,3,0,50.49,1,1,0,81.66,10:19:00,1
STU03360,CSE,2026-02-06,90,10:02:00,10:40:00,1,0,0,22.58,29.68,5.61,0,0,1,0,25.77,0,0,0,54.01,10:37:00,0
STU03361,CSE,2026-01-29,120,14:08:00,15:02:00,3,0,0,26.84,54.04,40.92,0,0,5,0,64.3,0,1,1,23.99,15:02:00,1
STU03362,ECE,2026-03-11,90,09:06:00,09:37:00,2,0,1,25.76,35.84,54.07,1,2,5,0,42.82,1,0,1,60.1,09:36:00,1
STU03363,IT,2026-03-06,90,09:03:00,09:51:00,0,0,0,25.68,14.47,10.59,0,1,1,1,5.77,0,0,0,63.2,09:49:00,0
STU03364,DS,2026-01-19,90,09:01:00,09:51:00,0,1,0,7.19,11.03,13.67,0,0,1,0,35.94,0,0,0,65.14,09:51:00,0
STU03365,IT,2026-02-06,60,10:03:00,10:42:00,4,0,1,60.51,65.93,74.71,4,3,8,2,74.08,0,1,0,27.84,10:41:00,1
STU03366,DS,2026-03-18,60,10:01:00,10:59:00,1,0,0,10.63,29.09,23.87,0,0,2,1,39.79,0,0,0,43.54,10:56:00,0
STU03367,CSE,2026-02-04,120,09:02:00,10:26:00,0,0,1,12.99,27.47,17.76,0,0,2,0,13.47,0,0,0,43.11,10:23:00,0
STU03368,CIVIL,2026-03-09,90,09:08:00,09:51:00,1,0,1,16.74,8.8,11.61,0,0,2,1,14.87,0,0,0,37.98,09:48:00,0
STU03369,IT,2026-02-17,90,09:05:00,09:58:00,0,0,1,21.19,12.22,28.04,0,1,0,0,19.95,0,0,0,59.93,09:57:00,0
STU03370,AIML,2026-01-15,90,14:10:00,15:38:00,2,1,0,42.26,40.51,50.93,0,1,3,1,43.6,1,0,1,45.16,15:36:00,1
STU03371,EEE,2026-03-16,60,09:02:00,09:46:00,1,0,1,19.78,20.96,26.03,0,1,1,0,6.71,0,0,0,58.78,09:46:00,0
STU03372,ECE,2026-03-28,120,09:09:00,11:01:00,3,0,0,31.64,34.45,49.6,0,2,4,0,40.14,1,1,0,47.88,10:59:00,1
STU03373,AIML,2026-02-10,120,09:10:00,10:42:00,4,1,0,71.48,79.72,76.14,4,4,4,1,72.29,2,2,2,59.2,10:40:00,1
STU03374,CIVIL,2026-03-12,60,10:06:00,10:45:00,1,1,0,16.73,15.07,19.58,0,1,1,0,35.35,0,0,0,69.06,10:45:00,0
STU03375,ECE,2026-02-21,60,09:04:00,09:47:00,0,0,0,7.55,16.99,5.44,0,1,0,0,20.27,0,0,0,39.42,09:46:00,0
STU03376,DS,2026-03-28,60,10:00:00,10:41:00,1,0,0,6.43,22.05,26.04,0,1,2,0,40.88,0,0,0,60.78,10:41:00,0
STU03377,DS,2026-02-23,60,09:03:00,09:47:00,0,0,0,28.8,17.44,22.47,0,1,1,0,41.08,0,0,0,28.52,09:46:00,0
STU03378,CSE,2026-03-06,60,10:01:00,11:02:00,4,1,1,62.32,64.96,76.87,2,3,6,1,72.12,2,1,1,45.48,11:01:00,1
STU03379,IT,2026-02-20,90,10:02:00,10:47:00,0,0,1,27.18,29.81,17.23,0,0,0,1,30.25,0,0,0,62.27,10:44:00,0
STU03380,IT,2026-01-19,60,10:09:00,10:45:00,7,1,0,89.2,95.4,89.5,7,11,25,2,91.9,2,2,3,95.21,10:44:00,1
STU03381,AIML,2026-03-28,60,10:08:00,10:55:00,3,1,1,40.1,54.16,61.49,4,3,6,4,63.45,0,2,2,72.86,10:52:00,1
STU03382,MECH,2026-03-09,120,09:00:00,10:10:00,3,0,0,29.22,57.33,33.5,1,2,3,2,46.81,1,1,1,35.29,10:07:00,1
STU03383,CSE,2026-02-16,90,09:06:00,09:40:00,1,0,0,25.46,37.14,27.39,1,1,5,0,43.13,1,1,0,15.39,09:40:00,1
STU03384,CSE,2026-01-01,60,10:04:00,10:59:00,3,1,1,57.28,68.02,72.09,4,2,8,1,73.44,0,1,0,43.43,10:58:00,1
STU03385,AIML,2026-03-23,60,09:04:00,10:02:00,1,0,1,8.44,6.66,11.91,0,1,1,1,36.59,0,0,0,34.22,10:02:00,0
STU03386,ECE,2026-01-16,120,14:07:00,15:10:00,0,0,0,9.61,27.45,24.13,0,1,0,0,22.73,0,0,0,66.98,15:10:00,0
STU03387,IT,2026-02-03,90,14:03:00,15:23:00,0,0,0,5.82,32.75,32.21,0,0,1,0,8.47,0,0,0,50.1,15:21:00,0
STU03388,IT,2026-03-11,120,09:07:00,10:37:00,1,1,0,8.62,32.26,18.03,0,1,1,0,43.12,0,0,0,29.18,10:35:00,0
STU03389,MECH,2026-02-03,90,14:04:00,15:15:00,0,0,0,23.05,32.0,12.98,0,1,1,0,14.98,0,0,0,26.65,15:15:00,0
STU03390,ECE,2026-03-16,90,14:00:00,15:32:00,11,0,1,79.8,80.83,95.5,6,10,15,3,85.33,3,1,4,81.66,15:30:00,1
STU03391,AIML,2026-02-22,120,14:05:00,15:40:00,5,0,1,64.04,58.71,70.34,2,5,10,2,80.97,1,1,0,94.29,15:37:00,1
STU03392,ECE,2026-03-07,90,14:01:00,14:35:00,3,0,0,24.08,50.49,26.54,0,0,5,0,47.65,1,0,1,34.41,14:34:00,1
STU03393,IT,2026-03-23,120,09:02:00,11:01:00,1,1,0,28.6,32.24,33.89,0,0,4,0,61.8,0,1,0,66.14,11:00:00,1
STU03394,AIML,2026-01-26,60,10:00:00,10:56:00,0,1,0,12.2,30.48,27.38,0,0,1,0,34.08,0,0,0,56.05,10:56:00,0
STU03395,EEE,2026-02-13,120,14:04:00,15:29:00,1,0,0,24.43,11.57,29.54,0,0,2,0,34.65,0,0,0,39.83,15:29:00,0
STU03396,CSE,2026-01-28,90,09:08:00,09:51:00,1,0,0,6.64,14.56,5.52,0,1,0,1,19.92,0,0,0,61.74,09:49:00,0
STU03397,MECH,2026-03-14,60,10:07:00,10:59:00,1,0,0,13.31,25.98,7.67,0,0,1,0,21.35,0,0,0,64.72,10:57:00,0
STU03398,IT,2026-03-13,60,09:02:00,10:01:00,1,0,0,15.16,11.56,22.29,0,1,0,0,33.7,0,0,0,58.62,10:01:00,0
STU03399,DS,2026-02-16,120,09:03:00,09:52:00,1,0,0,32.22,27.52,43.62,1,0,2,1,58.13,1,0,1,29.64,09:51:00,1
STU03400,CIVIL,2026-03-23,60,09:05:00,09:41:00,1,0,0,15.36,22.97,20.98,0,1,2,0,26.78,0,0,0,39.21,09:41:00,0
STU03401,ECE,2026-03-15,60,14:07:00,14:45:00,1,0,0,14.91,23.14,34.58,0,0,2,1,24.58,0,0,0,45.03,14:42:00,0
STU03402,EEE,2026-02-27,60,10:05:00,10:52:00,3,1,1,47.39,76.47,76.95,4,1,6,2,73.79,1,2,0,30.4,10:51:00,1
STU03403,EEE,2026-02-27,120,10:00:00,11:56:00,5,0,1,40.54,57.67,70.72,4,4,6,4,82.48,2,2,2,80.37,11:55:00,1
STU03404,AIML,2026-03-05,60,09:10:00,09:57:00,2,0,0,37.97,38.53,54.92,1,1,1,2,46.39,0,1,0,64.86,09:57:00,1
STU03405,EEE,2026-02-07,90,14:06:00,15:02:00,2,1,1,31.15,42.26,47.14,1,1,3,0,38.53,0,1,1,34.11,14:59:00,1
STU03406,CSE,2026-01-09,60,14:08:00,14:50:00,1,0,0,42.83,47.17,50.01,1,0,1,2,37.15,0,0,1,68.44,14:49:00,0
STU03407,AIML,2026-02-14,60,14:08:00,15:03:00,1,0,0,14.49,10.31,30.92,0,0,0,1,6.49,0,0,0,31.51,15:01:00,0
STU03408,DS,2026-02-13,60,09:08:00,10:08:00,0,0,1,14.4,9.5,20.16,0,0,0,1,28.04,0,0,0,69.16,10:06:00,0
STU03409,MECH,2026-01-04,60,10:02:00,10:37:00,7,0,0,57.19,73.01,66.54,3,2,4,1,75.21,2,1,0,85.31,10:36:00,1
STU03410,CSE,2026-01-27,90,14:10:00,15:18:00,12,1,0,68.28,95.55,77.18,6,4,23,6,93.44,4,2,2,52.32,15:15:00,1
STU03411,EEE,2026-02-20,90,14:04:00,15:10:00,0,0,0,11.34,25.19,29.18,0,0,0,1,8.4,0,0,0,36.86,15:10:00,0
STU03412,DS,2026-03-31,120,14:05:00,14:39:00,0,0,0,20.49,24.82,31.54,0,1,0,1,24.86,0,0,0,38.77,14:37:00,0
STU03413,AIML,2026-01-20,60,09:03:00,09:35:00,5,1,1,45.71,71.4,58.34,2,1,9,4,82.62,2,1,2,41.89,09:35:00,1
STU03414,CSE,2026-01-02,90,10:09:00,11:24:00,1,0,0,20.64,31.69,11.04,0,1,1,1,44.95,0,0,0,34.94,11:22:00,0
STU03415,ECE,2026-03-19,120,09:00:00,09:32:00,0,0,0,6.58,28.81,17.01,0,0,0,0,34.46,0,0,0,57.29,09:30:00,0
STU03416,ECE,2026-03-09,90,10:05:00,11:04:00,8,1,0,87.49,90.51,97.88,7,6,24,2,95.26,3,2,1,18.12,11:04:00,1
STU03417,IT,2026-02-28,90,09:03:00,09:48:00,1,0,0,8.68,11.6,9.77,0,0,2,0,15.7,0,0,0,69.51,09:47:00,0
STU03418,AIML,2026-03-06,120,14:08:00,15:45:00,1,0,0,8.37,24.15,28.39,0,0,0,1,25.01,0,0,0,62.14,15:43:00,0
STU03419,CIVIL,2026-01-07,60,10:10:00,11:11:00,1,0,0,29.48,54.22,32.85,1,2,2,2,44.13,1,1,1,39.0,11:08:00,1
STU03420,ECE,2026-02-20,60,10:03:00,10:52:00,8,1,0,79.72,88.79,93.69,8,10,15,7,85.85,1,5,2,115.62,10:49:00,1
STU03421,CIVIL,2026-02-28,120,09:08:00,09:47:00,1,0,0,30.21,46.81,53.93,0,0,2,0,64.9,0,1,1,55.45,09:47:00,1
STU03422,MECH,2026-02-01,60,09:10:00,09:58:00,5,1,1,43.38,52.96,57.44,2,2,6,4,83.75,0,1,1,26.79,09:58:00,1
STU03423,CIVIL,2026-03-31,90,14:01:00,15:00:00,6,0,0,57.92,55.48,57.59,4,5,8,2,83.48,2,0,0,70.93,14:58:00,1
STU03424,MECH,2026-03-11,90,14:05:00,14:50:00,3,1,0,70.63,79.76,69.77,2,4,10,4,66.67,1,2,1,66.01,14:48:00,1
STU03425,CIVIL,2026-03-08,90,14:08:00,15:33:00,5,1,1,46.49,53.12,51.37,1,3,8,3,62.36,0,2,1,10.57,15:30:00,1
STU03426,ECE,2026-02-14,120,09:00:00,10:35:00,4,1,1,44.25,52.56,55.17,3,1,7,2,65.45,1,2,1,21.4,10:35:00,1
STU03427,DS,2026-01-06,60,10:07:00,10:46:00,2,0,0,31.78,39.81,44.73,0,2,1,2,56.22,0,0,0,31.23,10:45:00,0
STU03428,CIVIL,2026-02-07,120,14:05:00,15:24:00,0,1,0,14.82,15.89,30.99,0,1,0,1,12.99,0,0,0,33.55,15:24:00,0
STU03429,IT,2026-03-31,120,14:06:00,15:19:00,10,0,1,81.69,76.76,77.98,5,9,8,5,83.17,5,3,4,48.81,15:16:00,1
STU03430,DS,2026-01-22,90,10:09:00,10:44:00,0,1,0,27.55,25.83,30.34,0,1,1,0,12.57,0,0,0,46.25,10:41:00,0
STU03431,CSE,2026-03-05,60,14:04:00,14:59:00,1,0,0,15.57,25.04,27.74,0,0,2,1,35.95,0,0,0,38.18,14:57:00,0
STU03432,CIVIL,2026-01-25,120,09:10:00,10:02:00,1,0,1,21.59,9.72,8.7,0,1,1,0,20.05,0,0,0,60.61,09:59:00,0
STU03433,CIVIL,2026-03-04,120,09:04:00,09:44:00,0,0,0,5.45,31.17,18.35,0,1,2,1,40.55,0,0,0,28.83,09:43:00,0
STU03434,CSE,2026-03-29,90,10:00:00,10:37:00,2,1,0,36.46,54.28,54.2,0,1,1,0,64.85,0,0,1,30.17,10:36:00,1
STU03435,EEE,2026-01-30,90,09:09:00,10:37:00,3,0,1,31.58,38.75,30.75,0,0,4,1,57.64,0,1,1,63.86,10:35:00,1
STU03436,MECH,2026-03-27,60,09:09:00,10:06:00,2,0,0,45.99,30.36,41.02,1,1,1,0,60.24,1,1,1,61.27,10:05:00,1
STU03437,AIML,2026-02-03,120,10:03:00,12:03:00,1,1,1,10.04,6.98,5.35,0,0,1,1,17.14,0,0,0,69.7,12:00:00,0
STU03438,MECH,2026-01-11,60,09:10:00,10:03:00,3,0,0,39.54,53.14,39.89,0,0,4,2,60.06,0,0,0,28.65,10:01:00,1
STU03439,DS,2026-02-10,90,09:04:00,09:46:00,1,0,1,28.27,25.43,11.48,0,0,0,1,35.98,0,0,0,45.36,09:44:00,0
STU03440,AIML,2026-01-04,60,14:04:00,14:53:00,0,1,0,21.34,6.88,10.77,0,0,1,1,21.09,0,0,0,34.54,14:50:00,0
STU03441,EEE,2026-01-03,120,14:05:00,14:58:00,1,0,1,27.13,19.1,28.53,0,1,2,1,34.09,0,0,0,63.04,14:58:00,0
STU03442,ECE,2026-01-03,90,14:09:00,15:08:00,1,0,1,6.99,22.56,18.42,0,0,1,0,34.92,0,0,0,39.98,15:07:00,0
STU03443,IT,2026-03-27,90,09:10:00,10:03:00,0,0,0,15.81,28.8,32.11,0,1,1,0,22.04,0,0,0,56.28,10:02:00,0
STU03444,IT,2026-03-20,120,10:01:00,10:39:00,1,0,1,17.24,21.71,15.0,0,0,0,0,10.76,0,0,0,51.52,10:38:00,0
STU03445,EEE,2026-02-27,120,10:05:00,11:48:00,2,0,1,39.99,43.26,48.25,0,0,4,0,48.54,0,0,0,60.89,11:46:00,1
STU03446,EEE,2026-01-04,60,10:02:00,10:40:00,1,0,1,7.27,26.35,15.13,0,0,0,0,36.63,0,0,0,67.23,10:39:00,0
STU03447,EEE,2026-02-22,120,14:10:00,15:28:00,0,0,0,7.61,29.24,25.67,0,1,0,1,42.0,0,0,0,55.65,15:25:00,0
STU03448,ECE,2026-03-09,60,10:05:00,10:47:00,1,0,0,15.56,10.72,16.7,0,1,1,0,18.41,0,0,0,67.63,10:47:00,0
STU03449,EEE,2026-02-14,120,09:08:00,10:28:00,0,1,1,23.35,20.34,19.27,0,0,0,1,16.47,0,0,0,25.44,10:27:00,0
STU03450,CSE,2026-03-27,90,09:02:00,10:05:00,7,0,1,55.8,71.8,65.51,4,3,6,2,72.08,2,2,0,80.78,10:03:00,1
STU03451,EEE,2026-03-10,120,10:06:00,10:51:00,7,0,1,57.18,64.54,68.98,2,1,10,4,62.64,0,1,1,32.48,10:49:00,1
STU03452,MECH,2026-02-23,120,10:04:00,10:59:00,1,0,0,38.91,36.49,52.72,1,0,2,2,59.21,0,0,1,23.65,10:59:00,1
STU03453,DS,2026-01-17,60,10:08:00,10:45:00,1,0,0,20.57,41.98,54.62,1,2,2,0,56.49,1,1,1,31.79,10:44:00,1
STU03454,AIML,2026-01-28,90,10:07:00,11:09:00,1,1,1,37.67,53.05,49.07,0,1,2,2,38.9,1,1,1,63.82,11:08:00,1
STU03455,IT,2026-03-09,90,09:01:00,09:59:00,2,0,0,27.82,37.28,49.4,1,2,2,2,64.38,1,0,1,37.94,09:57:00,1
STU03456,CSE,2026-02-13,60,09:07:00,09:58:00,1,0,0,20.33,21.9,10.01,0,1,2,0,15.6,0,0,0,69.0,09:56:00,0
STU03457,MECH,2026-02-07,120,09:05:00,10:45:00,1,0,1,8.61,32.76,20.31,0,0,1,1,22.04,0,0,0,36.1,10:44:00,0
STU03458,MECH,2026-02-21,90,10:08:00,11:39:00,0,0,0,24.93,17.15,20.98,0,0,0,0,32.84,0,0,0,39.77,11:37:00,0
STU03459,EEE,2026-03-22,120,14:08:00,16:00:00,3,0,1,44.96,57.24,35.91,0,1,1,2,54.32,0,0,0,15.17,15:58:00,1
STU03460,CIVIL,2026-01-17,90,09:08:00,10:25:00,1,1,0,14.24,21.42,27.09,0,1,1,1,32.39,0,0,0,26.15,10:22:00,0
STU03461,CSE,2026-03-01,90,09:08:00,10:06:00,0,0,0,13.8,34.29,23.81,0,0,0,0,42.94,0,0,0,29.76,10:05:00,0
STU03462,CIVIL,2026-01-11,90,10:09:00,11:08:00,0,0,0,12.24,13.85,30.47,0,1,0,1,11.85,0,0,0,59.21,11:06:00,0
STU03463,ECE,2026-03-24,120,09:00:00,09:42:00,1,0,0,47.62,38.85,50.5,0,1,3,2,54.38,1,1,1,74.56,09:40:00,1
STU03464,DS,2026-02-04,120,10:03:00,10:51:00,1,0,0,25.18,5.79,17.22,0,0,1,1,14.45,0,0,0,54.38,10:51:00,0
STU03465,ECE,2026-03-03,120,09:04:00,10:20:00,3,0,1,42.92,51.06,41.51,0,1,2,2,61.81,0,0,1,19.2,10:18:00,1
STU03466,AIML,2026-01-31,90,09:04:00,10:32:00,3,1,1,68.54,68.57,72.42,4,2,4,3,76.37,2,1,2,84.15,10:31:00,1
STU03467,DS,2026-03-25,90,14:02:00,15:19:00,5,0,0,59.91,63.52,49.97,4,3,9,3,68.69,2,0,0,98.1,15:17:00,1
STU03468,MECH,2026-03-06,90,10:03:00,11:13:00,1,1,0,17.63,28.2,15.73,0,0,0,0,29.85,0,0,0,31.29,11:13:00,0
STU03469,CSE,2026-03-23,60,09:04:00,10:05:00,0,0,0,23.9,28.85,17.71,0,0,2,0,27.25,0,0,0,51.3,10:04:00,0
STU03470,EEE,2026-02-08,90,10:02:00,11:18:00,0,0,0,21.9,15.88,30.76,0,0,0,1,12.25,0,0,0,57.43,11:15:00,0
STU03471,CIVIL,2026-02-12,60,09:04:00,09:38:00,1,0,0,6.52,9.23,33.69,0,1,0,0,43.72,0,0,0,46.18,09:35:00,0
STU03472,IT,2026-03-20,90,09:10:00,10:38:00,3,1,0,42.68,42.98,39.03,0,0,1,2,51.14,0,0,0,41.58,10:35:00,1
STU03473,CIVIL,2026-01-08,60,14:10:00,15:06:00,0,1,1,9.67,34.06,22.87,0,0,2,0,28.5,0,0,0,37.57,15:04:00,0
STU03474,DS,2026-02-21,60,14:04:00,14:50:00,0,1,0,27.99,10.8,10.17,0,1,0,1,18.8,0,0,0,41.86,14:48:00,0
STU03475,CIVIL,2026-02-11,90,10:07:00,10:39:00,0,0,0,8.42,10.16,16.36,0,1,1,1,43.24,0,0,0,25.49,10:38:00,0
STU03476,ECE,2026-02-10,90,14:05:00,15:12:00,1,0,0,28.68,30.8,24.6,0,0,2,0,23.18,0,0,0,61.82,15:12:00,0
STU03477,MECH,2026-01-20,90,10:04:00,11:19:00,3,0,0,23.23,39.53,33.1,1,2,1,1,50.32,0,1,0,72.54,11:17:00,1
STU03478,EEE,2026-01-20,90,14:02:00,14:56:00,1,0,1,5.74,29.62,30.08,0,0,0,1,36.57,0,0,0,55.83,14:54:00,0
STU03479,MECH,2026-02-15,90,10:06:00,10:46:00,1,0,1,26.69,31.84,24.03,0,1,0,1,28.92,0,0,0,68.74,10:45:00,0
STU03480,DS,2026-03-23,120,14:01:00,15:58:00,0,1,0,16.56,19.54,27.73,0,0,2,1,12.08,0,0,0,36.65,15:56:00,0
STU03481,EEE,2026-01-07,60,10:00:00,10:52:00,0,0,0,12.59,32.74,8.04,0,1,1,1,23.98,0,0,0,68.83,10:49:00,0
STU03482,IT,2026-02-03,90,14:01:00,14:56:00,0,0,1,26.48,15.38,27.32,0,1,1,0,6.19,0,0,0,56.35,14:54:00,0
STU03483,MECH,2026-02-14,120,09:10:00,11:02:00,1,0,0,24.61,34.23,15.03,0,0,2,0,37.19,0,0,0,40.96,10:59:00,0
STU03484,CIVIL,2026-01-16,120,14:02:00,15:23:00,1,0,0,26.64,6.64,30.66,0,1,2,1,43.34,0,0,0,36.28,15:23:00,0
STU03485,AIML,2026-02-09,120,10:06:00,11:54:00,7,1,0,62.03,54.82,67.28,1,5,9,3,83.9,1,2,0,80.96,11:51:00,1
STU03486,EEE,2026-03-26,60,10:08:00,10:45:00,0,0,0,10.36,34.71,10.32,0,0,2,1,15.19,0,0,0,61.17,10:45:00,0
STU03487,EEE,2026-01-05,90,10:07:00,11:22:00,0,0,0,17.48,26.0,10.06,0,1,1,0,30.04,0,0,0,37.78,11:22:00,0
STU03488,ECE,2026-02-10,90,09:09:00,10:35:00,1,0,0,7.39,29.23,21.03,0,0,0,1,40.48,0,0,0,48.17,10:32:00,0
STU03489,AIML,2026-03-15,90,10:05:00,10:39:00,2,0,1,29.48,25.48,45.17,1,0,3,2,47.37,0,0,0,73.35,10:36:00,1
STU03490,CIVIL,2026-03-08,60,10:07:00,10:41:00,1,0,0,10.09,20.86,14.63,0,0,2,0,27.74,0,0,0,25.46,10:39:00,0
STU03491,IT,2026-02-07,90,09:03:00,09:33:00,1,0,0,6.72,10.02,24.73,0,0,2,1,5.49,0,0,0,62.83,09:33:00,0
STU03492,DS,2026-01-09,120,14:04:00,15:36:00,3,1,1,41.09,51.85,59.5,3,1,9,1,69.25,2,2,0,23.79,15:36:00,1
STU03493,MECH,2026-03-27,90,09:04:00,09:57:00,1,0,0,19.71,8.73,28.48,0,1,1,0,26.18,0,0,0,27.93,09:54:00,0
STU03494,AIML,2026-03-23,90,10:09:00,11:34:00,1,0,0,44.74,37.54,39.26,1,2,2,0,60.39,1,1,1,58.75,11:34:00,1
STU03495,IT,2026-01-17,60,09:10:00,10:09:00,1,1,0,10.86,30.32,12.18,0,0,0,1,16.9,0,0,0,25.53,10:09:00,0
STU03496,EEE,2026-03-17,60,10:04:00,10:59:00,1,0,0,20.53,20.17,27.86,0,0,2,1,5.56,0,0,0,58.15,10:58:00,0
STU03497,ECE,2026-02-28,120,09:04:00,10:50:00,1,0,1,24.47,31.52,20.42,0,1,2,1,5.47,0,0,0,67.34,10:49:00,0
STU03498,ECE,2026-01-01,120,14:08:00,16:01:00,2,0,0,36.76,43.83,25.93,1,2,4,1,39.4,1,0,0,75.04,15:59:00,1
STU03499,EEE,2026-03-20,120,10:02:00,11:15:00,5,1,1,48.61,54.64,67.93,4,2,8,4,83.49,1,1,2,37.89,11:14:00,1
STU03500,EEE,2026-03-04,60,10:01:00,10:32:00,0,1,0,29.08,10.52,16.67,0,1,0,0,14.91,0,0,0,65.01,10:32:00,0
